work_id,filename,original_split,suggested_split,work_cluster_id,cluster_size,cluster_basis,orientation_proxy,quality_band_proxy,dominant_hue_bin_12_proxy,seed,stratification_limitation
zhx_70781fadb6d33625,IMG20260430102041.png,train,train,precautionary_cluster_0206,1,verified duplicates plus unresolved suspected same-plate/capture pairs (precautionary),portrait,no_flag,0,20260731,"No subject labels; uses orientation, objective quality band, and dominant hue bin proxies only."
zhx_5bc633c6cf1c98ec,IMG20260430102101.png,train,train,precautionary_cluster_0163,1,verified duplicates plus unresolved suspected same-plate/capture pairs (precautionary),portrait,no_flag,0,20260731,"No subject labels; uses orientation, objective quality band, and dominant hue bin proxies only."
zhx_3b730a6aeea71add,IMG20260430102113.png,train,train,precautionary_cluster_0111,1,verified duplicates plus unresolved suspected same-plate/capture pairs (precautionary),portrait,no_flag,0,20260731,"No subject labels; uses orientation, objective quality band, and dominant hue bin proxies only."
zhx_22c7bc1f9a36b00b,IMG20260430102531.png,train,train,precautionary_cluster_0073,1,verified duplicates plus unresolved suspected same-plate/capture pairs (precautionary),portrait,no_flag,0,20260731,"No subject labels; uses orientation, objective quality band, and dominant hue bin proxies only."
zhx_85a0665cca428d11,IMG20260430102609.png,train,train,precautionary_cluster_0237,1,verified duplicates plus unresolved suspected same-plate/capture pairs (precautionary),portrait,no_flag,1,20260731,"No subject labels; uses orientation, objective quality band, and dominant hue bin proxies only."
zhx_bb6e05f723e3b930,IMG20260430102635.png,train,train,precautionary_cluster_0317,1,verified duplicates plus unresolved suspected same-plate/capture pairs (precautionary),landscape,no_flag,0,20260731,"No subject labels; uses orientation, objective quality band, and dominant hue bin proxies only."
zhx_8cd272e96b777aae,IMG20260430102644.png,train,train,precautionary_cluster_0252,1,verified duplicates plus unresolved suspected same-plate/capture pairs (precautionary),landscape,one_flag,0,20260731,"No subject labels; uses orientation, objective quality band, and dominant hue bin proxies only."
zhx_60322eb911656d93,IMG20260430102652.png,train,train,precautionary_cluster_0171,1,verified duplicates plus unresolved suspected same-plate/capture pairs (precautionary),landscape,multiple_flags,1,20260731,"No subject labels; uses orientation, objective quality band, and dominant hue bin proxies only."
zhx_83bf4205682f219f,IMG20260430102834.png,train,train,precautionary_cluster_0233,1,verified duplicates plus unresolved suspected same-plate/capture pairs (precautionary),portrait,no_flag,0,20260731,"No subject labels; uses orientation, objective quality band, and dominant hue bin proxies only."
zhx_6f76935fcff3020b,IMG20260430102843.png,train,train,precautionary_cluster_0201,1,verified duplicates plus unresolved suspected same-plate/capture pairs (precautionary),portrait,no_flag,0,20260731,"No subject labels; uses orientation, objective quality band, and dominant hue bin proxies only."
zhx_e5bf04eb984fe59f,IMG20260430102849.png,train,val,precautionary_cluster_0384,1,verified duplicates plus unresolved suspected same-plate/capture pairs (precautionary),portrait,no_flag,0,20260731,"No subject labels; uses orientation, objective quality band, and dominant hue bin proxies only."
zhx_84bf7a16f6874f06,IMG20260430102902.png,train,test,precautionary_cluster_0234,1,verified duplicates plus unresolved suspected same-plate/capture pairs (precautionary),portrait,no_flag,1,20260731,"No subject labels; uses orientation, objective quality band, and dominant hue bin proxies only."
zhx_2ed466c73be51430,IMG20260430102912.png,train,train,precautionary_cluster_0090,1,verified duplicates plus unresolved suspected same-plate/capture pairs (precautionary),portrait,no_flag,11,20260731,"No subject labels; uses orientation, objective quality band, and dominant hue bin proxies only."
zhx_20c620ed596999a5,IMG20260430102916.png,train,train,precautionary_cluster_0068,1,verified duplicates plus unresolved suspected same-plate/capture pairs (precautionary),portrait,no_flag,0,20260731,"No subject labels; uses orientation, objective quality band, and dominant hue bin proxies only."
zhx_b458589fb9906c8f,IMG20260430102920.png,train,test,precautionary_cluster_0306,1,verified duplicates plus unresolved suspected same-plate/capture pairs (precautionary),portrait,no_flag,11,20260731,"No subject labels; uses orientation, objective quality band, and dominant hue bin proxies only."
zhx_52874347adb8d52a,IMG20260430102938.png,train,val,precautionary_cluster_0146,1,verified duplicates plus unresolved suspected same-plate/capture pairs (precautionary),portrait,no_flag,0,20260731,"No subject labels; uses orientation, objective quality band, and dominant hue bin proxies only."
zhx_b535f976f0e98a10,IMG20260430102942.png,train,train,precautionary_cluster_0308,1,verified duplicates plus unresolved suspected same-plate/capture pairs (precautionary),portrait,no_flag,0,20260731,"No subject labels; uses orientation, objective quality band, and dominant hue bin proxies only."
zhx_caa414e27f51dcfe,IMG20260430103026.png,train,train,precautionary_cluster_0343,1,verified duplicates plus unresolved suspected same-plate/capture pairs (precautionary),portrait,no_flag,0,20260731,"No subject labels; uses orientation, objective quality band, and dominant hue bin proxies only."
zhx_79b2cb3744b8d925,IMG20260430103034.png,train,train,precautionary_cluster_0221,1,verified duplicates plus unresolved suspected same-plate/capture pairs (precautionary),portrait,no_flag,1,20260731,"No subject labels; uses orientation, objective quality band, and dominant hue bin proxies only."
zhx_2c1e6a71f604a26f,IMG20260430103038.png,train,train,precautionary_cluster_0086,1,verified duplicates plus unresolved suspected same-plate/capture pairs (precautionary),portrait,no_flag,11,20260731,"No subject labels; uses orientation, objective quality band, and dominant hue bin proxies only."
zhx_73b81f54c98960fd,IMG20260430103043.png,train,test,precautionary_cluster_0212,1,verified duplicates plus unresolved suspected same-plate/capture pairs (precautionary),square,no_flag,11,20260731,"No subject labels; uses orientation, objective quality band, and dominant hue bin proxies only."
zhx_e661ddfa35e3dfeb,IMG20260430103049.png,train,train,precautionary_cluster_0387,1,verified duplicates plus unresolved suspected same-plate/capture pairs (precautionary),portrait,no_flag,11,20260731,"No subject labels; uses orientation, objective quality band, and dominant hue bin proxies only."
zhx_a8fe4b03e7beddc5,IMG20260430103109.png,train,val,precautionary_cluster_0287,1,verified duplicates plus unresolved suspected same-plate/capture pairs (precautionary),landscape,no_flag,5,20260731,"No subject labels; uses orientation, objective quality band, and dominant hue bin proxies only."
zhx_f49a823e9ce745c3,IMG20260430103113.png,train,test,precautionary_cluster_0414,1,verified duplicates plus unresolved suspected same-plate/capture pairs (precautionary),portrait,no_flag,8,20260731,"No subject labels; uses orientation, objective quality band, and dominant hue bin proxies only."
zhx_f3405bfefa8b50c5,IMG20260430103117.png,train,train,precautionary_cluster_0002,3,verified duplicates plus unresolved suspected same-plate/capture pairs (precautionary),portrait,no_flag,1,20260731,"No subject labels; uses orientation, objective quality band, and dominant hue bin proxies only."
zhx_c6792ae8dbeabf86,IMG20260430103124.png,train,train,precautionary_cluster_0333,1,verified duplicates plus unresolved suspected same-plate/capture pairs (precautionary),portrait,no_flag,1,20260731,"No subject labels; uses orientation, objective quality band, and dominant hue bin proxies only."
zhx_fc07b8e7948bc0cb,IMG20260430103131.png,train,val,precautionary_cluster_0425,1,verified duplicates plus unresolved suspected same-plate/capture pairs (precautionary),portrait,no_flag,0,20260731,"No subject labels; uses orientation, objective quality band, and dominant hue bin proxies only."
zhx_e60b1b56a1a19957,IMG20260430103136.png,train,val,precautionary_cluster_0386,1,verified duplicates plus unresolved suspected same-plate/capture pairs (precautionary),portrait,no_flag,0,20260731,"No subject labels; uses orientation, objective quality band, and dominant hue bin proxies only."
zhx_667aa602e928b652,IMG20260430103149.png,train,train,precautionary_cluster_0016,2,verified duplicates plus unresolved suspected same-plate/capture pairs (precautionary),landscape,no_flag,1,20260731,"No subject labels; uses orientation, objective quality band, and dominant hue bin proxies only."
zhx_85883563207d0203,IMG20260430103246.png,train,val,precautionary_cluster_0236,1,verified duplicates plus unresolved suspected same-plate/capture pairs (precautionary),portrait,no_flag,11,20260731,"No subject labels; uses orientation, objective quality band, and dominant hue bin proxies only."
zhx_1ad267680e158b2e,IMG20260430103253.png,train,train,precautionary_cluster_0062,1,verified duplicates plus unresolved suspected same-plate/capture pairs (precautionary),portrait,no_flag,1,20260731,"No subject labels; uses orientation, objective quality band, and dominant hue bin proxies only."
zhx_e70238694cee2324,IMG20260430103303.png,train,train,precautionary_cluster_0388,1,verified duplicates plus unresolved suspected same-plate/capture pairs (precautionary),portrait,no_flag,1,20260731,"No subject labels; uses orientation, objective quality band, and dominant hue bin proxies only."
zhx_ca288b194da33a72,IMG20260430103326.png,train,train,precautionary_cluster_0342,1,verified duplicates plus unresolved suspected same-plate/capture pairs (precautionary),portrait,no_flag,11,20260731,"No subject labels; uses orientation, objective quality band, and dominant hue bin proxies only."
zhx_d548567e1ec4f57c,IMG20260430103332.png,train,train,precautionary_cluster_0363,1,verified duplicates plus unresolved suspected same-plate/capture pairs (precautionary),landscape,no_flag,11,20260731,"No subject labels; uses orientation, objective quality band, and dominant hue bin proxies only."
zhx_c0e7a605ba0bbfcd,IMG20260430103348.png,train,train,precautionary_cluster_0323,1,verified duplicates plus unresolved suspected same-plate/capture pairs (precautionary),landscape,no_flag,11,20260731,"No subject labels; uses orientation, objective quality band, and dominant hue bin proxies only."
zhx_e887e3ec86e57939,IMG20260430103355.png,train,train,precautionary_cluster_0390,1,verified duplicates plus unresolved suspected same-plate/capture pairs (precautionary),portrait,no_flag,4,20260731,"No subject labels; uses orientation, objective quality band, and dominant hue bin proxies only."
zhx_4f5d9c5ef1dd952f,IMG20260430103401.png,train,train,precautionary_cluster_0140,1,verified duplicates plus unresolved suspected same-plate/capture pairs (precautionary),portrait,no_flag,11,20260731,"No subject labels; uses orientation, objective quality band, and dominant hue bin proxies only."
zhx_1268960c2e58215b,IMG20260430103415.png,train,train,precautionary_cluster_0047,1,verified duplicates plus unresolved suspected same-plate/capture pairs (precautionary),portrait,no_flag,0,20260731,"No subject labels; uses orientation, objective quality band, and dominant hue bin proxies only."
zhx_fbc433c875d27307,IMG20260430103422.png,train,val,precautionary_cluster_0424,1,verified duplicates plus unresolved suspected same-plate/capture pairs (precautionary),portrait,no_flag,11,20260731,"No subject labels; uses orientation, objective quality band, and dominant hue bin proxies only."
zhx_8796f2c7af93b60b,IMG20260430103429.png,train,train,precautionary_cluster_0239,1,verified duplicates plus unresolved suspected same-plate/capture pairs (precautionary),portrait,no_flag,4,20260731,"No subject labels; uses orientation, objective quality band, and dominant hue bin proxies only."
zhx_43358b3b871d246e,IMG20260430103435.png,train,test,precautionary_cluster_0124,1,verified duplicates plus unresolved suspected same-plate/capture pairs (precautionary),portrait,no_flag,11,20260731,"No subject labels; uses orientation, objective quality band, and dominant hue bin proxies only."
zhx_ffe354d11d688558,IMG20260430103444.png,train,train,precautionary_cluster_0430,1,verified duplicates plus unresolved suspected same-plate/capture pairs (precautionary),portrait,no_flag,5,20260731,"No subject labels; uses orientation, objective quality band, and dominant hue bin proxies only."
zhx_d8f412c208b3cdcf,IMG20260430103450.png,train,val,precautionary_cluster_0371,1,verified duplicates plus unresolved suspected same-plate/capture pairs (precautionary),portrait,no_flag,5,20260731,"No subject labels; uses orientation, objective quality band, and dominant hue bin proxies only."
zhx_c72001786d4ee671,IMG20260430103455.png,train,train,precautionary_cluster_0335,1,verified duplicates plus unresolved suspected same-plate/capture pairs (precautionary),portrait,no_flag,11,20260731,"No subject labels; uses orientation, objective quality band, and dominant hue bin proxies only."
zhx_3bb1c612ddf5f436,IMG20260430103508.png,train,train,precautionary_cluster_0112,1,verified duplicates plus unresolved suspected same-plate/capture pairs (precautionary),portrait,no_flag,11,20260731,"No subject labels; uses orientation, objective quality band, and dominant hue bin proxies only."
zhx_560d61a87e44102e,IMG20260430103518.png,train,train,precautionary_cluster_0153,1,verified duplicates plus unresolved suspected same-plate/capture pairs (precautionary),portrait,no_flag,11,20260731,"No subject labels; uses orientation, objective quality band, and dominant hue bin proxies only."
zhx_796308c691d1d9fe,IMG20260430103524.png,train,train,precautionary_cluster_0220,1,verified duplicates plus unresolved suspected same-plate/capture pairs (precautionary),portrait,no_flag,11,20260731,"No subject labels; uses orientation, objective quality band, and dominant hue bin proxies only."
zhx_183e71f0860afb78,IMG20260430103535.png,train,train,precautionary_cluster_0056,1,verified duplicates plus unresolved suspected same-plate/capture pairs (precautionary),portrait,no_flag,8,20260731,"No subject labels; uses orientation, objective quality band, and dominant hue bin proxies only."
zhx_5c4326089591e505,IMG20260430103544.png,train,train,precautionary_cluster_0165,1,verified duplicates plus unresolved suspected same-plate/capture pairs (precautionary),portrait,no_flag,11,20260731,"No subject labels; uses orientation, objective quality band, and dominant hue bin proxies only."
zhx_ad1fac108f4e2b83,IMG20260430103552.png,train,train,precautionary_cluster_0291,1,verified duplicates plus unresolved suspected same-plate/capture pairs (precautionary),portrait,no_flag,1,20260731,"No subject labels; uses orientation, objective quality band, and dominant hue bin proxies only."
zhx_67566150c7d2f2f5,IMG20260430103607.png,train,val,precautionary_cluster_0186,1,verified duplicates plus unresolved suspected same-plate/capture pairs (precautionary),portrait,no_flag,11,20260731,"No subject labels; uses orientation, objective quality band, and dominant hue bin proxies only."
zhx_b115673927e97673,IMG20260430103616.png,train,train,precautionary_cluster_0022,2,verified duplicates plus unresolved suspected same-plate/capture pairs (precautionary),portrait,no_flag,1,20260731,"No subject labels; uses orientation, objective quality band, and dominant hue bin proxies only."
zhx_1321017eaff0be97,IMG20260430103620.png,train,train,precautionary_cluster_0048,1,verified duplicates plus unresolved suspected same-plate/capture pairs (precautionary),portrait,no_flag,11,20260731,"No subject labels; uses orientation, objective quality band, and dominant hue bin proxies only."
zhx_83382717d5473ea9,IMG20260430103627.png,train,train,precautionary_cluster_0231,1,verified duplicates plus unresolved suspected same-plate/capture pairs (precautionary),landscape,no_flag,4,20260731,"No subject labels; uses orientation, objective quality band, and dominant hue bin proxies only."
zhx_22f941867dbb7c10,IMG20260430103631.png,train,train,precautionary_cluster_0074,1,verified duplicates plus unresolved suspected same-plate/capture pairs (precautionary),landscape,no_flag,11,20260731,"No subject labels; uses orientation, objective quality band, and dominant hue bin proxies only."
zhx_9fa17a25744274b1,IMG20260430103637.png,train,train,precautionary_cluster_0273,1,verified duplicates plus unresolved suspected same-plate/capture pairs (precautionary),landscape,no_flag,5,20260731,"No subject labels; uses orientation, objective quality band, and dominant hue bin proxies only."
zhx_46efb4a74c545cf4,IMG20260430103640.png,train,train,precautionary_cluster_0130,1,verified duplicates plus unresolved suspected same-plate/capture pairs (precautionary),landscape,no_flag,1,20260731,"No subject labels; uses orientation, objective quality band, and dominant hue bin proxies only."
zhx_dae871c1389d58c1,IMG20260430103644.png,train,train,precautionary_cluster_0372,1,verified duplicates plus unresolved suspected same-plate/capture pairs (precautionary),landscape,no_flag,11,20260731,"No subject labels; uses orientation, objective quality band, and dominant hue bin proxies only."
zhx_5ed6f5a623eed36d,IMG20260430103656.png,train,test,precautionary_cluster_0168,1,verified duplicates plus unresolved suspected same-plate/capture pairs (precautionary),landscape,no_flag,1,20260731,"No subject labels; uses orientation, objective quality band, and dominant hue bin proxies only."
zhx_59674e632e1c309d,IMG20260430103701.png,train,train,precautionary_cluster_0159,1,verified duplicates plus unresolved suspected same-plate/capture pairs (precautionary),landscape,no_flag,1,20260731,"No subject labels; uses orientation, objective quality band, and dominant hue bin proxies only."
zhx_0425e2029c6d888f,IMG20260430103714.png,train,train,precautionary_cluster_0029,1,verified duplicates plus unresolved suspected same-plate/capture pairs (precautionary),landscape,no_flag,1,20260731,"No subject labels; uses orientation, objective quality band, and dominant hue bin proxies only."
zhx_9b6139052168bf0c,IMG20260430103716.png,train,train,precautionary_cluster_0269,1,verified duplicates plus unresolved suspected same-plate/capture pairs (precautionary),landscape,no_flag,11,20260731,"No subject labels; uses orientation, objective quality band, and dominant hue bin proxies only."
zhx_0192eb327e43806a,IMG20260430103723.png,train,val,precautionary_cluster_0027,1,verified duplicates plus unresolved suspected same-plate/capture pairs (precautionary),landscape,no_flag,11,20260731,"No subject labels; uses orientation, objective quality band, and dominant hue bin proxies only."
zhx_41ce32efbb82daf6,IMG20260430103727.png,train,val,precautionary_cluster_0121,1,verified duplicates plus unresolved suspected same-plate/capture pairs (precautionary),landscape,no_flag,11,20260731,"No subject labels; uses orientation, objective quality band, and dominant hue bin proxies only."
zhx_ec280ee0d347ab97,IMG20260430103732.png,train,train,precautionary_cluster_0398,1,verified duplicates plus unresolved suspected same-plate/capture pairs (precautionary),landscape,no_flag,8,20260731,"No subject labels; uses orientation, objective quality band, and dominant hue bin proxies only."
zhx_1dcf70e5cb62d35a,IMG20260430103734.png,train,train,precautionary_cluster_0066,1,verified duplicates plus unresolved suspected same-plate/capture pairs (precautionary),landscape,no_flag,11,20260731,"No subject labels; uses orientation, objective quality band, and dominant hue bin proxies only."
zhx_2b75e389deb848e9,IMG20260430103740.png,train,train,precautionary_cluster_0085,1,verified duplicates plus unresolved suspected same-plate/capture pairs (precautionary),landscape,no_flag,4,20260731,"No subject labels; uses orientation, objective quality band, and dominant hue bin proxies only."
zhx_a84a7ed75e96871d,IMG20260430103747.png,train,train,precautionary_cluster_0285,1,verified duplicates plus unresolved suspected same-plate/capture pairs (precautionary),landscape,no_flag,11,20260731,"No subject labels; uses orientation, objective quality band, and dominant hue bin proxies only."
zhx_ab84bb54ed01c7f3,IMG20260430103755.png,train,test,precautionary_cluster_0288,1,verified duplicates plus unresolved suspected same-plate/capture pairs (precautionary),landscape,no_flag,5,20260731,"No subject labels; uses orientation, objective quality band, and dominant hue bin proxies only."
zhx_506160daab8edc62,IMG20260430103818.png,train,train,precautionary_cluster_0141,1,verified duplicates plus unresolved suspected same-plate/capture pairs (precautionary),landscape,no_flag,0,20260731,"No subject labels; uses orientation, objective quality band, and dominant hue bin proxies only."
zhx_2cd3de2e80edc04b,IMG20260430103852.png,train,train,precautionary_cluster_0089,1,verified duplicates plus unresolved suspected same-plate/capture pairs (precautionary),portrait,no_flag,1,20260731,"No subject labels; uses orientation, objective quality band, and dominant hue bin proxies only."
zhx_53d366da81dc7151,IMG20260430103956.png,train,train,precautionary_cluster_0148,1,verified duplicates plus unresolved suspected same-plate/capture pairs (precautionary),portrait,no_flag,11,20260731,"No subject labels; uses orientation, objective quality band, and dominant hue bin proxies only."
zhx_82b0a245d1aaa70a,IMG20260430104004.png,train,train,precautionary_cluster_0229,1,verified duplicates plus unresolved suspected same-plate/capture pairs (precautionary),portrait,no_flag,0,20260731,"No subject labels; uses orientation, objective quality band, and dominant hue bin proxies only."
zhx_f33063e54ee7c95d,IMG20260430104057.png,train,train,precautionary_cluster_0410,1,verified duplicates plus unresolved suspected same-plate/capture pairs (precautionary),portrait,no_flag,0,20260731,"No subject labels; uses orientation, objective quality band, and dominant hue bin proxies only."
zhx_9a74ce318a4c814b,IMG20260430104106.png,train,train,precautionary_cluster_0265,1,verified duplicates plus unresolved suspected same-plate/capture pairs (precautionary),portrait,no_flag,0,20260731,"No subject labels; uses orientation, objective quality band, and dominant hue bin proxies only."
zhx_22671e2b058b9a6b,IMG20260430104113.png,train,test,precautionary_cluster_0072,1,verified duplicates plus unresolved suspected same-plate/capture pairs (precautionary),portrait,no_flag,0,20260731,"No subject labels; uses orientation, objective quality band, and dominant hue bin proxies only."
zhx_15cd9f190c7cdff2,IMG20260430104120.png,train,train,precautionary_cluster_0053,1,verified duplicates plus unresolved suspected same-plate/capture pairs (precautionary),portrait,no_flag,0,20260731,"No subject labels; uses orientation, objective quality band, and dominant hue bin proxies only."
zhx_2650880f8b160984,IMG20260430104126.png,train,train,precautionary_cluster_0008,2,verified duplicates plus unresolved suspected same-plate/capture pairs (precautionary),portrait,no_flag,0,20260731,"No subject labels; uses orientation, objective quality band, and dominant hue bin proxies only."
zhx_268f2b4d2110d65a,IMG20260430104126_01.png,train,train,precautionary_cluster_0008,2,verified duplicates plus unresolved suspected same-plate/capture pairs (precautionary),portrait,no_flag,0,20260731,"No subject labels; uses orientation, objective quality band, and dominant hue bin proxies only."
zhx_fb455ff53535249e,IMG20260430104134.png,train,val,precautionary_cluster_0423,1,verified duplicates plus unresolved suspected same-plate/capture pairs (precautionary),portrait,no_flag,0,20260731,"No subject labels; uses orientation, objective quality band, and dominant hue bin proxies only."
zhx_5142ecaebb3199df,IMG20260430104140.png,train,train,precautionary_cluster_0142,1,verified duplicates plus unresolved suspected same-plate/capture pairs (precautionary),portrait,no_flag,0,20260731,"No subject labels; uses orientation, objective quality band, and dominant hue bin proxies only."
zhx_b7f93c31f1722fa7,IMG20260430104153.png,train,train,precautionary_cluster_0312,1,verified duplicates plus unresolved suspected same-plate/capture pairs (precautionary),portrait,no_flag,0,20260731,"No subject labels; uses orientation, objective quality band, and dominant hue bin proxies only."
zhx_d433fc73bf34a467,IMG20260430104200.png,train,train,precautionary_cluster_0361,1,verified duplicates plus unresolved suspected same-plate/capture pairs (precautionary),portrait,no_flag,0,20260731,"No subject labels; uses orientation, objective quality band, and dominant hue bin proxies only."
zhx_9147edfc0d276276,IMG20260430104206.png,train,train,precautionary_cluster_0255,1,verified duplicates plus unresolved suspected same-plate/capture pairs (precautionary),portrait,no_flag,6,20260731,"No subject labels; uses orientation, objective quality band, and dominant hue bin proxies only."
zhx_28b5bbb09d176789,IMG20260430104228.png,train,train,precautionary_cluster_0080,1,verified duplicates plus unresolved suspected same-plate/capture pairs (precautionary),portrait,no_flag,0,20260731,"No subject labels; uses orientation, objective quality band, and dominant hue bin proxies only."
zhx_553633df6372d5c2,IMG20260430104335.png,train,val,precautionary_cluster_0150,1,verified duplicates plus unresolved suspected same-plate/capture pairs (precautionary),portrait,no_flag,0,20260731,"No subject labels; uses orientation, objective quality band, and dominant hue bin proxies only."
zhx_b9ed512a5653e21a,IMG20260430104348.png,train,test,precautionary_cluster_0313,1,verified duplicates plus unresolved suspected same-plate/capture pairs (precautionary),portrait,no_flag,0,20260731,"No subject labels; uses orientation, objective quality band, and dominant hue bin proxies only."
zhx_214fac75c07694b5,IMG20260430104352.png,train,test,precautionary_cluster_0070,1,verified duplicates plus unresolved suspected same-plate/capture pairs (precautionary),portrait,no_flag,0,20260731,"No subject labels; uses orientation, objective quality band, and dominant hue bin proxies only."
zhx_b721e37c17cde424,IMG20260430104403.png,train,train,precautionary_cluster_0311,1,verified duplicates plus unresolved suspected same-plate/capture pairs (precautionary),portrait,no_flag,6,20260731,"No subject labels; uses orientation, objective quality band, and dominant hue bin proxies only."
zhx_322b316f073cd493,IMG20260430104410.png,train,test,precautionary_cluster_0095,1,verified duplicates plus unresolved suspected same-plate/capture pairs (precautionary),portrait,no_flag,6,20260731,"No subject labels; uses orientation, objective quality band, and dominant hue bin proxies only."
zhx_c0fc4a3983b01fb0,IMG20260430104431.png,train,train,precautionary_cluster_0324,1,verified duplicates plus unresolved suspected same-plate/capture pairs (precautionary),portrait,no_flag,7,20260731,"No subject labels; uses orientation, objective quality band, and dominant hue bin proxies only."
zhx_2c5d23001ed3d831,IMG20260430104503.png,train,train,precautionary_cluster_0010,2,verified duplicates plus unresolved suspected same-plate/capture pairs (precautionary),portrait,no_flag,0,20260731,"No subject labels; uses orientation, objective quality band, and dominant hue bin proxies only."
zhx_56e1c0eeec451c2a,IMG20260430104536.png,train,train,precautionary_cluster_0156,1,verified duplicates plus unresolved suspected same-plate/capture pairs (precautionary),portrait,no_flag,0,20260731,"No subject labels; uses orientation, objective quality band, and dominant hue bin proxies only."
zhx_bb0d24eea588bbdf,IMG20260430104544.png,train,train,precautionary_cluster_0316,1,verified duplicates plus unresolved suspected same-plate/capture pairs (precautionary),portrait,no_flag,1,20260731,"No subject labels; uses orientation, objective quality band, and dominant hue bin proxies only."
zhx_554e2e58f3bc45a2,IMG20260430104612.png,train,train,precautionary_cluster_0151,1,verified duplicates plus unresolved suspected same-plate/capture pairs (precautionary),portrait,no_flag,8,20260731,"No subject labels; uses orientation, objective quality band, and dominant hue bin proxies only."
zhx_126351e0590279e4,IMG20260430104620.png,train,train,precautionary_cluster_0046,1,verified duplicates plus unresolved suspected same-plate/capture pairs (precautionary),portrait,no_flag,0,20260731,"No subject labels; uses orientation, objective quality band, and dominant hue bin proxies only."
zhx_b5fa561a35e9cc6b,IMG20260430104624.png,train,train,precautionary_cluster_0309,1,verified duplicates plus unresolved suspected same-plate/capture pairs (precautionary),portrait,no_flag,11,20260731,"No subject labels; uses orientation, objective quality band, and dominant hue bin proxies only."
zhx_ed3b862b3e884af1,IMG20260430104628.png,train,train,precautionary_cluster_0402,1,verified duplicates plus unresolved suspected same-plate/capture pairs (precautionary),portrait,no_flag,11,20260731,"No subject labels; uses orientation, objective quality band, and dominant hue bin proxies only."
zhx_a77eac5ed6da6f0b,IMG20260430104641.png,train,train,precautionary_cluster_0284,1,verified duplicates plus unresolved suspected same-plate/capture pairs (precautionary),portrait,no_flag,0,20260731,"No subject labels; uses orientation, objective quality band, and dominant hue bin proxies only."
zhx_ed764444938b9492,IMG20260430105248.png,train,train,precautionary_cluster_0403,1,verified duplicates plus unresolved suspected same-plate/capture pairs (precautionary),portrait,one_flag,0,20260731,"No subject labels; uses orientation, objective quality band, and dominant hue bin proxies only."
zhx_4478939ddf50041a,IMG20260430105252.png,train,train,precautionary_cluster_0126,1,verified duplicates plus unresolved suspected same-plate/capture pairs (precautionary),portrait,one_flag,0,20260731,"No subject labels; uses orientation, objective quality band, and dominant hue bin proxies only."
zhx_f446909965e31dd9,IMG20260430105404.png,train,test,precautionary_cluster_0412,1,verified duplicates plus unresolved suspected same-plate/capture pairs (precautionary),portrait,no_flag,1,20260731,"No subject labels; uses orientation, objective quality band, and dominant hue bin proxies only."
zhx_35bb401a3fd4ded1,IMG20260430105409.png,train,train,precautionary_cluster_0012,2,verified duplicates plus unresolved suspected same-plate/capture pairs (precautionary),portrait,no_flag,0,20260731,"No subject labels; uses orientation, objective quality band, and dominant hue bin proxies only."
zhx_2e607166d55b3cd3,IMG20260430105411.png,train,train,precautionary_cluster_0011,2,verified duplicates plus unresolved suspected same-plate/capture pairs (precautionary),portrait,no_flag,1,20260731,"No subject labels; uses orientation, objective quality band, and dominant hue bin proxies only."
zhx_abf1bc9ce428cc8d,IMG20260430105424.png,train,train,precautionary_cluster_0290,1,verified duplicates plus unresolved suspected same-plate/capture pairs (precautionary),portrait,no_flag,0,20260731,"No subject labels; uses orientation, objective quality band, and dominant hue bin proxies only."
zhx_6a8982b8936cdde0,IMG20260430105450.png,train,train,precautionary_cluster_0194,1,verified duplicates plus unresolved suspected same-plate/capture pairs (precautionary),portrait,no_flag,0,20260731,"No subject labels; uses orientation, objective quality band, and dominant hue bin proxies only."
zhx_7a957d5a4ca98e18,IMG20260430105501.png,train,train,precautionary_cluster_0222,1,verified duplicates plus unresolved suspected same-plate/capture pairs (precautionary),portrait,no_flag,5,20260731,"No subject labels; uses orientation, objective quality band, and dominant hue bin proxies only."
zhx_67829a66280e672b,IMG20260430105504.png,train,train,precautionary_cluster_0188,1,verified duplicates plus unresolved suspected same-plate/capture pairs (precautionary),portrait,no_flag,6,20260731,"No subject labels; uses orientation, objective quality band, and dominant hue bin proxies only."
zhx_1969b920ae2da282,IMG20260430105506.png,train,test,precautionary_cluster_0059,1,verified duplicates plus unresolved suspected same-plate/capture pairs (precautionary),portrait,no_flag,11,20260731,"No subject labels; uses orientation, objective quality band, and dominant hue bin proxies only."
zhx_eea485672e850d11,IMG20260430105520.png,train,train,precautionary_cluster_0405,1,verified duplicates plus unresolved suspected same-plate/capture pairs (precautionary),portrait,no_flag,11,20260731,"No subject labels; uses orientation, objective quality band, and dominant hue bin proxies only."
zhx_51b1c0025c7da73b,IMG20260430105522.png,train,test,precautionary_cluster_0144,1,verified duplicates plus unresolved suspected same-plate/capture pairs (precautionary),portrait,no_flag,1,20260731,"No subject labels; uses orientation, objective quality band, and dominant hue bin proxies only."
zhx_dfff00d0637db8bd,IMG20260430105526.png,train,train,precautionary_cluster_0378,1,verified duplicates plus unresolved suspected same-plate/capture pairs (precautionary),portrait,no_flag,0,20260731,"No subject labels; uses orientation, objective quality band, and dominant hue bin proxies only."
zhx_1d4c6addefb48a10,IMG20260430105528.png,train,test,precautionary_cluster_0065,1,verified duplicates plus unresolved suspected same-plate/capture pairs (precautionary),portrait,no_flag,5,20260731,"No subject labels; uses orientation, objective quality band, and dominant hue bin proxies only."
zhx_ebb7b2b940c550e1,IMG20260430105531.png,train,train,precautionary_cluster_0022,2,verified duplicates plus unresolved suspected same-plate/capture pairs (precautionary),portrait,no_flag,5,20260731,"No subject labels; uses orientation, objective quality band, and dominant hue bin proxies only."
zhx_1881e88b308be157,IMG20260430105534.png,train,train,precautionary_cluster_0001,6,verified duplicates plus unresolved suspected same-plate/capture pairs (precautionary),portrait,no_flag,1,20260731,"No subject labels; uses orientation, objective quality band, and dominant hue bin proxies only."
zhx_c9a5559acbf7c835,IMG20260430105537.png,train,train,precautionary_cluster_0341,1,verified duplicates plus unresolved suspected same-plate/capture pairs (precautionary),portrait,no_flag,1,20260731,"No subject labels; uses orientation, objective quality band, and dominant hue bin proxies only."
zhx_ea02fb14c35bf1de,IMG20260430105551.png,train,train,precautionary_cluster_0394,1,verified duplicates plus unresolved suspected same-plate/capture pairs (precautionary),portrait,no_flag,0,20260731,"No subject labels; uses orientation, objective quality band, and dominant hue bin proxies only."
zhx_29fc8e1413d988cf,IMG20260430105554.png,train,train,precautionary_cluster_0084,1,verified duplicates plus unresolved suspected same-plate/capture pairs (precautionary),portrait,no_flag,8,20260731,"No subject labels; uses orientation, objective quality band, and dominant hue bin proxies only."
zhx_516ca5a0c3363e00,IMG20260430105600.png,train,train,precautionary_cluster_0143,1,verified duplicates plus unresolved suspected same-plate/capture pairs (precautionary),portrait,no_flag,5,20260731,"No subject labels; uses orientation, objective quality band, and dominant hue bin proxies only."
zhx_48b6a38b0a6376a6,IMG20260430105603.png,train,train,precautionary_cluster_0133,1,verified duplicates plus unresolved suspected same-plate/capture pairs (precautionary),portrait,no_flag,0,20260731,"No subject labels; uses orientation, objective quality band, and dominant hue bin proxies only."
zhx_8b206c0cc4675d21,IMG20260430105607.png,train,train,precautionary_cluster_0248,1,verified duplicates plus unresolved suspected same-plate/capture pairs (precautionary),portrait,no_flag,1,20260731,"No subject labels; uses orientation, objective quality band, and dominant hue bin proxies only."
zhx_68a421b4caa5e435,IMG20260430105614.png,train,train,precautionary_cluster_0190,1,verified duplicates plus unresolved suspected same-plate/capture pairs (precautionary),portrait,no_flag,1,20260731,"No subject labels; uses orientation, objective quality band, and dominant hue bin proxies only."
zhx_38223fec8f10afdf,IMG20260430105617.png,train,train,precautionary_cluster_0105,1,verified duplicates plus unresolved suspected same-plate/capture pairs (precautionary),portrait,no_flag,0,20260731,"No subject labels; uses orientation, objective quality band, and dominant hue bin proxies only."
zhx_7c1b798892c6855d,IMG20260430105621.png,train,train,precautionary_cluster_0015,2,verified duplicates plus unresolved suspected same-plate/capture pairs (precautionary),portrait,no_flag,1,20260731,"No subject labels; uses orientation, objective quality band, and dominant hue bin proxies only."
zhx_d11aec59038458c6,IMG20260430105626.png,train,train,precautionary_cluster_0001,6,verified duplicates plus unresolved suspected same-plate/capture pairs (precautionary),portrait,no_flag,1,20260731,"No subject labels; uses orientation, objective quality band, and dominant hue bin proxies only."
zhx_c3f5e7408b270cfd,IMG20260430105631.png,train,train,precautionary_cluster_0328,1,verified duplicates plus unresolved suspected same-plate/capture pairs (precautionary),landscape,no_flag,5,20260731,"No subject labels; uses orientation, objective quality band, and dominant hue bin proxies only."
zhx_77218c80c4fbbd4b,IMG20260430105643.png,train,train,precautionary_cluster_0217,1,verified duplicates plus unresolved suspected same-plate/capture pairs (precautionary),portrait,no_flag,0,20260731,"No subject labels; uses orientation, objective quality band, and dominant hue bin proxies only."
zhx_b38eb3d547524813,IMG20260430105650.png,train,train,precautionary_cluster_0019,2,verified duplicates plus unresolved suspected same-plate/capture pairs (precautionary),portrait,no_flag,5,20260731,"No subject labels; uses orientation, objective quality band, and dominant hue bin proxies only."
zhx_5b0b68be0d8cf13c,IMG20260430105731.png,train,val,precautionary_cluster_0161,1,verified duplicates plus unresolved suspected same-plate/capture pairs (precautionary),portrait,no_flag,1,20260731,"No subject labels; uses orientation, objective quality band, and dominant hue bin proxies only."
zhx_b6dfbe4d06c58f25,IMG20260430105734.png,train,train,precautionary_cluster_0310,1,verified duplicates plus unresolved suspected same-plate/capture pairs (precautionary),portrait,no_flag,8,20260731,"No subject labels; uses orientation, objective quality band, and dominant hue bin proxies only."
zhx_df00e0e18d4c6b6d,IMG20260430105739.png,train,train,precautionary_cluster_0376,1,verified duplicates plus unresolved suspected same-plate/capture pairs (precautionary),portrait,no_flag,0,20260731,"No subject labels; uses orientation, objective quality band, and dominant hue bin proxies only."
zhx_89c4f6a4d1f48c4f,IMG20260430105743.png,train,train,precautionary_cluster_0012,2,verified duplicates plus unresolved suspected same-plate/capture pairs (precautionary),portrait,no_flag,1,20260731,"No subject labels; uses orientation, objective quality band, and dominant hue bin proxies only."
zhx_edda6a5e83ce3532,IMG20260430105745.png,train,train,precautionary_cluster_0011,2,verified duplicates plus unresolved suspected same-plate/capture pairs (precautionary),portrait,no_flag,8,20260731,"No subject labels; uses orientation, objective quality band, and dominant hue bin proxies only."
zhx_54647ca8a4746a15,IMG20260430105750.png,train,train,precautionary_cluster_0149,1,verified duplicates plus unresolved suspected same-plate/capture pairs (precautionary),portrait,no_flag,0,20260731,"No subject labels; uses orientation, objective quality band, and dominant hue bin proxies only."
zhx_157dec77f3beca81,IMG20260430105753.png,train,train,precautionary_cluster_0052,1,verified duplicates plus unresolved suspected same-plate/capture pairs (precautionary),portrait,no_flag,0,20260731,"No subject labels; uses orientation, objective quality band, and dominant hue bin proxies only."
zhx_3f259822546e23d4,IMG20260430105757.png,train,train,precautionary_cluster_0117,1,verified duplicates plus unresolved suspected same-plate/capture pairs (precautionary),portrait,no_flag,0,20260731,"No subject labels; uses orientation, objective quality band, and dominant hue bin proxies only."
zhx_5a75e24a68610ba2,IMG20260430105805.png,train,train,precautionary_cluster_0160,1,verified duplicates plus unresolved suspected same-plate/capture pairs (precautionary),portrait,no_flag,0,20260731,"No subject labels; uses orientation, objective quality band, and dominant hue bin proxies only."
zhx_616248d6a8603363,IMG20260430105807.png,train,train,precautionary_cluster_0177,1,verified duplicates plus unresolved suspected same-plate/capture pairs (precautionary),portrait,no_flag,0,20260731,"No subject labels; uses orientation, objective quality band, and dominant hue bin proxies only."
zhx_61326dff4aeabea5,IMG20260430105816.png,train,train,precautionary_cluster_0176,1,verified duplicates plus unresolved suspected same-plate/capture pairs (precautionary),landscape,no_flag,11,20260731,"No subject labels; uses orientation, objective quality band, and dominant hue bin proxies only."
zhx_e0ae31666a1b4243,IMG20260430105820.png,train,val,precautionary_cluster_0380,1,verified duplicates plus unresolved suspected same-plate/capture pairs (precautionary),landscape,no_flag,0,20260731,"No subject labels; uses orientation, objective quality band, and dominant hue bin proxies only."
zhx_149242bc9fb8fbee,IMG20260430105827.png,train,train,precautionary_cluster_0049,1,verified duplicates plus unresolved suspected same-plate/capture pairs (precautionary),landscape,no_flag,0,20260731,"No subject labels; uses orientation, objective quality band, and dominant hue bin proxies only."
zhx_6e396c926365bf70,IMG20260430105832.png,train,train,precautionary_cluster_0199,1,verified duplicates plus unresolved suspected same-plate/capture pairs (precautionary),portrait,no_flag,11,20260731,"No subject labels; uses orientation, objective quality band, and dominant hue bin proxies only."
zhx_3d0e92f38a27f558,IMG20260430105836.png,train,train,precautionary_cluster_0113,1,verified duplicates plus unresolved suspected same-plate/capture pairs (precautionary),portrait,no_flag,1,20260731,"No subject labels; uses orientation, objective quality band, and dominant hue bin proxies only."
zhx_f4c50a0f1238ac34,IMG20260430105840.png,train,train,precautionary_cluster_0416,1,verified duplicates plus unresolved suspected same-plate/capture pairs (precautionary),landscape,no_flag,0,20260731,"No subject labels; uses orientation, objective quality band, and dominant hue bin proxies only."
zhx_831e8adedc016130,IMG20260430105847.png,train,test,precautionary_cluster_0230,1,verified duplicates plus unresolved suspected same-plate/capture pairs (precautionary),portrait,no_flag,11,20260731,"No subject labels; uses orientation, objective quality band, and dominant hue bin proxies only."
zhx_99f64ef41a97e7db,IMG20260430105853.png,train,train,precautionary_cluster_0264,1,verified duplicates plus unresolved suspected same-plate/capture pairs (precautionary),portrait,no_flag,0,20260731,"No subject labels; uses orientation, objective quality band, and dominant hue bin proxies only."
zhx_1b51bf1117d69d20,IMG20260430105856.png,train,train,precautionary_cluster_0064,1,verified duplicates plus unresolved suspected same-plate/capture pairs (precautionary),portrait,no_flag,0,20260731,"No subject labels; uses orientation, objective quality band, and dominant hue bin proxies only."
zhx_a53b4257f74a80c5,IMG20260430105901.png,train,train,precautionary_cluster_0278,1,verified duplicates plus unresolved suspected same-plate/capture pairs (precautionary),portrait,no_flag,1,20260731,"No subject labels; uses orientation, objective quality band, and dominant hue bin proxies only."
zhx_890da434d8dfb85b,IMG20260430105904.png,train,test,precautionary_cluster_0245,1,verified duplicates plus unresolved suspected same-plate/capture pairs (precautionary),portrait,no_flag,1,20260731,"No subject labels; uses orientation, objective quality band, and dominant hue bin proxies only."
zhx_cdaa14db2553996c,IMG20260430105909.png,train,train,precautionary_cluster_0350,1,verified duplicates plus unresolved suspected same-plate/capture pairs (precautionary),portrait,no_flag,1,20260731,"No subject labels; uses orientation, objective quality band, and dominant hue bin proxies only."
zhx_776ea5f0a36635fd,IMG20260430105912.png,train,train,precautionary_cluster_0218,1,verified duplicates plus unresolved suspected same-plate/capture pairs (precautionary),portrait,no_flag,0,20260731,"No subject labels; uses orientation, objective quality band, and dominant hue bin proxies only."
zhx_76eea9584caa4a1b,IMG20260430105918.png,train,train,precautionary_cluster_0216,1,verified duplicates plus unresolved suspected same-plate/capture pairs (precautionary),portrait,no_flag,0,20260731,"No subject labels; uses orientation, objective quality band, and dominant hue bin proxies only."
zhx_558840a45dabe46e,IMG20260430105920.png,train,val,precautionary_cluster_0152,1,verified duplicates plus unresolved suspected same-plate/capture pairs (precautionary),portrait,no_flag,0,20260731,"No subject labels; uses orientation, objective quality band, and dominant hue bin proxies only."
zhx_ff78e8c723309b82,IMG20260430105924.png,train,val,precautionary_cluster_0429,1,verified duplicates plus unresolved suspected same-plate/capture pairs (precautionary),landscape,no_flag,0,20260731,"No subject labels; uses orientation, objective quality band, and dominant hue bin proxies only."
zhx_6dd122b4f835a0b4,IMG20260430110016.png,train,train,precautionary_cluster_0197,1,verified duplicates plus unresolved suspected same-plate/capture pairs (precautionary),portrait,multiple_flags,0,20260731,"No subject labels; uses orientation, objective quality band, and dominant hue bin proxies only."
zhx_104f80b651a1e512,IMG20260430110034.png,train,train,precautionary_cluster_0043,1,verified duplicates plus unresolved suspected same-plate/capture pairs (precautionary),portrait,multiple_flags,0,20260731,"No subject labels; uses orientation, objective quality band, and dominant hue bin proxies only."
zhx_6194a58e26148721,IMG20260430110155.png,train,val,precautionary_cluster_0178,1,verified duplicates plus unresolved suspected same-plate/capture pairs (precautionary),portrait,no_flag,1,20260731,"No subject labels; uses orientation, objective quality band, and dominant hue bin proxies only."
zhx_b0a2ef612e554b8e,IMG20260430110159.png,train,train,precautionary_cluster_0299,1,verified duplicates plus unresolved suspected same-plate/capture pairs (precautionary),portrait,no_flag,0,20260731,"No subject labels; uses orientation, objective quality band, and dominant hue bin proxies only."
zhx_457a2d55dc8252f0,IMG20260430110202.png,train,val,precautionary_cluster_0128,1,verified duplicates plus unresolved suspected same-plate/capture pairs (precautionary),portrait,no_flag,6,20260731,"No subject labels; uses orientation, objective quality band, and dominant hue bin proxies only."
zhx_fe6584b7b2f6681c,IMG20260430110206.png,train,train,precautionary_cluster_0428,1,verified duplicates plus unresolved suspected same-plate/capture pairs (precautionary),portrait,no_flag,7,20260731,"No subject labels; uses orientation, objective quality band, and dominant hue bin proxies only."
zhx_9321443e4e9fe6fd,IMG20260430110330.png,train,train,precautionary_cluster_0258,1,verified duplicates plus unresolved suspected same-plate/capture pairs (precautionary),portrait,no_flag,1,20260731,"No subject labels; uses orientation, objective quality band, and dominant hue bin proxies only."
zhx_810bf4f3cdba4b45,IMG20260430110345.png,train,train,precautionary_cluster_0227,1,verified duplicates plus unresolved suspected same-plate/capture pairs (precautionary),portrait,no_flag,11,20260731,"No subject labels; uses orientation, objective quality band, and dominant hue bin proxies only."
zhx_37cc51aed7881d1f,IMG20260430110350.png,train,test,precautionary_cluster_0103,1,verified duplicates plus unresolved suspected same-plate/capture pairs (precautionary),landscape,no_flag,7,20260731,"No subject labels; uses orientation, objective quality band, and dominant hue bin proxies only."
zhx_60b621b1b66865e7,IMG20260430110558.png,train,train,precautionary_cluster_0173,1,verified duplicates plus unresolved suspected same-plate/capture pairs (precautionary),portrait,no_flag,1,20260731,"No subject labels; uses orientation, objective quality band, and dominant hue bin proxies only."
zhx_d5a172d8526772b0,IMG20260430110605.png,train,train,precautionary_cluster_0365,1,verified duplicates plus unresolved suspected same-plate/capture pairs (precautionary),landscape,no_flag,11,20260731,"No subject labels; uses orientation, objective quality band, and dominant hue bin proxies only."
zhx_47e6cf986cf0903d,IMG20260430111100.png,train,train,precautionary_cluster_0132,1,verified duplicates plus unresolved suspected same-plate/capture pairs (precautionary),portrait,no_flag,7,20260731,"No subject labels; uses orientation, objective quality band, and dominant hue bin proxies only."
zhx_a2728eda6cf2a8dc,IMG20260430111429.png,train,train,precautionary_cluster_0276,1,verified duplicates plus unresolved suspected same-plate/capture pairs (precautionary),landscape,no_flag,0,20260731,"No subject labels; uses orientation, objective quality band, and dominant hue bin proxies only."
zhx_08268f7ab94da198,IMG20260430113105.png,train,test,precautionary_cluster_0033,1,verified duplicates plus unresolved suspected same-plate/capture pairs (precautionary),portrait,no_flag,0,20260731,"No subject labels; uses orientation, objective quality band, and dominant hue bin proxies only."
zhx_5669267bb339953a,IMG20260430113649.png,train,train,precautionary_cluster_0154,1,verified duplicates plus unresolved suspected same-plate/capture pairs (precautionary),portrait,no_flag,0,20260731,"No subject labels; uses orientation, objective quality band, and dominant hue bin proxies only."
zhx_d58377b12b701d61,IMG20260430113726.png,train,train,precautionary_cluster_0010,2,verified duplicates plus unresolved suspected same-plate/capture pairs (precautionary),portrait,no_flag,0,20260731,"No subject labels; uses orientation, objective quality band, and dominant hue bin proxies only."
zhx_3e334d365afdbdb6,IMG20260430114855.png,train,train,precautionary_cluster_0116,1,verified duplicates plus unresolved suspected same-plate/capture pairs (precautionary),portrait,no_flag,0,20260731,"No subject labels; uses orientation, objective quality band, and dominant hue bin proxies only."
zhx_05f6f0a58102ad6e,IMG20260430114859.png,train,train,precautionary_cluster_0031,1,verified duplicates plus unresolved suspected same-plate/capture pairs (precautionary),portrait,no_flag,0,20260731,"No subject labels; uses orientation, objective quality band, and dominant hue bin proxies only."
zhx_62accf66a5669289,IMG20260430114907.png,train,train,precautionary_cluster_0179,1,verified duplicates plus unresolved suspected same-plate/capture pairs (precautionary),portrait,no_flag,0,20260731,"No subject labels; uses orientation, objective quality band, and dominant hue bin proxies only."
zhx_5b0b6b6ecc2c82e7,IMG20260430115023.png,train,train,precautionary_cluster_0162,1,verified duplicates plus unresolved suspected same-plate/capture pairs (precautionary),portrait,no_flag,11,20260731,"No subject labels; uses orientation, objective quality band, and dominant hue bin proxies only."
zhx_6ff19a47e2ed66d2,IMG20260430115143.png,train,train,precautionary_cluster_0204,1,verified duplicates plus unresolved suspected same-plate/capture pairs (precautionary),portrait,no_flag,0,20260731,"No subject labels; uses orientation, objective quality band, and dominant hue bin proxies only."
zhx_08ba5a0cae919094,IMG20260430115151.png,train,train,precautionary_cluster_0034,1,verified duplicates plus unresolved suspected same-plate/capture pairs (precautionary),landscape,no_flag,0,20260731,"No subject labels; uses orientation, objective quality band, and dominant hue bin proxies only."
zhx_97ce08fb998bbddb,IMG20260430115252.png,train,train,precautionary_cluster_0261,1,verified duplicates plus unresolved suspected same-plate/capture pairs (precautionary),landscape,no_flag,0,20260731,"No subject labels; uses orientation, objective quality band, and dominant hue bin proxies only."
zhx_31e2e1d942c870ea,IMG20260430115303.png,train,val,precautionary_cluster_0093,1,verified duplicates plus unresolved suspected same-plate/capture pairs (precautionary),landscape,multiple_flags,1,20260731,"No subject labels; uses orientation, objective quality band, and dominant hue bin proxies only."
zhx_0eec8c63a2c7716c,IMG20260430115335.png,train,train,precautionary_cluster_0040,1,verified duplicates plus unresolved suspected same-plate/capture pairs (precautionary),square,no_flag,11,20260731,"No subject labels; uses orientation, objective quality band, and dominant hue bin proxies only."
zhx_b239ed2623062d57,IMG20260430115345.png,train,train,precautionary_cluster_0301,1,verified duplicates plus unresolved suspected same-plate/capture pairs (precautionary),landscape,no_flag,0,20260731,"No subject labels; uses orientation, objective quality band, and dominant hue bin proxies only."
zhx_b3a18959f73d4056,IMG20260430115501.png,train,train,precautionary_cluster_0305,1,verified duplicates plus unresolved suspected same-plate/capture pairs (precautionary),portrait,no_flag,0,20260731,"No subject labels; uses orientation, objective quality band, and dominant hue bin proxies only."
zhx_7ad46fe351742234,IMG20260430115516.png,train,train,precautionary_cluster_0223,1,verified duplicates plus unresolved suspected same-plate/capture pairs (precautionary),portrait,no_flag,0,20260731,"No subject labels; uses orientation, objective quality band, and dominant hue bin proxies only."
zhx_a5270c8c38e973ae,IMG20260430115621.png,train,train,precautionary_cluster_0277,1,verified duplicates plus unresolved suspected same-plate/capture pairs (precautionary),portrait,no_flag,1,20260731,"No subject labels; uses orientation, objective quality band, and dominant hue bin proxies only."
zhx_ec4d335965861dd9,IMG20260430115704.png,train,train,precautionary_cluster_0399,1,verified duplicates plus unresolved suspected same-plate/capture pairs (precautionary),portrait,no_flag,1,20260731,"No subject labels; uses orientation, objective quality band, and dominant hue bin proxies only."
zhx_664d88e30411ddb3,IMG20260430115708.png,train,val,precautionary_cluster_0184,1,verified duplicates plus unresolved suspected same-plate/capture pairs (precautionary),portrait,no_flag,11,20260731,"No subject labels; uses orientation, objective quality band, and dominant hue bin proxies only."
zhx_57594ef623ebde70,IMG20260430115716.png,train,train,precautionary_cluster_0157,1,verified duplicates plus unresolved suspected same-plate/capture pairs (precautionary),portrait,no_flag,0,20260731,"No subject labels; uses orientation, objective quality band, and dominant hue bin proxies only."
zhx_5c5167d75f80fbf1,IMG20260430115751.png,train,test,precautionary_cluster_0166,1,verified duplicates plus unresolved suspected same-plate/capture pairs (precautionary),portrait,no_flag,0,20260731,"No subject labels; uses orientation, objective quality band, and dominant hue bin proxies only."
zhx_1efa0e05f576817f,IMG20260430115856.png,train,train,precautionary_cluster_0067,1,verified duplicates plus unresolved suspected same-plate/capture pairs (precautionary),portrait,no_flag,1,20260731,"No subject labels; uses orientation, objective quality band, and dominant hue bin proxies only."
zhx_06324534b2676c13,IMG20260430115858.png,train,train,precautionary_cluster_0032,1,verified duplicates plus unresolved suspected same-plate/capture pairs (precautionary),portrait,no_flag,0,20260731,"No subject labels; uses orientation, objective quality band, and dominant hue bin proxies only."
zhx_332ccc20e734e21c,IMG20260430120006.png,train,train,precautionary_cluster_0096,1,verified duplicates plus unresolved suspected same-plate/capture pairs (precautionary),portrait,no_flag,11,20260731,"No subject labels; uses orientation, objective quality band, and dominant hue bin proxies only."
zhx_af566ce94c35f1c0,IMG20260430120012.png,train,train,precautionary_cluster_0296,1,verified duplicates plus unresolved suspected same-plate/capture pairs (precautionary),portrait,no_flag,11,20260731,"No subject labels; uses orientation, objective quality band, and dominant hue bin proxies only."
zhx_6b5acd93aeeed27a,IMG20260430120015.png,train,val,precautionary_cluster_0196,1,verified duplicates plus unresolved suspected same-plate/capture pairs (precautionary),portrait,no_flag,0,20260731,"No subject labels; uses orientation, objective quality band, and dominant hue bin proxies only."
zhx_318bb84a6ee7729b,IMG20260430120035.png,train,train,precautionary_cluster_0092,1,verified duplicates plus unresolved suspected same-plate/capture pairs (precautionary),portrait,no_flag,11,20260731,"No subject labels; uses orientation, objective quality band, and dominant hue bin proxies only."
zhx_4ad262fda0469d0e,IMG20260430120039.png,train,train,precautionary_cluster_0136,1,verified duplicates plus unresolved suspected same-plate/capture pairs (precautionary),portrait,no_flag,11,20260731,"No subject labels; uses orientation, objective quality band, and dominant hue bin proxies only."
zhx_f9e654c018580777,IMG20260430120044.png,train,train,precautionary_cluster_0422,1,verified duplicates plus unresolved suspected same-plate/capture pairs (precautionary),square,no_flag,11,20260731,"No subject labels; uses orientation, objective quality band, and dominant hue bin proxies only."
zhx_9b12f2b8d0e6a71a,IMG20260430120107.png,train,val,precautionary_cluster_0266,1,verified duplicates plus unresolved suspected same-plate/capture pairs (precautionary),landscape,no_flag,0,20260731,"No subject labels; uses orientation, objective quality band, and dominant hue bin proxies only."
zhx_472c1b41e9190dd3,IMG20260430120306.png,train,train,precautionary_cluster_0131,1,verified duplicates plus unresolved suspected same-plate/capture pairs (precautionary),portrait,no_flag,8,20260731,"No subject labels; uses orientation, objective quality band, and dominant hue bin proxies only."
zhx_c79f20ca8c070323,IMG20260430120345.png,train,val,precautionary_cluster_0336,1,verified duplicates plus unresolved suspected same-plate/capture pairs (precautionary),portrait,no_flag,0,20260731,"No subject labels; uses orientation, objective quality band, and dominant hue bin proxies only."
zhx_689e5937a18669c3,IMG20260430144004.png,train,train,precautionary_cluster_0189,1,verified duplicates plus unresolved suspected same-plate/capture pairs (precautionary),portrait,no_flag,1,20260731,"No subject labels; uses orientation, objective quality band, and dominant hue bin proxies only."
zhx_6fa6eb01bc50a187,IMG20260430144325.png,train,train,precautionary_cluster_0203,1,verified duplicates plus unresolved suspected same-plate/capture pairs (precautionary),portrait,no_flag,0,20260731,"No subject labels; uses orientation, objective quality band, and dominant hue bin proxies only."
zhx_ce660de62fa4d670,IMG20260430144334.png,train,train,precautionary_cluster_0351,1,verified duplicates plus unresolved suspected same-plate/capture pairs (precautionary),portrait,no_flag,6,20260731,"No subject labels; uses orientation, objective quality band, and dominant hue bin proxies only."
zhx_70d539e390895b41,IMG20260430144339.png,train,train,precautionary_cluster_0208,1,verified duplicates plus unresolved suspected same-plate/capture pairs (precautionary),landscape,no_flag,1,20260731,"No subject labels; uses orientation, objective quality band, and dominant hue bin proxies only."
zhx_38ae7c5e169024a8,IMG20260430144351.png,train,train,precautionary_cluster_0106,1,verified duplicates plus unresolved suspected same-plate/capture pairs (precautionary),portrait,no_flag,0,20260731,"No subject labels; uses orientation, objective quality band, and dominant hue bin proxies only."
zhx_8c765b4790f2473e,IMG20260430144437.png,train,test,precautionary_cluster_0251,1,verified duplicates plus unresolved suspected same-plate/capture pairs (precautionary),portrait,no_flag,1,20260731,"No subject labels; uses orientation, objective quality band, and dominant hue bin proxies only."
zhx_eec280ab1f090c7c,IMG20260430144439.png,train,train,precautionary_cluster_0406,1,verified duplicates plus unresolved suspected same-plate/capture pairs (precautionary),portrait,no_flag,6,20260731,"No subject labels; uses orientation, objective quality band, and dominant hue bin proxies only."
zhx_8b35b2b86f332d58,IMG20260430144523.png,train,train,precautionary_cluster_0249,1,verified duplicates plus unresolved suspected same-plate/capture pairs (precautionary),portrait,no_flag,0,20260731,"No subject labels; uses orientation, objective quality band, and dominant hue bin proxies only."
zhx_17e379a5b1aa43e4,IMG20260430144527.png,train,train,precautionary_cluster_0055,1,verified duplicates plus unresolved suspected same-plate/capture pairs (precautionary),portrait,no_flag,1,20260731,"No subject labels; uses orientation, objective quality band, and dominant hue bin proxies only."
zhx_7502ac0d9cbd76d9,IMG20260430144845.png,train,train,precautionary_cluster_0215,1,verified duplicates plus unresolved suspected same-plate/capture pairs (precautionary),landscape,one_flag,1,20260731,"No subject labels; uses orientation, objective quality band, and dominant hue bin proxies only."
zhx_654e5b09c63af8a0,IMG20260430144849.png,train,train,precautionary_cluster_0181,1,verified duplicates plus unresolved suspected same-plate/capture pairs (precautionary),landscape,no_flag,1,20260731,"No subject labels; uses orientation, objective quality band, and dominant hue bin proxies only."
zhx_01f60aa947b9a7fd,IMG20260430144917.png,train,train,precautionary_cluster_0003,2,verified duplicates plus unresolved suspected same-plate/capture pairs (precautionary),landscape,no_flag,0,20260731,"No subject labels; uses orientation, objective quality band, and dominant hue bin proxies only."
zhx_a26fdfb46a0a90b4,IMG20260430144919.png,train,train,precautionary_cluster_0275,1,verified duplicates plus unresolved suspected same-plate/capture pairs (precautionary),landscape,no_flag,0,20260731,"No subject labels; uses orientation, objective quality band, and dominant hue bin proxies only."
zhx_343429e0b17ad453,IMG20260430144930.png,train,val,precautionary_cluster_0100,1,verified duplicates plus unresolved suspected same-plate/capture pairs (precautionary),landscape,no_flag,1,20260731,"No subject labels; uses orientation, objective quality band, and dominant hue bin proxies only."
zhx_749e197cfd98b990,IMG20260430144934.png,train,train,precautionary_cluster_0213,1,verified duplicates plus unresolved suspected same-plate/capture pairs (precautionary),landscape,no_flag,0,20260731,"No subject labels; uses orientation, objective quality band, and dominant hue bin proxies only."
zhx_7e65383758f408b8,IMG20260430144938.png,train,test,precautionary_cluster_0226,1,verified duplicates plus unresolved suspected same-plate/capture pairs (precautionary),landscape,no_flag,0,20260731,"No subject labels; uses orientation, objective quality band, and dominant hue bin proxies only."
zhx_1ac9ad012fbedaca,IMG20260430144940.png,train,train,precautionary_cluster_0061,1,verified duplicates plus unresolved suspected same-plate/capture pairs (precautionary),landscape,no_flag,0,20260731,"No subject labels; uses orientation, objective quality band, and dominant hue bin proxies only."
zhx_0e4acfc4810bf4fc,IMG20260430144942.png,train,train,precautionary_cluster_0039,1,verified duplicates plus unresolved suspected same-plate/capture pairs (precautionary),landscape,one_flag,0,20260731,"No subject labels; uses orientation, objective quality band, and dominant hue bin proxies only."
zhx_e5fd6ebd4d41be2b,IMG20260430144949.png,train,train,precautionary_cluster_0385,1,verified duplicates plus unresolved suspected same-plate/capture pairs (precautionary),landscape,no_flag,6,20260731,"No subject labels; uses orientation, objective quality band, and dominant hue bin proxies only."
zhx_df5de6b1e6d1af91,IMG20260430144951.png,train,train,precautionary_cluster_0377,1,verified duplicates plus unresolved suspected same-plate/capture pairs (precautionary),landscape,no_flag,5,20260731,"No subject labels; uses orientation, objective quality band, and dominant hue bin proxies only."
zhx_6a976447b6fa66b2,IMG20260430144953.png,train,train,precautionary_cluster_0195,1,verified duplicates plus unresolved suspected same-plate/capture pairs (precautionary),landscape,one_flag,7,20260731,"No subject labels; uses orientation, objective quality band, and dominant hue bin proxies only."
zhx_79456d48f3e50fb4,IMG20260430144955.png,train,train,precautionary_cluster_0219,1,verified duplicates plus unresolved suspected same-plate/capture pairs (precautionary),landscape,no_flag,1,20260731,"No subject labels; uses orientation, objective quality band, and dominant hue bin proxies only."
zhx_f53592af31e3660d,IMG20260430144959.png,train,train,precautionary_cluster_0417,1,verified duplicates plus unresolved suspected same-plate/capture pairs (precautionary),landscape,no_flag,0,20260731,"No subject labels; uses orientation, objective quality band, and dominant hue bin proxies only."
zhx_d040c387d311cb7b,IMG20260430145002.png,train,train,precautionary_cluster_0356,1,verified duplicates plus unresolved suspected same-plate/capture pairs (precautionary),landscape,no_flag,7,20260731,"No subject labels; uses orientation, objective quality band, and dominant hue bin proxies only."
zhx_41ebcc3486f3972e,IMG20260430145004.png,train,train,precautionary_cluster_0122,1,verified duplicates plus unresolved suspected same-plate/capture pairs (precautionary),landscape,no_flag,0,20260731,"No subject labels; uses orientation, objective quality band, and dominant hue bin proxies only."
zhx_71d3e1024bcc6ea2,IMG20260430145007.png,train,train,precautionary_cluster_0211,1,verified duplicates plus unresolved suspected same-plate/capture pairs (precautionary),landscape,no_flag,5,20260731,"No subject labels; uses orientation, objective quality band, and dominant hue bin proxies only."
zhx_f3b536e2b9d2e616,IMG20260430145020.png,train,train,precautionary_cluster_0411,1,verified duplicates plus unresolved suspected same-plate/capture pairs (precautionary),landscape,no_flag,0,20260731,"No subject labels; uses orientation, objective quality band, and dominant hue bin proxies only."
zhx_f681b5fc863a6337,IMG20260430145554.png,train,train,precautionary_cluster_0418,1,verified duplicates plus unresolved suspected same-plate/capture pairs (precautionary),portrait,no_flag,0,20260731,"No subject labels; uses orientation, objective quality band, and dominant hue bin proxies only."
zhx_3210dd1141a973b2,IMG20260430145848.png,train,train,precautionary_cluster_0094,1,verified duplicates plus unresolved suspected same-plate/capture pairs (precautionary),landscape,no_flag,5,20260731,"No subject labels; uses orientation, objective quality band, and dominant hue bin proxies only."
zhx_bacc5bb19dcb09cf,IMG20260430145855.png,train,test,precautionary_cluster_0315,1,verified duplicates plus unresolved suspected same-plate/capture pairs (precautionary),portrait,no_flag,0,20260731,"No subject labels; uses orientation, objective quality band, and dominant hue bin proxies only."
zhx_e33e4efb7917fe86,IMG20260430145901.png,train,test,precautionary_cluster_0383,1,verified duplicates plus unresolved suspected same-plate/capture pairs (precautionary),portrait,no_flag,0,20260731,"No subject labels; uses orientation, objective quality band, and dominant hue bin proxies only."
zhx_1550bfacd68cc083,IMG20260430145939.png,train,train,precautionary_cluster_0050,1,verified duplicates plus unresolved suspected same-plate/capture pairs (precautionary),landscape,no_flag,1,20260731,"No subject labels; uses orientation, objective quality band, and dominant hue bin proxies only."
zhx_4be31f86d55e6578,IMG20260430145946.png,train,train,precautionary_cluster_0137,1,verified duplicates plus unresolved suspected same-plate/capture pairs (precautionary),landscape,no_flag,11,20260731,"No subject labels; uses orientation, objective quality band, and dominant hue bin proxies only."
zhx_abc3d952b1174509,IMG20260430150857.png,train,train,precautionary_cluster_0289,1,verified duplicates plus unresolved suspected same-plate/capture pairs (precautionary),portrait,no_flag,0,20260731,"No subject labels; uses orientation, objective quality band, and dominant hue bin proxies only."
zhx_a6186081b96c5e36,IMG20260430150906.png,train,train,precautionary_cluster_0280,1,verified duplicates plus unresolved suspected same-plate/capture pairs (precautionary),portrait,no_flag,0,20260731,"No subject labels; uses orientation, objective quality band, and dominant hue bin proxies only."
zhx_c50d23eff574b198,IMG20260430150916.png,train,train,precautionary_cluster_0331,1,verified duplicates plus unresolved suspected same-plate/capture pairs (precautionary),landscape,no_flag,8,20260731,"No subject labels; uses orientation, objective quality band, and dominant hue bin proxies only."
zhx_0aba4eb206226ed1,IMG20260430150948.png,train,train,precautionary_cluster_0036,1,verified duplicates plus unresolved suspected same-plate/capture pairs (precautionary),landscape,no_flag,0,20260731,"No subject labels; uses orientation, objective quality band, and dominant hue bin proxies only."
zhx_d64ab09a7016f6ad,IMG20260430151010.png,train,train,precautionary_cluster_0018,2,verified duplicates plus unresolved suspected same-plate/capture pairs (precautionary),portrait,no_flag,0,20260731,"No subject labels; uses orientation, objective quality band, and dominant hue bin proxies only."
zhx_21337c46881f8552,IMG20260430151101.png,train,train,precautionary_cluster_0069,1,verified duplicates plus unresolved suspected same-plate/capture pairs (precautionary),landscape,no_flag,5,20260731,"No subject labels; uses orientation, objective quality band, and dominant hue bin proxies only."
zhx_f77b4eea0654d039,IMG20260430151218.png,train,train,precautionary_cluster_0419,1,verified duplicates plus unresolved suspected same-plate/capture pairs (precautionary),portrait,no_flag,0,20260731,"No subject labels; uses orientation, objective quality band, and dominant hue bin proxies only."
zhx_ced95d98f5032bad,IMG20260430151238.png,train,train,precautionary_cluster_0352,1,verified duplicates plus unresolved suspected same-plate/capture pairs (precautionary),portrait,no_flag,0,20260731,"No subject labels; uses orientation, objective quality band, and dominant hue bin proxies only."
zhx_1ebd3ec81137816f,IMG20260430151452.png,train,train,precautionary_cluster_0002,3,verified duplicates plus unresolved suspected same-plate/capture pairs (precautionary),portrait,no_flag,0,20260731,"No subject labels; uses orientation, objective quality band, and dominant hue bin proxies only."
zhx_2951282371d32c7d,IMG20260430151522.png,train,train,precautionary_cluster_0082,1,verified duplicates plus unresolved suspected same-plate/capture pairs (precautionary),portrait,no_flag,5,20260731,"No subject labels; uses orientation, objective quality band, and dominant hue bin proxies only."
zhx_c3d076e7a01350d6,IMG20260430151544.png,train,train,precautionary_cluster_0327,1,verified duplicates plus unresolved suspected same-plate/capture pairs (precautionary),landscape,one_flag,1,20260731,"No subject labels; uses orientation, objective quality band, and dominant hue bin proxies only."
zhx_d11f329729f83077,IMG20260430151634.png,train,train,precautionary_cluster_0357,1,verified duplicates plus unresolved suspected same-plate/capture pairs (precautionary),landscape,no_flag,1,20260731,"No subject labels; uses orientation, objective quality band, and dominant hue bin proxies only."
zhx_634fb1936ef5416b,IMG20260430151639.png,train,train,precautionary_cluster_0180,1,verified duplicates plus unresolved suspected same-plate/capture pairs (precautionary),landscape,no_flag,1,20260731,"No subject labels; uses orientation, objective quality band, and dominant hue bin proxies only."
zhx_bbf62fc988d76159,IMG20260430151644.png,train,test,precautionary_cluster_0318,1,verified duplicates plus unresolved suspected same-plate/capture pairs (precautionary),landscape,no_flag,1,20260731,"No subject labels; uses orientation, objective quality band, and dominant hue bin proxies only."
zhx_4a99f27c7214cfde,IMG20260430151652.png,train,test,precautionary_cluster_0135,1,verified duplicates plus unresolved suspected same-plate/capture pairs (precautionary),landscape,no_flag,0,20260731,"No subject labels; uses orientation, objective quality band, and dominant hue bin proxies only."
zhx_0ae6d6c697836d37,IMG20260430151700.png,train,test,precautionary_cluster_0037,1,verified duplicates plus unresolved suspected same-plate/capture pairs (precautionary),portrait,no_flag,0,20260731,"No subject labels; uses orientation, objective quality band, and dominant hue bin proxies only."
zhx_8bf013db2807fdb2,IMG20260430151705.png,train,train,precautionary_cluster_0014,2,verified duplicates plus unresolved suspected same-plate/capture pairs (precautionary),portrait,no_flag,11,20260731,"No subject labels; uses orientation, objective quality band, and dominant hue bin proxies only."
zhx_00427d484dd0d6de,IMG20260430151709.png,train,train,precautionary_cluster_0026,1,verified duplicates plus unresolved suspected same-plate/capture pairs (precautionary),portrait,no_flag,1,20260731,"No subject labels; uses orientation, objective quality band, and dominant hue bin proxies only."
zhx_c08edfbce13487c7,IMG20260430151713.png,train,train,precautionary_cluster_0322,1,verified duplicates plus unresolved suspected same-plate/capture pairs (precautionary),portrait,no_flag,1,20260731,"No subject labels; uses orientation, objective quality band, and dominant hue bin proxies only."
zhx_a59725dce2e395e5,IMG20260430151715.png,train,train,precautionary_cluster_0279,1,verified duplicates plus unresolved suspected same-plate/capture pairs (precautionary),portrait,one_flag,5,20260731,"No subject labels; uses orientation, objective quality band, and dominant hue bin proxies only."
zhx_eaf42812ec85dcbb,IMG20260430151721.png,train,val,precautionary_cluster_0395,1,verified duplicates plus unresolved suspected same-plate/capture pairs (precautionary),portrait,no_flag,0,20260731,"No subject labels; uses orientation, objective quality band, and dominant hue bin proxies only."
zhx_e12e776fb706e4dd,IMG20260430151726.png,train,test,precautionary_cluster_0381,1,verified duplicates plus unresolved suspected same-plate/capture pairs (precautionary),portrait,no_flag,0,20260731,"No subject labels; uses orientation, objective quality band, and dominant hue bin proxies only."
zhx_3d98b5404cc6afe4,IMG20260430151758.png,train,train,precautionary_cluster_0114,1,verified duplicates plus unresolved suspected same-plate/capture pairs (precautionary),portrait,no_flag,1,20260731,"No subject labels; uses orientation, objective quality band, and dominant hue bin proxies only."
zhx_575dc488c0697793,IMG20260430151804.png,train,train,precautionary_cluster_0158,1,verified duplicates plus unresolved suspected same-plate/capture pairs (precautionary),portrait,no_flag,1,20260731,"No subject labels; uses orientation, objective quality band, and dominant hue bin proxies only."
zhx_567ed51ccf05e02b,IMG20260430151810.png,train,train,precautionary_cluster_0155,1,verified duplicates plus unresolved suspected same-plate/capture pairs (precautionary),portrait,no_flag,1,20260731,"No subject labels; uses orientation, objective quality band, and dominant hue bin proxies only."
zhx_15641396f6e84f28,IMG20260430151817.png,train,val,precautionary_cluster_0051,1,verified duplicates plus unresolved suspected same-plate/capture pairs (precautionary),portrait,no_flag,1,20260731,"No subject labels; uses orientation, objective quality band, and dominant hue bin proxies only."
zhx_6937ce7b5baa296e,IMG20260430151825.png,train,train,precautionary_cluster_0192,1,verified duplicates plus unresolved suspected same-plate/capture pairs (precautionary),portrait,no_flag,0,20260731,"No subject labels; uses orientation, objective quality band, and dominant hue bin proxies only."
zhx_cf0b50d02410f1ad,IMG20260430151831.png,train,train,precautionary_cluster_0353,1,verified duplicates plus unresolved suspected same-plate/capture pairs (precautionary),portrait,no_flag,1,20260731,"No subject labels; uses orientation, objective quality band, and dominant hue bin proxies only."
zhx_d5f1fb6efa9fa7a1,IMG20260430151842.png,train,train,precautionary_cluster_0367,1,verified duplicates plus unresolved suspected same-plate/capture pairs (precautionary),portrait,no_flag,1,20260731,"No subject labels; uses orientation, objective quality band, and dominant hue bin proxies only."
zhx_60bf4436b4de956b,IMG20260430151854.png,train,train,precautionary_cluster_0174,1,verified duplicates plus unresolved suspected same-plate/capture pairs (precautionary),portrait,no_flag,1,20260731,"No subject labels; uses orientation, objective quality band, and dominant hue bin proxies only."
zhx_33ec8ca6e0687d88,IMG20260430151857.png,train,val,precautionary_cluster_0098,1,verified duplicates plus unresolved suspected same-plate/capture pairs (precautionary),portrait,no_flag,1,20260731,"No subject labels; uses orientation, objective quality band, and dominant hue bin proxies only."
zhx_f466a0e7fa5c22f6,IMG20260430151902.png,train,train,precautionary_cluster_0413,1,verified duplicates plus unresolved suspected same-plate/capture pairs (precautionary),landscape,no_flag,0,20260731,"No subject labels; uses orientation, objective quality band, and dominant hue bin proxies only."
zhx_b4896f755efd2de7,IMG20260430151920.png,train,train,precautionary_cluster_0307,1,verified duplicates plus unresolved suspected same-plate/capture pairs (precautionary),landscape,no_flag,11,20260731,"No subject labels; uses orientation, objective quality band, and dominant hue bin proxies only."
zhx_69101c1c1ca5ebfd,IMG20260430151927.png,train,train,precautionary_cluster_0191,1,verified duplicates plus unresolved suspected same-plate/capture pairs (precautionary),portrait,no_flag,1,20260731,"No subject labels; uses orientation, objective quality band, and dominant hue bin proxies only."
zhx_f19f0e407889abb7,IMG20260430151950.png,train,train,precautionary_cluster_0409,1,verified duplicates plus unresolved suspected same-plate/capture pairs (precautionary),landscape,no_flag,1,20260731,"No subject labels; uses orientation, objective quality band, and dominant hue bin proxies only."
zhx_8f968da57f4448e7,IMG20260430151954.png,train,train,precautionary_cluster_0254,1,verified duplicates plus unresolved suspected same-plate/capture pairs (precautionary),landscape,no_flag,7,20260731,"No subject labels; uses orientation, objective quality band, and dominant hue bin proxies only."
zhx_fcd9f396a5b168ff,IMG20260430151956.png,train,train,precautionary_cluster_0426,1,verified duplicates plus unresolved suspected same-plate/capture pairs (precautionary),landscape,one_flag,6,20260731,"No subject labels; uses orientation, objective quality band, and dominant hue bin proxies only."
zhx_c5d901607cb16136,IMG20260430151958.png,train,train,precautionary_cluster_0332,1,verified duplicates plus unresolved suspected same-plate/capture pairs (precautionary),landscape,no_flag,7,20260731,"No subject labels; uses orientation, objective quality band, and dominant hue bin proxies only."
zhx_9419690aa674dbdc,IMG20260430152000.png,train,train,precautionary_cluster_0260,1,verified duplicates plus unresolved suspected same-plate/capture pairs (precautionary),landscape,multiple_flags,1,20260731,"No subject labels; uses orientation, objective quality band, and dominant hue bin proxies only."
zhx_40a866b0ab618252,IMG20260430152002.png,train,train,precautionary_cluster_0118,1,verified duplicates plus unresolved suspected same-plate/capture pairs (precautionary),landscape,no_flag,1,20260731,"No subject labels; uses orientation, objective quality band, and dominant hue bin proxies only."
zhx_5c32a743a3783a98,IMG20260430152004.png,train,train,precautionary_cluster_0164,1,verified duplicates plus unresolved suspected same-plate/capture pairs (precautionary),landscape,no_flag,1,20260731,"No subject labels; uses orientation, objective quality band, and dominant hue bin proxies only."
zhx_6e212bcfb81555a3,IMG20260430152006.png,train,val,precautionary_cluster_0198,1,verified duplicates plus unresolved suspected same-plate/capture pairs (precautionary),landscape,no_flag,1,20260731,"No subject labels; uses orientation, objective quality band, and dominant hue bin proxies only."
zhx_b312432c1bdf8551,IMG20260430152008.png,train,train,precautionary_cluster_0304,1,verified duplicates plus unresolved suspected same-plate/capture pairs (precautionary),landscape,no_flag,1,20260731,"No subject labels; uses orientation, objective quality band, and dominant hue bin proxies only."
zhx_241e695280671b5d,IMG20260430152013.png,train,val,precautionary_cluster_0075,1,verified duplicates plus unresolved suspected same-plate/capture pairs (precautionary),landscape,one_flag,1,20260731,"No subject labels; uses orientation, objective quality band, and dominant hue bin proxies only."
zhx_ebf8763453c8cf54,IMG20260430152017.png,train,test,precautionary_cluster_0397,1,verified duplicates plus unresolved suspected same-plate/capture pairs (precautionary),landscape,one_flag,1,20260731,"No subject labels; uses orientation, objective quality band, and dominant hue bin proxies only."
zhx_becdc47d13254e23,IMG20260430152025.png,train,val,precautionary_cluster_0320,1,verified duplicates plus unresolved suspected same-plate/capture pairs (precautionary),portrait,no_flag,1,20260731,"No subject labels; uses orientation, objective quality band, and dominant hue bin proxies only."
zhx_cd7d62e76c7707a9,IMG20260430152029.png,train,train,precautionary_cluster_0349,1,verified duplicates plus unresolved suspected same-plate/capture pairs (precautionary),portrait,no_flag,1,20260731,"No subject labels; uses orientation, objective quality band, and dominant hue bin proxies only."
zhx_c29a04732e377aaf,IMG20260430152040.png,train,train,precautionary_cluster_0325,1,verified duplicates plus unresolved suspected same-plate/capture pairs (precautionary),portrait,one_flag,1,20260731,"No subject labels; uses orientation, objective quality band, and dominant hue bin proxies only."
zhx_c2d3aaa1aca908f2,IMG20260430152044.png,train,train,precautionary_cluster_0326,1,verified duplicates plus unresolved suspected same-plate/capture pairs (precautionary),landscape,no_flag,0,20260731,"No subject labels; uses orientation, objective quality band, and dominant hue bin proxies only."
zhx_86a03c46fc485666,IMG20260430152049.png,train,train,precautionary_cluster_0003,2,verified duplicates plus unresolved suspected same-plate/capture pairs (precautionary),landscape,no_flag,1,20260731,"No subject labels; uses orientation, objective quality band, and dominant hue bin proxies only."
zhx_37e518dd16eac126,IMG20260430152056.png,train,train,precautionary_cluster_0104,1,verified duplicates plus unresolved suspected same-plate/capture pairs (precautionary),landscape,one_flag,1,20260731,"No subject labels; uses orientation, objective quality band, and dominant hue bin proxies only."
zhx_74ea3698bf516853,IMG20260430152101.png,train,train,precautionary_cluster_0214,1,verified duplicates plus unresolved suspected same-plate/capture pairs (precautionary),landscape,no_flag,0,20260731,"No subject labels; uses orientation, objective quality band, and dominant hue bin proxies only."
zhx_17ac3245b686e5b5,IMG20260430152104.png,train,train,precautionary_cluster_0054,1,verified duplicates plus unresolved suspected same-plate/capture pairs (precautionary),landscape,no_flag,0,20260731,"No subject labels; uses orientation, objective quality band, and dominant hue bin proxies only."
zhx_a3ffd43d260fbb9c,IMG20260430152113.png,train,train,precautionary_cluster_0021,2,verified duplicates plus unresolved suspected same-plate/capture pairs (precautionary),landscape,no_flag,1,20260731,"No subject labels; uses orientation, objective quality band, and dominant hue bin proxies only."
zhx_8813c06c41c6ce44,IMG20260430152116.png,train,train,precautionary_cluster_0242,1,verified duplicates plus unresolved suspected same-plate/capture pairs (precautionary),landscape,one_flag,7,20260731,"No subject labels; uses orientation, objective quality band, and dominant hue bin proxies only."
zhx_cafd819f9bca3904,IMG20260430152127.png,train,test,precautionary_cluster_0344,1,verified duplicates plus unresolved suspected same-plate/capture pairs (precautionary),portrait,no_flag,1,20260731,"No subject labels; uses orientation, objective quality band, and dominant hue bin proxies only."
zhx_1ad6c57487683373,IMG20260430152130.png,train,val,precautionary_cluster_0063,1,verified duplicates plus unresolved suspected same-plate/capture pairs (precautionary),portrait,no_flag,1,20260731,"No subject labels; uses orientation, objective quality band, and dominant hue bin proxies only."
zhx_45668185ee8088e6,IMG20260430152133.png,train,train,precautionary_cluster_0127,1,verified duplicates plus unresolved suspected same-plate/capture pairs (precautionary),portrait,no_flag,1,20260731,"No subject labels; uses orientation, objective quality band, and dominant hue bin proxies only."
zhx_cbb7eff47e23a7f9,IMG20260430152136.png,train,train,precautionary_cluster_0347,1,verified duplicates plus unresolved suspected same-plate/capture pairs (precautionary),portrait,no_flag,1,20260731,"No subject labels; uses orientation, objective quality band, and dominant hue bin proxies only."
zhx_a674cd9426eb552d,IMG20260430152139.png,train,train,precautionary_cluster_0282,1,verified duplicates plus unresolved suspected same-plate/capture pairs (precautionary),portrait,no_flag,1,20260731,"No subject labels; uses orientation, objective quality band, and dominant hue bin proxies only."
zhx_397a5703791231eb,IMG20260430152147.png,train,train,precautionary_cluster_0109,1,verified duplicates plus unresolved suspected same-plate/capture pairs (precautionary),portrait,no_flag,1,20260731,"No subject labels; uses orientation, objective quality band, and dominant hue bin proxies only."
zhx_c8f9ab29e2691e2c,IMG20260430152151.png,train,test,precautionary_cluster_0339,1,verified duplicates plus unresolved suspected same-plate/capture pairs (precautionary),portrait,no_flag,1,20260731,"No subject labels; uses orientation, objective quality band, and dominant hue bin proxies only."
zhx_f95ca90ae09b43a9,IMG20260430152200.png,train,train,precautionary_cluster_0420,1,verified duplicates plus unresolved suspected same-plate/capture pairs (precautionary),portrait,no_flag,0,20260731,"No subject labels; uses orientation, objective quality band, and dominant hue bin proxies only."
zhx_0e3359166d2fdd65,IMG20260430152205.png,train,train,precautionary_cluster_0038,1,verified duplicates plus unresolved suspected same-plate/capture pairs (precautionary),portrait,no_flag,1,20260731,"No subject labels; uses orientation, objective quality band, and dominant hue bin proxies only."
zhx_f052c206eaaf320f,IMG20260430152211.png,train,train,precautionary_cluster_0408,1,verified duplicates plus unresolved suspected same-plate/capture pairs (precautionary),portrait,no_flag,5,20260731,"No subject labels; uses orientation, objective quality band, and dominant hue bin proxies only."
zhx_97a38ce50f4bfe1f,IMG20260430152213.png,train,train,precautionary_cluster_0017,2,verified duplicates plus unresolved suspected same-plate/capture pairs (precautionary),portrait,no_flag,5,20260731,"No subject labels; uses orientation, objective quality band, and dominant hue bin proxies only."
zhx_8221fa402871b954,IMG20260430152218.png,train,train,precautionary_cluster_0228,1,verified duplicates plus unresolved suspected same-plate/capture pairs (precautionary),portrait,no_flag,0,20260731,"No subject labels; uses orientation, objective quality band, and dominant hue bin proxies only."
zhx_184c8b5912708f56,IMG20260430152221.png,train,train,precautionary_cluster_0057,1,verified duplicates plus unresolved suspected same-plate/capture pairs (precautionary),portrait,no_flag,1,20260731,"No subject labels; uses orientation, objective quality band, and dominant hue bin proxies only."
zhx_b88ea2490435c16c,IMG20260430152225.png,train,train,precautionary_cluster_0006,2,verified duplicates plus unresolved suspected same-plate/capture pairs (precautionary),portrait,no_flag,0,20260731,"No subject labels; uses orientation, objective quality band, and dominant hue bin proxies only."
zhx_ddef8e3a93ba6f6e,IMG20260430152227.png,train,train,precautionary_cluster_0025,2,verified duplicates plus unresolved suspected same-plate/capture pairs (precautionary),portrait,no_flag,1,20260731,"No subject labels; uses orientation, objective quality band, and dominant hue bin proxies only."
zhx_d6d159a837d625b4,IMG20260430152237.png,train,train,precautionary_cluster_0005,2,verified duplicates plus unresolved suspected same-plate/capture pairs (precautionary),portrait,no_flag,0,20260731,"No subject labels; uses orientation, objective quality band, and dominant hue bin proxies only."
zhx_41916bebadb4dc45,IMG20260430152239.png,train,test,precautionary_cluster_0120,1,verified duplicates plus unresolved suspected same-plate/capture pairs (precautionary),portrait,no_flag,0,20260731,"No subject labels; uses orientation, objective quality band, and dominant hue bin proxies only."
zhx_3a7cdf37e8ca6aad,IMG20260430152243.png,train,train,precautionary_cluster_0110,1,verified duplicates plus unresolved suspected same-plate/capture pairs (precautionary),portrait,no_flag,0,20260731,"No subject labels; uses orientation, objective quality band, and dominant hue bin proxies only."
zhx_7d6cb0ed7cca7380,IMG20260430152245.png,train,train,precautionary_cluster_0224,1,verified duplicates plus unresolved suspected same-plate/capture pairs (precautionary),portrait,no_flag,0,20260731,"No subject labels; uses orientation, objective quality band, and dominant hue bin proxies only."
zhx_c4ecdd10d0113b2b,IMG20260430152249.png,train,train,precautionary_cluster_0330,1,verified duplicates plus unresolved suspected same-plate/capture pairs (precautionary),portrait,no_flag,0,20260731,"No subject labels; uses orientation, objective quality band, and dominant hue bin proxies only."
zhx_a8b213e3664edc1d,IMG20260430152252.png,train,train,precautionary_cluster_0286,1,verified duplicates plus unresolved suspected same-plate/capture pairs (precautionary),portrait,no_flag,0,20260731,"No subject labels; uses orientation, objective quality band, and dominant hue bin proxies only."
zhx_d4ce321a6fe52925,IMG20260430152255.png,train,train,precautionary_cluster_0362,1,verified duplicates plus unresolved suspected same-plate/capture pairs (precautionary),portrait,no_flag,0,20260731,"No subject labels; uses orientation, objective quality band, and dominant hue bin proxies only."
zhx_21e9aab7ba3a68b3,IMG20260430152257.png,train,train,precautionary_cluster_0071,1,verified duplicates plus unresolved suspected same-plate/capture pairs (precautionary),portrait,no_flag,1,20260731,"No subject labels; uses orientation, objective quality band, and dominant hue bin proxies only."
zhx_07ac200a0f669b3f,IMG20260430152303.png,train,train,precautionary_cluster_0004,2,verified duplicates plus unresolved suspected same-plate/capture pairs (precautionary),portrait,no_flag,0,20260731,"No subject labels; uses orientation, objective quality band, and dominant hue bin proxies only."
zhx_b1ca726d8784ad11,IMG20260430152309.png,train,train,precautionary_cluster_0001,6,verified duplicates plus unresolved suspected same-plate/capture pairs (precautionary),portrait,no_flag,0,20260731,"No subject labels; uses orientation, objective quality band, and dominant hue bin proxies only."
zhx_aed931b7d82fe28d,IMG20260430152311.png,train,test,precautionary_cluster_0295,1,verified duplicates plus unresolved suspected same-plate/capture pairs (precautionary),portrait,no_flag,0,20260731,"No subject labels; uses orientation, objective quality band, and dominant hue bin proxies only."
zhx_335f72b9f313bb79,IMG20260430152314.png,train,train,precautionary_cluster_0097,1,verified duplicates plus unresolved suspected same-plate/capture pairs (precautionary),portrait,no_flag,0,20260731,"No subject labels; uses orientation, objective quality band, and dominant hue bin proxies only."
zhx_5fa337b127cb4b0e,IMG20260430152324.png,train,train,precautionary_cluster_0169,1,verified duplicates plus unresolved suspected same-plate/capture pairs (precautionary),landscape,no_flag,1,20260731,"No subject labels; uses orientation, objective quality band, and dominant hue bin proxies only."
zhx_0f1bdf273d608295,IMG20260430152327.png,train,train,precautionary_cluster_0041,1,verified duplicates plus unresolved suspected same-plate/capture pairs (precautionary),landscape,no_flag,0,20260731,"No subject labels; uses orientation, objective quality band, and dominant hue bin proxies only."
zhx_de2f7ef12190d1e0,IMG20260430152333.png,train,test,precautionary_cluster_0375,1,verified duplicates plus unresolved suspected same-plate/capture pairs (precautionary),landscape,no_flag,0,20260731,"No subject labels; uses orientation, objective quality band, and dominant hue bin proxies only."
zhx_876e15ecedeb55cb,IMG20260430152335.png,train,train,precautionary_cluster_0238,1,verified duplicates plus unresolved suspected same-plate/capture pairs (precautionary),landscape,no_flag,1,20260731,"No subject labels; uses orientation, objective quality band, and dominant hue bin proxies only."
zhx_4d60ce20b1cc0e8b,IMG20260430152337.png,train,train,precautionary_cluster_0138,1,verified duplicates plus unresolved suspected same-plate/capture pairs (precautionary),landscape,no_flag,1,20260731,"No subject labels; uses orientation, objective quality band, and dominant hue bin proxies only."
zhx_5fc8cd6669534c92,IMG20260430152339.png,train,test,precautionary_cluster_0170,1,verified duplicates plus unresolved suspected same-plate/capture pairs (precautionary),landscape,no_flag,0,20260731,"No subject labels; uses orientation, objective quality band, and dominant hue bin proxies only."
zhx_04138bdae3eb80b1,IMG20260430152341.png,train,val,precautionary_cluster_0028,1,verified duplicates plus unresolved suspected same-plate/capture pairs (precautionary),landscape,no_flag,1,20260731,"No subject labels; uses orientation, objective quality band, and dominant hue bin proxies only."
zhx_d1730e83fcf665ed,IMG20260430152348.png,train,train,precautionary_cluster_0358,1,verified duplicates plus unresolved suspected same-plate/capture pairs (precautionary),landscape,no_flag,1,20260731,"No subject labels; uses orientation, objective quality band, and dominant hue bin proxies only."
zhx_b263b62b0ca62def,IMG20260430152351.png,train,train,precautionary_cluster_0302,1,verified duplicates plus unresolved suspected same-plate/capture pairs (precautionary),landscape,no_flag,0,20260731,"No subject labels; uses orientation, objective quality band, and dominant hue bin proxies only."
zhx_9b2dfa58c84e1a39,IMG20260430152353.png,train,train,precautionary_cluster_0267,1,verified duplicates plus unresolved suspected same-plate/capture pairs (precautionary),landscape,no_flag,1,20260731,"No subject labels; uses orientation, objective quality band, and dominant hue bin proxies only."
zhx_adca2b52885b4ec8,IMG20260430152354.png,train,val,precautionary_cluster_0294,1,verified duplicates plus unresolved suspected same-plate/capture pairs (precautionary),landscape,no_flag,0,20260731,"No subject labels; uses orientation, objective quality band, and dominant hue bin proxies only."
zhx_37b00addf0328b60,IMG20260430152357.png,train,train,precautionary_cluster_0102,1,verified duplicates plus unresolved suspected same-plate/capture pairs (precautionary),landscape,no_flag,1,20260731,"No subject labels; uses orientation, objective quality band, and dominant hue bin proxies only."
zhx_e14e6a9153f31667,IMG20260430152358.png,train,train,precautionary_cluster_0382,1,verified duplicates plus unresolved suspected same-plate/capture pairs (precautionary),landscape,no_flag,0,20260731,"No subject labels; uses orientation, objective quality band, and dominant hue bin proxies only."
zhx_cba142d725fb702a,IMG20260430152400.png,train,train,precautionary_cluster_0346,1,verified duplicates plus unresolved suspected same-plate/capture pairs (precautionary),landscape,no_flag,0,20260731,"No subject labels; uses orientation, objective quality band, and dominant hue bin proxies only."
zhx_88b75cb785d85e8d,IMG20260430152406.png,train,train,precautionary_cluster_0243,1,verified duplicates plus unresolved suspected same-plate/capture pairs (precautionary),landscape,no_flag,1,20260731,"No subject labels; uses orientation, objective quality band, and dominant hue bin proxies only."
zhx_7e24f76f45c71a3e,IMG20260430152410.png,train,train,precautionary_cluster_0225,1,verified duplicates plus unresolved suspected same-plate/capture pairs (precautionary),portrait,no_flag,0,20260731,"No subject labels; uses orientation, objective quality band, and dominant hue bin proxies only."
zhx_40f15ea52211102e,IMG20260430152413.png,train,train,precautionary_cluster_0119,1,verified duplicates plus unresolved suspected same-plate/capture pairs (precautionary),portrait,no_flag,0,20260731,"No subject labels; uses orientation, objective quality band, and dominant hue bin proxies only."
zhx_1143386b2cd6e8f5,IMG20260430152415.png,train,test,precautionary_cluster_0044,1,verified duplicates plus unresolved suspected same-plate/capture pairs (precautionary),landscape,no_flag,1,20260731,"No subject labels; uses orientation, objective quality band, and dominant hue bin proxies only."
zhx_9b7173cef9ca47e7,IMG20260430152421.png,train,train,precautionary_cluster_0270,1,verified duplicates plus unresolved suspected same-plate/capture pairs (precautionary),portrait,no_flag,1,20260731,"No subject labels; uses orientation, objective quality band, and dominant hue bin proxies only."
zhx_125115b0c266976a,IMG20260430152430.png,train,train,precautionary_cluster_0045,1,verified duplicates plus unresolved suspected same-plate/capture pairs (precautionary),portrait,multiple_flags,1,20260731,"No subject labels; uses orientation, objective quality band, and dominant hue bin proxies only."
zhx_370bac9336c696fa,IMG20260430152433.png,train,test,precautionary_cluster_0101,1,verified duplicates plus unresolved suspected same-plate/capture pairs (precautionary),portrait,no_flag,1,20260731,"No subject labels; uses orientation, objective quality band, and dominant hue bin proxies only."
zhx_2c9d1bf1dc96b7e9,IMG20260430152438.png,train,train,precautionary_cluster_0088,1,verified duplicates plus unresolved suspected same-plate/capture pairs (precautionary),portrait,no_flag,0,20260731,"No subject labels; uses orientation, objective quality band, and dominant hue bin proxies only."
zhx_8adc31a49897e789,IMG20260430152440.png,train,train,precautionary_cluster_0247,1,verified duplicates plus unresolved suspected same-plate/capture pairs (precautionary),portrait,no_flag,11,20260731,"No subject labels; uses orientation, objective quality band, and dominant hue bin proxies only."
zhx_e96422df7eccc75e,IMG20260430152453.png,train,train,precautionary_cluster_0392,1,verified duplicates plus unresolved suspected same-plate/capture pairs (precautionary),portrait,one_flag,1,20260731,"No subject labels; uses orientation, objective quality band, and dominant hue bin proxies only."
zhx_74a8f9bbd83fa394,IMG20260430152455.png,train,train,precautionary_cluster_0002,3,verified duplicates plus unresolved suspected same-plate/capture pairs (precautionary),portrait,no_flag,0,20260731,"No subject labels; uses orientation, objective quality band, and dominant hue bin proxies only."
zhx_24eb95ac32caa941,IMG20260430152749.png,train,train,precautionary_cluster_0076,1,verified duplicates plus unresolved suspected same-plate/capture pairs (precautionary),portrait,no_flag,1,20260731,"No subject labels; uses orientation, objective quality band, and dominant hue bin proxies only."
zhx_708fc5b0deba9066,IMG20260430152801.png,train,train,precautionary_cluster_0207,1,verified duplicates plus unresolved suspected same-plate/capture pairs (precautionary),landscape,no_flag,1,20260731,"No subject labels; uses orientation, objective quality band, and dominant hue bin proxies only."
zhx_d8e581b73e246c00,IMG20260430152804.png,train,val,precautionary_cluster_0370,1,verified duplicates plus unresolved suspected same-plate/capture pairs (precautionary),landscape,no_flag,1,20260731,"No subject labels; uses orientation, objective quality band, and dominant hue bin proxies only."
zhx_ad237fee11bc9570,IMG20260430152807.png,train,train,precautionary_cluster_0292,1,verified duplicates plus unresolved suspected same-plate/capture pairs (precautionary),landscape,one_flag,1,20260731,"No subject labels; uses orientation, objective quality band, and dominant hue bin proxies only."
zhx_d5b8dfff51b6eae3,IMG20260430152818.png,train,train,precautionary_cluster_0366,1,verified duplicates plus unresolved suspected same-plate/capture pairs (precautionary),portrait,no_flag,0,20260731,"No subject labels; uses orientation, objective quality band, and dominant hue bin proxies only."
zhx_0bb298712436d4a1,IMG20260430152821.png,train,train,precautionary_cluster_0005,2,verified duplicates plus unresolved suspected same-plate/capture pairs (precautionary),portrait,no_flag,0,20260731,"No subject labels; uses orientation, objective quality band, and dominant hue bin proxies only."
zhx_8de76dc571bb0512,IMG20260430152824.png,train,test,precautionary_cluster_0253,1,verified duplicates plus unresolved suspected same-plate/capture pairs (precautionary),portrait,no_flag,0,20260731,"No subject labels; uses orientation, objective quality band, and dominant hue bin proxies only."
zhx_f2c51ebdd6edce75,IMG20260430152827.png,train,train,precautionary_cluster_0020,2,verified duplicates plus unresolved suspected same-plate/capture pairs (precautionary),portrait,no_flag,0,20260731,"No subject labels; uses orientation, objective quality band, and dominant hue bin proxies only."
zhx_e65bd0fc1f8e7796,IMG20260430152831.png,train,train,precautionary_cluster_0025,2,verified duplicates plus unresolved suspected same-plate/capture pairs (precautionary),portrait,no_flag,0,20260731,"No subject labels; uses orientation, objective quality band, and dominant hue bin proxies only."
zhx_0d3566138839d798,IMG20260430152833.png,train,train,precautionary_cluster_0006,2,verified duplicates plus unresolved suspected same-plate/capture pairs (precautionary),portrait,no_flag,0,20260731,"No subject labels; uses orientation, objective quality band, and dominant hue bin proxies only."
zhx_583e48b9b8a67941,IMG20260430152837.png,train,train,precautionary_cluster_0015,2,verified duplicates plus unresolved suspected same-plate/capture pairs (precautionary),portrait,no_flag,0,20260731,"No subject labels; uses orientation, objective quality band, and dominant hue bin proxies only."
zhx_83bc0ee2e549826e,IMG20260430152840.png,train,train,precautionary_cluster_0232,1,verified duplicates plus unresolved suspected same-plate/capture pairs (precautionary),portrait,no_flag,1,20260731,"No subject labels; uses orientation, objective quality band, and dominant hue bin proxies only."
zhx_6a1508a516e75eda,IMG20260430152843.png,train,train,precautionary_cluster_0017,2,verified duplicates plus unresolved suspected same-plate/capture pairs (precautionary),portrait,no_flag,5,20260731,"No subject labels; uses orientation, objective quality band, and dominant hue bin proxies only."
zhx_be082e56aa4f31ba,IMG20260430152846.png,train,test,precautionary_cluster_0319,1,verified duplicates plus unresolved suspected same-plate/capture pairs (precautionary),portrait,no_flag,5,20260731,"No subject labels; uses orientation, objective quality band, and dominant hue bin proxies only."
zhx_8c5d90e0adbc407c,IMG20260430152859.png,train,val,precautionary_cluster_0250,1,verified duplicates plus unresolved suspected same-plate/capture pairs (precautionary),portrait,no_flag,0,20260731,"No subject labels; uses orientation, objective quality band, and dominant hue bin proxies only."
zhx_27f44750db189519,IMG20260430153008.png,train,train,precautionary_cluster_0004,2,verified duplicates plus unresolved suspected same-plate/capture pairs (precautionary),portrait,no_flag,0,20260731,"No subject labels; uses orientation, objective quality band, and dominant hue bin proxies only."
zhx_f9b72ff513680d1f,IMG20260430153048.png,train,train,precautionary_cluster_0421,1,verified duplicates plus unresolved suspected same-plate/capture pairs (precautionary),portrait,no_flag,1,20260731,"No subject labels; uses orientation, objective quality band, and dominant hue bin proxies only."
zhx_a6505b9856b69ebb,IMG20260430153053.png,train,train,precautionary_cluster_0281,1,verified duplicates plus unresolved suspected same-plate/capture pairs (precautionary),portrait,no_flag,1,20260731,"No subject labels; uses orientation, objective quality band, and dominant hue bin proxies only."
zhx_aa12e0ba2759254c,IMG20260430153058.png,train,train,precautionary_cluster_0021,2,verified duplicates plus unresolved suspected same-plate/capture pairs (precautionary),square,no_flag,1,20260731,"No subject labels; uses orientation, objective quality band, and dominant hue bin proxies only."
zhx_a758b1078587f364,IMG20260430153100.png,train,train,precautionary_cluster_0283,1,verified duplicates plus unresolved suspected same-plate/capture pairs (precautionary),landscape,no_flag,0,20260731,"No subject labels; uses orientation, objective quality band, and dominant hue bin proxies only."
zhx_bb3abfa274f16f09,IMG20260430153106.png,train,train,precautionary_cluster_0009,2,verified duplicates plus unresolved suspected same-plate/capture pairs (precautionary),landscape,no_flag,0,20260731,"No subject labels; uses orientation, objective quality band, and dominant hue bin proxies only."
zhx_fa70d422dfaf10f9,IMG20260430153108.png,train,train,precautionary_cluster_0024,2,verified duplicates plus unresolved suspected same-plate/capture pairs (precautionary),square,no_flag,1,20260731,"No subject labels; uses orientation, objective quality band, and dominant hue bin proxies only."
zhx_9b52341dbcec8e70,IMG20260430153111.png,train,train,precautionary_cluster_0268,1,verified duplicates plus unresolved suspected same-plate/capture pairs (precautionary),square,no_flag,0,20260731,"No subject labels; uses orientation, objective quality band, and dominant hue bin proxies only."
zhx_dd056fed10f1d565,IMG20260430153114.png,train,train,precautionary_cluster_0374,1,verified duplicates plus unresolved suspected same-plate/capture pairs (precautionary),landscape,no_flag,0,20260731,"No subject labels; uses orientation, objective quality band, and dominant hue bin proxies only."
zhx_cc84e83b8c57cf7a,IMG20260430153117.png,train,train,precautionary_cluster_0348,1,verified duplicates plus unresolved suspected same-plate/capture pairs (precautionary),square,no_flag,1,20260731,"No subject labels; uses orientation, objective quality band, and dominant hue bin proxies only."
zhx_d02fc77b7cde81a9,IMG20260430153709.png,train,train,precautionary_cluster_0355,1,verified duplicates plus unresolved suspected same-plate/capture pairs (precautionary),portrait,no_flag,1,20260731,"No subject labels; uses orientation, objective quality band, and dominant hue bin proxies only."
zhx_9889fada3b1b6fa0,IMG20260430153748.png,train,train,precautionary_cluster_0263,1,verified duplicates plus unresolved suspected same-plate/capture pairs (precautionary),portrait,no_flag,0,20260731,"No subject labels; uses orientation, objective quality band, and dominant hue bin proxies only."
zhx_d3facb357610dab2,IMG20260430153921.png,train,train,precautionary_cluster_0001,6,verified duplicates plus unresolved suspected same-plate/capture pairs (precautionary),portrait,no_flag,1,20260731,"No subject labels; uses orientation, objective quality band, and dominant hue bin proxies only."
zhx_e63cea108770d7a8,IMG20260430153926.png,train,train,precautionary_cluster_0001,6,verified duplicates plus unresolved suspected same-plate/capture pairs (precautionary),portrait,no_flag,0,20260731,"No subject labels; uses orientation, objective quality band, and dominant hue bin proxies only."
zhx_24d6c764db660d98,IMG20260430153929.png,train,train,precautionary_cluster_0007,2,verified duplicates plus unresolved suspected same-plate/capture pairs (precautionary),portrait,no_flag,0,20260731,"No subject labels; uses orientation, objective quality band, and dominant hue bin proxies only."
zhx_4494248a6fd61d3e,IMG20260430153932.png,train,train,precautionary_cluster_0007,2,verified duplicates plus unresolved suspected same-plate/capture pairs (precautionary),portrait,no_flag,0,20260731,"No subject labels; uses orientation, objective quality band, and dominant hue bin proxies only."
zhx_bed698c17620d893,IMG20260430102327.png,val,train,precautionary_cluster_0321,1,verified duplicates plus unresolved suspected same-plate/capture pairs (precautionary),portrait,no_flag,0,20260731,"No subject labels; uses orientation, objective quality band, and dominant hue bin proxies only."
zhx_c43d6ba68ea21d7b,IMG20260430102853.png,val,train,precautionary_cluster_0329,1,verified duplicates plus unresolved suspected same-plate/capture pairs (precautionary),portrait,no_flag,0,20260731,"No subject labels; uses orientation, objective quality band, and dominant hue bin proxies only."
zhx_463174c11e37aee9,IMG20260430102858.png,val,test,precautionary_cluster_0129,1,verified duplicates plus unresolved suspected same-plate/capture pairs (precautionary),portrait,no_flag,0,20260731,"No subject labels; uses orientation, objective quality band, and dominant hue bin proxies only."
zhx_87bfaca10b805fd5,IMG20260430102906.png,val,train,precautionary_cluster_0241,1,verified duplicates plus unresolved suspected same-plate/capture pairs (precautionary),portrait,no_flag,11,20260731,"No subject labels; uses orientation, objective quality band, and dominant hue bin proxies only."
zhx_9bc91c198f6aec18,IMG20260430102924.png,val,train,precautionary_cluster_0272,1,verified duplicates plus unresolved suspected same-plate/capture pairs (precautionary),portrait,no_flag,11,20260731,"No subject labels; uses orientation, objective quality band, and dominant hue bin proxies only."
zhx_b325260ac92dc0bf,IMG20260430103103.png,val,train,precautionary_cluster_0023,2,verified duplicates plus unresolved suspected same-plate/capture pairs (precautionary),square,no_flag,11,20260731,"No subject labels; uses orientation, objective quality band, and dominant hue bin proxies only."
zhx_194204b5d8af1ac7,IMG20260430103127.png,val,train,precautionary_cluster_0058,1,verified duplicates plus unresolved suspected same-plate/capture pairs (precautionary),portrait,no_flag,0,20260731,"No subject labels; uses orientation, objective quality band, and dominant hue bin proxies only."
zhx_704e2af366b68106,IMG20260430103654.png,val,train,precautionary_cluster_0205,1,verified duplicates plus unresolved suspected same-plate/capture pairs (precautionary),landscape,no_flag,11,20260731,"No subject labels; uses orientation, objective quality band, and dominant hue bin proxies only."
zhx_e9a7c6df8c772993,IMG20260430103708.png,val,test,precautionary_cluster_0393,1,verified duplicates plus unresolved suspected same-plate/capture pairs (precautionary),landscape,no_flag,11,20260731,"No subject labels; uses orientation, objective quality band, and dominant hue bin proxies only."
zhx_297ecde51dc0fdbd,IMG20260430103759.png,val,train,precautionary_cluster_0083,1,verified duplicates plus unresolved suspected same-plate/capture pairs (precautionary),landscape,no_flag,8,20260731,"No subject labels; uses orientation, objective quality band, and dominant hue bin proxies only."
zhx_2c606b8966bb3368,IMG20260430103806.png,val,train,precautionary_cluster_0087,1,verified duplicates plus unresolved suspected same-plate/capture pairs (precautionary),portrait,no_flag,11,20260731,"No subject labels; uses orientation, objective quality band, and dominant hue bin proxies only."
zhx_b26f824c78b2f43d,IMG20260430103811.png,val,train,precautionary_cluster_0303,1,verified duplicates plus unresolved suspected same-plate/capture pairs (precautionary),portrait,no_flag,11,20260731,"No subject labels; uses orientation, objective quality band, and dominant hue bin proxies only."
zhx_6983e8faf01be322,IMG20260430104522.png,val,train,precautionary_cluster_0193,1,verified duplicates plus unresolved suspected same-plate/capture pairs (precautionary),portrait,no_flag,4,20260731,"No subject labels; uses orientation, objective quality band, and dominant hue bin proxies only."
zhx_70f954deb5881533,IMG20260430104528.png,val,val,precautionary_cluster_0209,1,verified duplicates plus unresolved suspected same-plate/capture pairs (precautionary),portrait,no_flag,1,20260731,"No subject labels; uses orientation, objective quality band, and dominant hue bin proxies only."
zhx_e9219e91bf190ba9,IMG20260430104558.png,val,train,precautionary_cluster_0391,1,verified duplicates plus unresolved suspected same-plate/capture pairs (precautionary),portrait,no_flag,0,20260731,"No subject labels; uses orientation, objective quality band, and dominant hue bin proxies only."
zhx_d58776df1365e98b,IMG20260430104617.png,val,train,precautionary_cluster_0364,1,verified duplicates plus unresolved suspected same-plate/capture pairs (precautionary),portrait,no_flag,1,20260731,"No subject labels; uses orientation, objective quality band, and dominant hue bin proxies only."
zhx_7595637436c228c4,IMG20260430105414.png,val,train,precautionary_cluster_0001,6,verified duplicates plus unresolved suspected same-plate/capture pairs (precautionary),portrait,no_flag,1,20260731,"No subject labels; uses orientation, objective quality band, and dominant hue bin proxies only."
zhx_9b7a158351e7d97e,IMG20260430105418.png,val,train,precautionary_cluster_0271,1,verified duplicates plus unresolved suspected same-plate/capture pairs (precautionary),portrait,no_flag,6,20260731,"No subject labels; uses orientation, objective quality band, and dominant hue bin proxies only."
zhx_cb8e9536c78a043c,IMG20260430105812.png,val,val,precautionary_cluster_0345,1,verified duplicates plus unresolved suspected same-plate/capture pairs (precautionary),portrait,no_flag,5,20260731,"No subject labels; uses orientation, objective quality band, and dominant hue bin proxies only."
zhx_92ab85caed2076c0,IMG20260430115614.png,val,train,precautionary_cluster_0256,1,verified duplicates plus unresolved suspected same-plate/capture pairs (precautionary),portrait,no_flag,0,20260731,"No subject labels; uses orientation, objective quality band, and dominant hue bin proxies only."
zhx_609b6037226245e5,IMG20260430115712.png,val,train,precautionary_cluster_0172,1,verified duplicates plus unresolved suspected same-plate/capture pairs (precautionary),portrait,no_flag,0,20260731,"No subject labels; uses orientation, objective quality band, and dominant hue bin proxies only."
zhx_dc22a9821db718bd,IMG20260430115842.png,val,train,precautionary_cluster_0373,1,verified duplicates plus unresolved suspected same-plate/capture pairs (precautionary),portrait,no_flag,0,20260731,"No subject labels; uses orientation, objective quality band, and dominant hue bin proxies only."
zhx_6633d8a7bc39dc98,IMG20260430120004.png,val,train,precautionary_cluster_0183,1,verified duplicates plus unresolved suspected same-plate/capture pairs (precautionary),portrait,no_flag,5,20260731,"No subject labels; uses orientation, objective quality band, and dominant hue bin proxies only."
zhx_87a63eef5251bf65,IMG20260430120237.png,val,train,precautionary_cluster_0240,1,verified duplicates plus unresolved suspected same-plate/capture pairs (precautionary),portrait,no_flag,0,20260731,"No subject labels; uses orientation, objective quality band, and dominant hue bin proxies only."
zhx_57a693a25ff9e760,IMG20260430144355.png,val,train,precautionary_cluster_0013,2,verified duplicates plus unresolved suspected same-plate/capture pairs (precautionary),portrait,no_flag,0,20260731,"No subject labels; uses orientation, objective quality band, and dominant hue bin proxies only."
zhx_19ac40a002622592,IMG20260430144932.png,val,train,precautionary_cluster_0060,1,verified duplicates plus unresolved suspected same-plate/capture pairs (precautionary),landscape,no_flag,1,20260731,"No subject labels; uses orientation, objective quality band, and dominant hue bin proxies only."
zhx_ad941e03f5294e90,IMG20260430145843.png,val,train,precautionary_cluster_0293,1,verified duplicates plus unresolved suspected same-plate/capture pairs (precautionary),portrait,no_flag,0,20260731,"No subject labels; uses orientation, objective quality band, and dominant hue bin proxies only."
zhx_6f83fd3864db8848,IMG20260430145859.png,val,train,precautionary_cluster_0202,1,verified duplicates plus unresolved suspected same-plate/capture pairs (precautionary),portrait,no_flag,1,20260731,"No subject labels; uses orientation, objective quality band, and dominant hue bin proxies only."
zhx_7186c088fc791764,IMG20260430150001.png,val,test,precautionary_cluster_0210,1,verified duplicates plus unresolved suspected same-plate/capture pairs (precautionary),portrait,no_flag,1,20260731,"No subject labels; uses orientation, objective quality band, and dominant hue bin proxies only."
zhx_891af2fed066811c,IMG20260430150940.png,val,train,precautionary_cluster_0246,1,verified duplicates plus unresolved suspected same-plate/capture pairs (precautionary),landscape,one_flag,1,20260731,"No subject labels; uses orientation, objective quality band, and dominant hue bin proxies only."
zhx_88cbdbb83ce2db61,IMG20260430151009.png,val,train,precautionary_cluster_0018,2,verified duplicates plus unresolved suspected same-plate/capture pairs (precautionary),portrait,no_flag,0,20260731,"No subject labels; uses orientation, objective quality band, and dominant hue bin proxies only."
zhx_f4b1ea6b0b843ea6,IMG20260430151505.png,val,train,precautionary_cluster_0415,1,verified duplicates plus unresolved suspected same-plate/capture pairs (precautionary),portrait,no_flag,4,20260731,"No subject labels; uses orientation, objective quality band, and dominant hue bin proxies only."
zhx_cfa0a483b5194906,IMG20260430151648.png,val,test,precautionary_cluster_0354,1,verified duplicates plus unresolved suspected same-plate/capture pairs (precautionary),landscape,no_flag,1,20260731,"No subject labels; uses orientation, objective quality band, and dominant hue bin proxies only."
zhx_4dca8dfc6a70ed62,IMG20260430151837.png,val,train,precautionary_cluster_0014,2,verified duplicates plus unresolved suspected same-plate/capture pairs (precautionary),portrait,no_flag,1,20260731,"No subject labels; uses orientation, objective quality band, and dominant hue bin proxies only."
zhx_ba7fc2e01622b9b7,IMG20260430151946.png,val,train,precautionary_cluster_0314,1,verified duplicates plus unresolved suspected same-plate/capture pairs (precautionary),landscape,one_flag,1,20260731,"No subject labels; uses orientation, objective quality band, and dominant hue bin proxies only."
zhx_88f928a0e2734531,IMG20260430151947.png,val,train,precautionary_cluster_0244,1,verified duplicates plus unresolved suspected same-plate/capture pairs (precautionary),landscape,no_flag,1,20260731,"No subject labels; uses orientation, objective quality band, and dominant hue bin proxies only."
zhx_6767720623824d72,IMG20260430152010.png,val,train,precautionary_cluster_0187,1,verified duplicates plus unresolved suspected same-plate/capture pairs (precautionary),landscape,no_flag,7,20260731,"No subject labels; uses orientation, objective quality band, and dominant hue bin proxies only."
zhx_d1d8ac2ba89663ae,IMG20260430152038.png,val,train,precautionary_cluster_0359,1,verified duplicates plus unresolved suspected same-plate/capture pairs (precautionary),portrait,no_flag,4,20260731,"No subject labels; uses orientation, objective quality band, and dominant hue bin proxies only."
zhx_6e588119a66ea674,IMG20260430152058.png,val,test,precautionary_cluster_0200,1,verified duplicates plus unresolved suspected same-plate/capture pairs (precautionary),landscape,no_flag,1,20260731,"No subject labels; uses orientation, objective quality band, and dominant hue bin proxies only."
zhx_d8141077599ebd59,IMG20260430152107.png,val,train,precautionary_cluster_0024,2,verified duplicates plus unresolved suspected same-plate/capture pairs (precautionary),landscape,no_flag,1,20260731,"No subject labels; uses orientation, objective quality band, and dominant hue bin proxies only."
zhx_2f71c9595d3f4e23,IMG20260430152141.png,val,train,precautionary_cluster_0091,1,verified duplicates plus unresolved suspected same-plate/capture pairs (precautionary),portrait,no_flag,1,20260731,"No subject labels; uses orientation, objective quality band, and dominant hue bin proxies only."
zhx_5e98fa5f03451c7c,IMG20260430152325.png,val,train,precautionary_cluster_0167,1,verified duplicates plus unresolved suspected same-plate/capture pairs (precautionary),landscape,no_flag,1,20260731,"No subject labels; uses orientation, objective quality band, and dominant hue bin proxies only."
zhx_fe50b283a40379a5,IMG20260430152331.png,val,train,precautionary_cluster_0427,1,verified duplicates plus unresolved suspected same-plate/capture pairs (precautionary),landscape,no_flag,1,20260731,"No subject labels; uses orientation, objective quality band, and dominant hue bin proxies only."
zhx_c963e9244aec4db6,IMG20260430152755.png,val,train,precautionary_cluster_0340,1,verified duplicates plus unresolved suspected same-plate/capture pairs (precautionary),landscape,no_flag,1,20260731,"No subject labels; uses orientation, objective quality band, and dominant hue bin proxies only."
zhx_afd589a72fb7beb9,IMG20260430152757.png,val,train,precautionary_cluster_0297,1,verified duplicates plus unresolved suspected same-plate/capture pairs (precautionary),landscape,no_flag,0,20260731,"No subject labels; uses orientation, objective quality band, and dominant hue bin proxies only."
zhx_4db51ae820871d81,IMG20260430153050.png,val,train,precautionary_cluster_0139,1,verified duplicates plus unresolved suspected same-plate/capture pairs (precautionary),portrait,no_flag,1,20260731,"No subject labels; uses orientation, objective quality band, and dominant hue bin proxies only."
zhx_985d45e09ad7ce79,IMG20260430102033.png,test,train,precautionary_cluster_0262,1,verified duplicates plus unresolved suspected same-plate/capture pairs (precautionary),portrait,no_flag,1,20260731,"No subject labels; uses orientation, objective quality band, and dominant hue bin proxies only."
zhx_c7e570b180b47030,IMG20260430102556.png,test,train,precautionary_cluster_0338,1,verified duplicates plus unresolved suspected same-plate/capture pairs (precautionary),portrait,no_flag,0,20260731,"No subject labels; uses orientation, objective quality band, and dominant hue bin proxies only."
zhx_49b5491a9be68104,IMG20260430102830.png,test,val,precautionary_cluster_0134,1,verified duplicates plus unresolved suspected same-plate/capture pairs (precautionary),portrait,no_flag,0,20260731,"No subject labels; uses orientation, objective quality band, and dominant hue bin proxies only."
zhx_28a20ffd3a43aad8,IMG20260430103047.png,test,train,precautionary_cluster_0079,1,verified duplicates plus unresolved suspected same-plate/capture pairs (precautionary),portrait,no_flag,5,20260731,"No subject labels; uses orientation, objective quality band, and dominant hue bin proxies only."
zhx_afe96e81942cc6b1,IMG20260430103054.png,test,train,precautionary_cluster_0298,1,verified duplicates plus unresolved suspected same-plate/capture pairs (precautionary),portrait,no_flag,1,20260731,"No subject labels; uses orientation, objective quality band, and dominant hue bin proxies only."
zhx_3dff750bb16a7300,IMG20260430103059.png,test,train,precautionary_cluster_0115,1,verified duplicates plus unresolved suspected same-plate/capture pairs (precautionary),square,no_flag,11,20260731,"No subject labels; uses orientation, objective quality band, and dominant hue bin proxies only."
zhx_60db0a6727479a27,IMG20260430103149_01.png,test,train,precautionary_cluster_0016,2,verified duplicates plus unresolved suspected same-plate/capture pairs (precautionary),landscape,no_flag,1,20260731,"No subject labels; uses orientation, objective quality band, and dominant hue bin proxies only."
zhx_f8db0a2120c21380,IMG20260430103236.png,test,train,precautionary_cluster_0023,2,verified duplicates plus unresolved suspected same-plate/capture pairs (precautionary),landscape,no_flag,11,20260731,"No subject labels; uses orientation, objective quality band, and dominant hue bin proxies only."
zhx_d2c40ed65870e88c,IMG20260430103312.png,test,val,precautionary_cluster_0360,1,verified duplicates plus unresolved suspected same-plate/capture pairs (precautionary),portrait,no_flag,4,20260731,"No subject labels; uses orientation, objective quality band, and dominant hue bin proxies only."
zhx_ec663fdef19df188,IMG20260430103408.png,test,val,precautionary_cluster_0400,1,verified duplicates plus unresolved suspected same-plate/capture pairs (precautionary),portrait,no_flag,8,20260731,"No subject labels; uses orientation, objective quality band, and dominant hue bin proxies only."
zhx_65f8271890d85392,IMG20260430103500.png,test,train,precautionary_cluster_0182,1,verified duplicates plus unresolved suspected same-plate/capture pairs (precautionary),portrait,no_flag,5,20260731,"No subject labels; uses orientation, objective quality band, and dominant hue bin proxies only."
zhx_342309b03c60fb9c,IMG20260430103600.png,test,train,precautionary_cluster_0099,1,verified duplicates plus unresolved suspected same-plate/capture pairs (precautionary),portrait,no_flag,1,20260731,"No subject labels; uses orientation, objective quality band, and dominant hue bin proxies only."
zhx_26b4371a2a53f730,IMG20260430103649.png,test,train,precautionary_cluster_0077,1,verified duplicates plus unresolved suspected same-plate/capture pairs (precautionary),landscape,no_flag,11,20260731,"No subject labels; uses orientation, objective quality band, and dominant hue bin proxies only."
zhx_edd89d82d075beb5,IMG20260430104212.png,test,val,precautionary_cluster_0404,1,verified duplicates plus unresolved suspected same-plate/capture pairs (precautionary),portrait,no_flag,0,20260731,"No subject labels; uses orientation, objective quality band, and dominant hue bin proxies only."
zhx_d7586530fe4500f5,IMG20260430104356.png,test,train,precautionary_cluster_0368,1,verified duplicates plus unresolved suspected same-plate/capture pairs (precautionary),portrait,no_flag,1,20260731,"No subject labels; uses orientation, objective quality band, and dominant hue bin proxies only."
zhx_c6a5f4f24694b77d,IMG20260430104552.png,test,train,precautionary_cluster_0334,1,verified duplicates plus unresolved suspected same-plate/capture pairs (precautionary),portrait,no_flag,1,20260731,"No subject labels; uses orientation, objective quality band, and dominant hue bin proxies only."
zhx_6753d714ceaf493a,IMG20260430104608.png,test,train,precautionary_cluster_0185,1,verified duplicates plus unresolved suspected same-plate/capture pairs (precautionary),portrait,no_flag,0,20260731,"No subject labels; uses orientation, objective quality band, and dominant hue bin proxies only."
zhx_28dcd2ba8010582d,IMG20260430105400.png,test,train,precautionary_cluster_0081,1,verified duplicates plus unresolved suspected same-plate/capture pairs (precautionary),portrait,no_flag,11,20260731,"No subject labels; uses orientation, objective quality band, and dominant hue bin proxies only."
zhx_a061c88b5c5e8664,IMG20260430105427.png,test,test,precautionary_cluster_0274,1,verified duplicates plus unresolved suspected same-plate/capture pairs (precautionary),portrait,no_flag,0,20260731,"No subject labels; uses orientation, objective quality band, and dominant hue bin proxies only."
zhx_934c67d3d96587c6,IMG20260430105453.png,test,train,precautionary_cluster_0259,1,verified duplicates plus unresolved suspected same-plate/capture pairs (precautionary),portrait,no_flag,0,20260731,"No subject labels; uses orientation, objective quality band, and dominant hue bin proxies only."
zhx_ec78074ba1454f55,IMG20260430105458.png,test,train,precautionary_cluster_0401,1,verified duplicates plus unresolved suspected same-plate/capture pairs (precautionary),portrait,no_flag,5,20260731,"No subject labels; uses orientation, objective quality band, and dominant hue bin proxies only."
zhx_e0ac53880b5a69a6,IMG20260430105610.png,test,val,precautionary_cluster_0379,1,verified duplicates plus unresolved suspected same-plate/capture pairs (precautionary),portrait,no_flag,1,20260731,"No subject labels; uses orientation, objective quality band, and dominant hue bin proxies only."
zhx_51cabe0ff36325f1,IMG20260430105737.png,test,val,precautionary_cluster_0145,1,verified duplicates plus unresolved suspected same-plate/capture pairs (precautionary),portrait,no_flag,0,20260731,"No subject labels; uses orientation, objective quality band, and dominant hue bin proxies only."
zhx_89c3025b0c833e40,IMG20260430105801.png,test,train,precautionary_cluster_0019,2,verified duplicates plus unresolved suspected same-plate/capture pairs (precautionary),portrait,no_flag,5,20260731,"No subject labels; uses orientation, objective quality band, and dominant hue bin proxies only."
zhx_e7ff1ce7713191e4,IMG20260430110153.png,test,train,precautionary_cluster_0389,1,verified duplicates plus unresolved suspected same-plate/capture pairs (precautionary),portrait,no_flag,1,20260731,"No subject labels; uses orientation, objective quality band, and dominant hue bin proxies only."
zhx_d8863d73daa7faad,IMG20260430115050.png,test,train,precautionary_cluster_0369,1,verified duplicates plus unresolved suspected same-plate/capture pairs (precautionary),portrait,no_flag,0,20260731,"No subject labels; uses orientation, objective quality band, and dominant hue bin proxies only."
zhx_c7c58af909221dee,IMG20260430115854.png,test,train,precautionary_cluster_0337,1,verified duplicates plus unresolved suspected same-plate/capture pairs (precautionary),portrait,no_flag,5,20260731,"No subject labels; uses orientation, objective quality band, and dominant hue bin proxies only."
zhx_9313df10a3fec899,IMG20260430115928.png,test,train,precautionary_cluster_0257,1,verified duplicates plus unresolved suspected same-plate/capture pairs (precautionary),landscape,multiple_flags,1,20260731,"No subject labels; uses orientation, objective quality band, and dominant hue bin proxies only."
zhx_4321cdb541775993,IMG20260430120009.png,test,val,precautionary_cluster_0123,1,verified duplicates plus unresolved suspected same-plate/capture pairs (precautionary),portrait,no_flag,1,20260731,"No subject labels; uses orientation, objective quality band, and dominant hue bin proxies only."
zhx_b111496171eb0b79,IMG20260430120037.png,test,train,precautionary_cluster_0300,1,verified duplicates plus unresolved suspected same-plate/capture pairs (precautionary),portrait,no_flag,11,20260731,"No subject labels; uses orientation, objective quality band, and dominant hue bin proxies only."
zhx_43575e1729cbef2c,IMG20260430120042.png,test,train,precautionary_cluster_0125,1,verified duplicates plus unresolved suspected same-plate/capture pairs (precautionary),square,no_flag,1,20260731,"No subject labels; uses orientation, objective quality band, and dominant hue bin proxies only."
zhx_eb79eda0c538846b,IMG20260430144957.png,test,train,precautionary_cluster_0396,1,verified duplicates plus unresolved suspected same-plate/capture pairs (precautionary),landscape,no_flag,1,20260731,"No subject labels; uses orientation, objective quality band, and dominant hue bin proxies only."
zhx_52a6d06907994ee6,IMG20260430152047.png,test,train,precautionary_cluster_0147,1,verified duplicates plus unresolved suspected same-plate/capture pairs (precautionary),landscape,no_flag,0,20260731,"No subject labels; uses orientation, objective quality band, and dominant hue bin proxies only."
zhx_04cd15e87927e1a5,IMG20260430152052.png,test,train,precautionary_cluster_0030,1,verified duplicates plus unresolved suspected same-plate/capture pairs (precautionary),landscape,no_flag,0,20260731,"No subject labels; uses orientation, objective quality band, and dominant hue bin proxies only."
zhx_26a13fef686eba7d,IMG20260430152110.png,test,train,precautionary_cluster_0009,2,verified duplicates plus unresolved suspected same-plate/capture pairs (precautionary),landscape,no_flag,1,20260731,"No subject labels; uses orientation, objective quality band, and dominant hue bin proxies only."
zhx_090a63a4fc648be6,IMG20260430152144.png,test,train,precautionary_cluster_0035,1,verified duplicates plus unresolved suspected same-plate/capture pairs (precautionary),portrait,no_flag,0,20260731,"No subject labels; uses orientation, objective quality band, and dominant hue bin proxies only."
zhx_47782678cd42c3b6,IMG20260430152158.png,test,train,precautionary_cluster_0013,2,verified duplicates plus unresolved suspected same-plate/capture pairs (precautionary),portrait,no_flag,0,20260731,"No subject labels; uses orientation, objective quality band, and dominant hue bin proxies only."
zhx_279efd3b982484f2,IMG20260430152203.png,test,train,precautionary_cluster_0078,1,verified duplicates plus unresolved suspected same-plate/capture pairs (precautionary),portrait,no_flag,1,20260731,"No subject labels; uses orientation, objective quality band, and dominant hue bin proxies only."
zhx_986df1cf5f4bcd0f,IMG20260430152231.png,test,train,precautionary_cluster_0020,2,verified duplicates plus unresolved suspected same-plate/capture pairs (precautionary),portrait,no_flag,0,20260731,"No subject labels; uses orientation, objective quality band, and dominant hue bin proxies only."
zhx_60c64ceaf456ded2,IMG20260430152233.png,test,train,precautionary_cluster_0175,1,verified duplicates plus unresolved suspected same-plate/capture pairs (precautionary),portrait,no_flag,0,20260731,"No subject labels; uses orientation, objective quality band, and dominant hue bin proxies only."
zhx_392c162abb550af8,IMG20260430152318.png,test,train,precautionary_cluster_0107,1,verified duplicates plus unresolved suspected same-plate/capture pairs (precautionary),portrait,no_flag,1,20260731,"No subject labels; uses orientation, objective quality band, and dominant hue bin proxies only."
zhx_0fe67ccbeb787c5a,IMG20260430152343.png,test,train,precautionary_cluster_0042,1,verified duplicates plus unresolved suspected same-plate/capture pairs (precautionary),landscape,no_flag,1,20260731,"No subject labels; uses orientation, objective quality band, and dominant hue bin proxies only."
zhx_ef69811fd31ffcdb,IMG20260430152402.png,test,train,precautionary_cluster_0407,1,verified duplicates plus unresolved suspected same-plate/capture pairs (precautionary),landscape,no_flag,1,20260731,"No subject labels; uses orientation, objective quality band, and dominant hue bin proxies only."
zhx_85148282652af67f,IMG20260430152424.png,test,train,precautionary_cluster_0235,1,verified duplicates plus unresolved suspected same-plate/capture pairs (precautionary),portrait,no_flag,1,20260731,"No subject labels; uses orientation, objective quality band, and dominant hue bin proxies only."
zhx_393a2739b5f1d500,IMG20260430152436.png,test,train,precautionary_cluster_0108,1,verified duplicates plus unresolved suspected same-plate/capture pairs (precautionary),portrait,no_flag,1,20260731,"No subject labels; uses orientation, objective quality band, and dominant hue bin proxies only."
