trial_id,observer_id,observer_cohort,evaluation_dimension,artwork_id,left_method,right_method,selected_position,winner_method,loser_method
T000001,E01,Faculty,Style Authenticity,IMG20260430103435,M0,M1,Left,M0,M1
T000002,E01,Faculty,Visual Harmony,IMG20260430103435,M0,DDColor,Left,M0,DDColor
T000003,E01,Faculty,Style Authenticity,IMG20260430103755,M1,DDColor,Right,DDColor,M1
T000004,E01,Faculty,Visual Harmony,IMG20260430103755,M1,Reinhard,Right,Reinhard,M1
T000005,E01,Faculty,Style Authenticity,IMG20260430103113,M1,DDColor,Right,DDColor,M1
T000006,E01,Faculty,Style Authenticity,IMG20260430102902,Reinhard,M1,Left,Reinhard,M1
T000007,E01,Faculty,Style Authenticity,IMG20260430103113,DDColor,M4,Left,DDColor,M4
T000008,E01,Faculty,Visual Harmony,IMG20260430110350,M0,DDColor,Right,DDColor,M0
T000009,E01,Faculty,Visual Harmony,IMG20260430104113,Reinhard,M0,Right,M0,Reinhard
T000010,E01,Faculty,Style Authenticity,IMG20260430102920,M1,M4,Right,M4,M1
T000011,E01,Faculty,Style Authenticity,IMG20260430110350,M0,Reinhard,Left,M0,Reinhard
T000012,E01,Faculty,Style Authenticity,IMG20260430104352,M1,DDColor,Left,M1,DDColor
T000013,E01,Faculty,Visual Harmony,IMG20260430103043,DDColor,Reinhard,Left,DDColor,Reinhard
T000014,E01,Faculty,Visual Harmony,IMG20260430103043,Reinhard,M0,Right,M0,Reinhard
T000015,E01,Faculty,Visual Harmony,IMG20260430104348,M4,M1,Left,M4,M1
T000016,E01,Faculty,Visual Harmony,IMG20260430102920,M4,M0,Left,M4,M0
T000017,E01,Faculty,Visual Harmony,IMG20260430104348,DDColor,M0,Left,DDColor,M0
T000018,E01,Faculty,Style Authenticity,IMG20260430103656,M4,M1,Left,M4,M1
T000019,E01,Faculty,Style Authenticity,IMG20260430103043,M1,Reinhard,Right,Reinhard,M1
T000020,E01,Faculty,Style Authenticity,IMG20260430102902,DDColor,M4,Left,DDColor,M4
T000021,E01,Faculty,Style Authenticity,IMG20260430104348,M1,DDColor,Left,M1,DDColor
T000022,E01,Faculty,Style Authenticity,IMG20260430103755,M4,DDColor,Left,M4,DDColor
T000023,E01,Faculty,Visual Harmony,IMG20260430103435,DDColor,M1,Right,M1,DDColor
T000024,E01,Faculty,Style Authenticity,IMG20260430103113,M0,DDColor,Left,M0,DDColor
T000025,E01,Faculty,Style Authenticity,IMG20260430104348,M1,M4,Left,M1,M4
T000026,E01,Faculty,Visual Harmony,IMG20260430102920,Reinhard,DDColor,Right,DDColor,Reinhard
T000027,E01,Faculty,Style Authenticity,IMG20260430104113,DDColor,M1,Right,M1,DDColor
T000028,E01,Faculty,Style Authenticity,IMG20260430103113,M1,M4,Right,M4,M1
T000029,E01,Faculty,Style Authenticity,IMG20260430104352,M4,M1,Left,M4,M1
T000030,E01,Faculty,Visual Harmony,IMG20260430102902,M4,M0,Left,M4,M0
T000031,E01,Faculty,Style Authenticity,IMG20260430110350,Reinhard,DDColor,Left,Reinhard,DDColor
T000032,E01,Faculty,Style Authenticity,IMG20260430104410,M1,M0,Left,M1,M0
T000033,E01,Faculty,Style Authenticity,IMG20260430103656,M4,Reinhard,Left,M4,Reinhard
T000034,E01,Faculty,Style Authenticity,IMG20260430103755,M0,M1,Left,M0,M1
T000035,E01,Faculty,Style Authenticity,IMG20260430110350,M0,M1,Left,M0,M1
T000036,E01,Faculty,Visual Harmony,IMG20260430104410,DDColor,M4,Right,M4,DDColor
T000037,E01,Faculty,Style Authenticity,IMG20260430110350,DDColor,M1,Left,DDColor,M1
T000038,E01,Faculty,Visual Harmony,IMG20260430103656,M1,DDColor,Left,M1,DDColor
T000039,E01,Faculty,Visual Harmony,IMG20260430103043,M4,Reinhard,Left,M4,Reinhard
T000040,E01,Faculty,Style Authenticity,IMG20260430102902,M4,M0,Left,M4,M0
T000041,E01,Faculty,Style Authenticity,IMG20260430103043,M0,Reinhard,Right,Reinhard,M0
T000042,E01,Faculty,Visual Harmony,IMG20260430102902,DDColor,M0,Left,DDColor,M0
T000043,E01,Faculty,Style Authenticity,IMG20260430103656,M0,DDColor,Left,M0,DDColor
T000044,E01,Faculty,Visual Harmony,IMG20260430104348,M4,M0,Left,M4,M0
T000045,E01,Faculty,Style Authenticity,IMG20260430103656,M0,M1,Left,M0,M1
T000046,E01,Faculty,Visual Harmony,IMG20260430102920,M0,DDColor,Right,DDColor,M0
T000047,E01,Faculty,Style Authenticity,IMG20260430104410,M1,DDColor,Left,M1,DDColor
T000048,E01,Faculty,Style Authenticity,IMG20260430102920,Reinhard,DDColor,Left,Reinhard,DDColor
T000049,E01,Faculty,Style Authenticity,IMG20260430110350,M0,M4,Right,M4,M0
T000050,E01,Faculty,Style Authenticity,IMG20260430103656,DDColor,Reinhard,Right,Reinhard,DDColor
T000051,E01,Faculty,Visual Harmony,IMG20260430103113,M4,DDColor,Left,M4,DDColor
T000052,E01,Faculty,Visual Harmony,IMG20260430103435,M0,Reinhard,Left,M0,Reinhard
T000053,E01,Faculty,Visual Harmony,IMG20260430104410,M0,M1,Right,M1,M0
T000054,E01,Faculty,Style Authenticity,IMG20260430103755,Reinhard,DDColor,Right,DDColor,Reinhard
T000055,E01,Faculty,Visual Harmony,IMG20260430103755,M4,DDColor,Left,M4,DDColor
T000056,E01,Faculty,Style Authenticity,IMG20260430103755,M1,M4,Right,M4,M1
T000057,E01,Faculty,Style Authenticity,IMG20260430103435,M0,M4,Left,M0,M4
T000058,E01,Faculty,Style Authenticity,IMG20260430104410,M4,Reinhard,Left,M4,Reinhard
T000059,E01,Faculty,Visual Harmony,IMG20260430104348,Reinhard,M4,Right,M4,Reinhard
T000060,E01,Faculty,Visual Harmony,IMG20260430104352,M1,M4,Right,M4,M1
T000061,E01,Faculty,Visual Harmony,IMG20260430104113,M4,M0,Left,M4,M0
T000062,E01,Faculty,Style Authenticity,IMG20260430104352,DDColor,Reinhard,Left,DDColor,Reinhard
T000063,E01,Faculty,Style Authenticity,IMG20260430102902,M1,M0,Left,M1,M0
T000064,E01,Faculty,Visual Harmony,IMG20260430104352,M0,M1,Left,M0,M1
T000065,E01,Faculty,Visual Harmony,IMG20260430104348,Reinhard,M1,Right,M1,Reinhard
T000066,E01,Faculty,Visual Harmony,IMG20260430102902,M1,M4,Right,M4,M1
T000067,E01,Faculty,Style Authenticity,IMG20260430103113,Reinhard,DDColor,Left,Reinhard,DDColor
T000068,E01,Faculty,Style Authenticity,IMG20260430103043,M4,M1,Left,M4,M1
T000069,E01,Faculty,Style Authenticity,IMG20260430103656,DDColor,M4,Right,M4,DDColor
T000070,E01,Faculty,Visual Harmony,IMG20260430104410,M1,M4,Left,M1,M4
T000071,E01,Faculty,Style Authenticity,IMG20260430103755,M4,M0,Right,M0,M4
T000072,E01,Faculty,Visual Harmony,IMG20260430110350,M0,M4,Right,M4,M0
T000073,E01,Faculty,Visual Harmony,IMG20260430104410,Reinhard,M4,Left,Reinhard,M4
T000074,E01,Faculty,Style Authenticity,IMG20260430104410,M4,M1,Left,M4,M1
T000075,E01,Faculty,Visual Harmony,IMG20260430103656,DDColor,Reinhard,Left,DDColor,Reinhard
T000076,E01,Faculty,Visual Harmony,IMG20260430104352,M4,M0,Right,M0,M4
T000077,E01,Faculty,Style Authenticity,IMG20260430103656,DDColor,M1,Right,M1,DDColor
T000078,E01,Faculty,Visual Harmony,IMG20260430103656,M0,M4,Left,M0,M4
T000079,E01,Faculty,Visual Harmony,IMG20260430102920,M0,Reinhard,Left,M0,Reinhard
T000080,E01,Faculty,Visual Harmony,IMG20260430103043,M4,M0,Left,M4,M0
T000081,E01,Faculty,Visual Harmony,IMG20260430110350,M1,M0,Right,M0,M1
T000082,E01,Faculty,Visual Harmony,IMG20260430103755,M0,DDColor,Left,M0,DDColor
T000083,E01,Faculty,Visual Harmony,IMG20260430102920,M4,M1,Right,M1,M4
T000084,E01,Faculty,Visual Harmony,IMG20260430104113,M4,M1,Left,M4,M1
T000085,E01,Faculty,Style Authenticity,IMG20260430104113,M4,Reinhard,Right,Reinhard,M4
T000086,E01,Faculty,Style Authenticity,IMG20260430103656,M1,Reinhard,Right,Reinhard,M1
T000087,E01,Faculty,Style Authenticity,IMG20260430102902,M4,M1,Left,M4,M1
T000088,E01,Faculty,Visual Harmony,IMG20260430102902,M0,M1,Right,M1,M0
T000089,E01,Faculty,Visual Harmony,IMG20260430102920,M1,M0,Left,M1,M0
T000090,E01,Faculty,Style Authenticity,IMG20260430103113,M0,Reinhard,Left,M0,Reinhard
T000091,E01,Faculty,Style Authenticity,IMG20260430103043,DDColor,M4,Left,DDColor,M4
T000092,E01,Faculty,Visual Harmony,IMG20260430103435,Reinhard,M1,Right,M1,Reinhard
T000093,E01,Faculty,Style Authenticity,IMG20260430110350,M4,DDColor,Left,M4,DDColor
T000094,E01,Faculty,Style Authenticity,IMG20260430110350,Reinhard,M4,Right,M4,Reinhard
T000095,E01,Faculty,Style Authenticity,IMG20260430104410,M0,DDColor,Right,DDColor,M0
T000096,E01,Faculty,Visual Harmony,IMG20260430103755,M1,DDColor,Right,DDColor,M1
T000097,E01,Faculty,Visual Harmony,IMG20260430110350,Reinhard,M1,Right,M1,Reinhard
T000098,E01,Faculty,Style Authenticity,IMG20260430104410,M4,DDColor,Right,DDColor,M4
T000099,E01,Faculty,Style Authenticity,IMG20260430104348,Reinhard,M0,Right,M0,Reinhard
T000100,E01,Faculty,Style Authenticity,IMG20260430104352,M0,M4,Right,M4,M0
T000101,E01,Faculty,Visual Harmony,IMG20260430103113,M0,Reinhard,Left,M0,Reinhard
T000102,E01,Faculty,Style Authenticity,IMG20260430110350,M0,DDColor,Left,M0,DDColor
T000103,E01,Faculty,Style Authenticity,IMG20260430103435,M0,DDColor,Left,M0,DDColor
T000104,E01,Faculty,Visual Harmony,IMG20260430104113,M0,DDColor,Left,M0,DDColor
T000105,E01,Faculty,Visual Harmony,IMG20260430104410,Reinhard,M1,Left,Reinhard,M1
T000106,E01,Faculty,Visual Harmony,IMG20260430104352,M0,DDColor,Left,M0,DDColor
T000107,E01,Faculty,Visual Harmony,IMG20260430103113,M1,DDColor,Right,DDColor,M1
T000108,E01,Faculty,Visual Harmony,IMG20260430102902,M1,DDColor,Right,DDColor,M1
T000109,E01,Faculty,Visual Harmony,IMG20260430110350,DDColor,Reinhard,Left,DDColor,Reinhard
T000110,E01,Faculty,Style Authenticity,IMG20260430104113,Reinhard,M1,Left,Reinhard,M1
T000111,E01,Faculty,Style Authenticity,IMG20260430102902,M0,Reinhard,Left,M0,Reinhard
T000112,E01,Faculty,Visual Harmony,IMG20260430104348,M0,M1,Left,M0,M1
T000113,E01,Faculty,Style Authenticity,IMG20260430103043,DDColor,M1,Right,M1,DDColor
T000114,E01,Faculty,Visual Harmony,IMG20260430110350,M0,Reinhard,Left,M0,Reinhard
T000115,E01,Faculty,Visual Harmony,IMG20260430103113,M0,M1,Left,M0,M1
T000116,E01,Faculty,Visual Harmony,IMG20260430103656,M1,Reinhard,Right,Reinhard,M1
T000117,E01,Faculty,Visual Harmony,IMG20260430104113,M0,M1,Left,M0,M1
T000118,E01,Faculty,Style Authenticity,IMG20260430104348,M0,M4,Left,M0,M4
T000119,E01,Faculty,Style Authenticity,IMG20260430104348,Reinhard,M1,Right,M1,Reinhard
T000120,E01,Faculty,Visual Harmony,IMG20260430104352,Reinhard,M0,Right,M0,Reinhard
T000121,E01,Faculty,Visual Harmony,IMG20260430103435,Reinhard,DDColor,Left,Reinhard,DDColor
T000122,E01,Faculty,Visual Harmony,IMG20260430104113,Reinhard,M1,Right,M1,Reinhard
T000123,E01,Faculty,Visual Harmony,IMG20260430102902,M4,Reinhard,Right,Reinhard,M4
T000124,E01,Faculty,Style Authenticity,IMG20260430104410,M0,M4,Right,M4,M0
T000125,E01,Faculty,Style Authenticity,IMG20260430104113,M4,DDColor,Left,M4,DDColor
T000126,E01,Faculty,Style Authenticity,IMG20260430102902,DDColor,M1,Right,M1,DDColor
T000127,E01,Faculty,Style Authenticity,IMG20260430110350,M1,Reinhard,Left,M1,Reinhard
T000128,E01,Faculty,Style Authenticity,IMG20260430104348,M0,M1,Right,M1,M0
T000129,E01,Faculty,Visual Harmony,IMG20260430103435,M4,Reinhard,Right,Reinhard,M4
T000130,E01,Faculty,Visual Harmony,IMG20260430103755,M0,Reinhard,Left,M0,Reinhard
T000131,E01,Faculty,Style Authenticity,IMG20260430103656,Reinhard,M0,Left,Reinhard,M0
T000132,E01,Faculty,Style Authenticity,IMG20260430104410,M0,Reinhard,Left,M0,Reinhard
T000133,E01,Faculty,Visual Harmony,IMG20260430103656,M1,M4,Left,M1,M4
T000134,E01,Faculty,Style Authenticity,IMG20260430103755,M4,Reinhard,Left,M4,Reinhard
T000135,E01,Faculty,Style Authenticity,IMG20260430102902,M0,DDColor,Left,M0,DDColor
T000136,E01,Faculty,Visual Harmony,IMG20260430103043,M1,Reinhard,Right,Reinhard,M1
T000137,E01,Faculty,Visual Harmony,IMG20260430103656,M1,M0,Left,M1,M0
T000138,E01,Faculty,Style Authenticity,IMG20260430103043,DDColor,M0,Right,M0,DDColor
T000139,E01,Faculty,Style Authenticity,IMG20260430103435,Reinhard,DDColor,Right,DDColor,Reinhard
T000140,E01,Faculty,Visual Harmony,IMG20260430104348,DDColor,Reinhard,Left,DDColor,Reinhard
T000141,E01,Faculty,Visual Harmony,IMG20260430104352,Reinhard,DDColor,Right,DDColor,Reinhard
T000142,E01,Faculty,Visual Harmony,IMG20260430104352,M1,DDColor,Right,DDColor,M1
T000143,E01,Faculty,Visual Harmony,IMG20260430103656,M0,DDColor,Left,M0,DDColor
T000144,E01,Faculty,Style Authenticity,IMG20260430102920,DDColor,M0,Left,DDColor,M0
T000145,E01,Faculty,Style Authenticity,IMG20260430103043,M4,Reinhard,Right,Reinhard,M4
T000146,E01,Faculty,Visual Harmony,IMG20260430110350,DDColor,M1,Right,M1,DDColor
T000147,E01,Faculty,Visual Harmony,IMG20260430103656,DDColor,M4,Right,M4,DDColor
T000148,E01,Faculty,Visual Harmony,IMG20260430103113,M4,Reinhard,Right,Reinhard,M4
T000149,E01,Faculty,Style Authenticity,IMG20260430102920,M4,DDColor,Left,M4,DDColor
T000150,E01,Faculty,Style Authenticity,IMG20260430103113,M1,M0,Right,M0,M1
T000151,E01,Faculty,Style Authenticity,IMG20260430103755,M1,Reinhard,Right,Reinhard,M1
T000152,E01,Faculty,Style Authenticity,IMG20260430104352,M0,M1,Right,M1,M0
T000153,E01,Faculty,Style Authenticity,IMG20260430103755,Reinhard,M0,Right,M0,Reinhard
T000154,E01,Faculty,Visual Harmony,IMG20260430103755,M0,M4,Left,M0,M4
T000155,E01,Faculty,Style Authenticity,IMG20260430104410,Reinhard,M1,Right,M1,Reinhard
T000156,E01,Faculty,Visual Harmony,IMG20260430103435,DDColor,M4,Right,M4,DDColor
T000157,E01,Faculty,Visual Harmony,IMG20260430102902,M4,DDColor,Right,DDColor,M4
T000158,E01,Faculty,Style Authenticity,IMG20260430104348,M4,DDColor,Left,M4,DDColor
T000159,E01,Faculty,Style Authenticity,IMG20260430104348,DDColor,Reinhard,Left,DDColor,Reinhard
T000160,E01,Faculty,Style Authenticity,IMG20260430102920,M4,Reinhard,Left,M4,Reinhard
T000161,E01,Faculty,Style Authenticity,IMG20260430104352,M4,Reinhard,Right,Reinhard,M4
T000162,E01,Faculty,Style Authenticity,IMG20260430104348,DDColor,M0,Left,DDColor,M0
T000163,E01,Faculty,Style Authenticity,IMG20260430104113,M0,Reinhard,Left,M0,Reinhard
T000164,E01,Faculty,Visual Harmony,IMG20260430104410,M1,DDColor,Left,M1,DDColor
T000165,E01,Faculty,Visual Harmony,IMG20260430102920,DDColor,M4,Right,M4,DDColor
T000166,E01,Faculty,Visual Harmony,IMG20260430104352,M4,Reinhard,Left,M4,Reinhard
T000167,E01,Faculty,Style Authenticity,IMG20260430103755,M0,DDColor,Left,M0,DDColor
T000168,E01,Faculty,Style Authenticity,IMG20260430103113,Reinhard,M1,Left,Reinhard,M1
T000169,E01,Faculty,Visual Harmony,IMG20260430103656,Reinhard,M4,Right,M4,Reinhard
T000170,E01,Faculty,Style Authenticity,IMG20260430104113,M0,DDColor,Right,DDColor,M0
T000171,E01,Faculty,Style Authenticity,IMG20260430103435,M4,DDColor,Left,M4,DDColor
T000172,E01,Faculty,Visual Harmony,IMG20260430104348,M4,DDColor,Left,M4,DDColor
T000173,E01,Faculty,Visual Harmony,IMG20260430102902,Reinhard,M1,Right,M1,Reinhard
T000174,E01,Faculty,Visual Harmony,IMG20260430104348,M1,DDColor,Left,M1,DDColor
T000175,E01,Faculty,Style Authenticity,IMG20260430102920,Reinhard,M0,Left,Reinhard,M0
T000176,E01,Faculty,Style Authenticity,IMG20260430103435,M4,M1,Left,M4,M1
T000177,E01,Faculty,Visual Harmony,IMG20260430104113,Reinhard,M4,Right,M4,Reinhard
T000178,E01,Faculty,Visual Harmony,IMG20260430103755,Reinhard,DDColor,Left,Reinhard,DDColor
T000179,E01,Faculty,Visual Harmony,IMG20260430103043,M1,M4,Right,M4,M1
T000180,E01,Faculty,Visual Harmony,IMG20260430103435,M0,M4,Right,M4,M0
T000181,E01,Faculty,Visual Harmony,IMG20260430104352,M4,DDColor,Right,DDColor,M4
T000182,E01,Faculty,Style Authenticity,IMG20260430110350,M1,M4,Right,M4,M1
T000183,E01,Faculty,Style Authenticity,IMG20260430104113,M4,M0,Right,M0,M4
T000184,E01,Faculty,Style Authenticity,IMG20260430103435,M0,Reinhard,Left,M0,Reinhard
T000185,E01,Faculty,Style Authenticity,IMG20260430102902,Reinhard,DDColor,Right,DDColor,Reinhard
T000186,E01,Faculty,Visual Harmony,IMG20260430103435,M1,M4,Left,M1,M4
T000187,E01,Faculty,Visual Harmony,IMG20260430104410,M0,Reinhard,Left,M0,Reinhard
T000188,E01,Faculty,Visual Harmony,IMG20260430103113,M1,Reinhard,Left,M1,Reinhard
T000189,E01,Faculty,Visual Harmony,IMG20260430104113,M4,DDColor,Right,DDColor,M4
T000190,E01,Faculty,Style Authenticity,IMG20260430103043,M1,M0,Right,M0,M1
T000191,E01,Faculty,Style Authenticity,IMG20260430104113,Reinhard,DDColor,Right,DDColor,Reinhard
T000192,E01,Faculty,Visual Harmony,IMG20260430103113,M4,M0,Right,M0,M4
T000193,E01,Faculty,Visual Harmony,IMG20260430104113,DDColor,M1,Left,DDColor,M1
T000194,E01,Faculty,Style Authenticity,IMG20260430103435,Reinhard,M1,Right,M1,Reinhard
T000195,E01,Faculty,Style Authenticity,IMG20260430104410,Reinhard,DDColor,Right,DDColor,Reinhard
T000196,E01,Faculty,Style Authenticity,IMG20260430104352,M1,Reinhard,Left,M1,Reinhard
T000197,E01,Faculty,Style Authenticity,IMG20260430104352,DDColor,M4,Right,M4,DDColor
T000198,E01,Faculty,Visual Harmony,IMG20260430102902,DDColor,Reinhard,Left,DDColor,Reinhard
T000199,E01,Faculty,Visual Harmony,IMG20260430104352,M1,Reinhard,Left,M1,Reinhard
T000200,E01,Faculty,Visual Harmony,IMG20260430104348,M0,Reinhard,Right,Reinhard,M0
T000201,E01,Faculty,Style Authenticity,IMG20260430104348,M4,Reinhard,Left,M4,Reinhard
T000202,E01,Faculty,Style Authenticity,IMG20260430103043,DDColor,Reinhard,Right,Reinhard,DDColor
T000203,E01,Faculty,Visual Harmony,IMG20260430103656,Reinhard,M0,Left,Reinhard,M0
T000204,E01,Faculty,Visual Harmony,IMG20260430103435,M0,M1,Right,M1,M0
T000205,E01,Faculty,Visual Harmony,IMG20260430102920,Reinhard,M4,Right,M4,Reinhard
T000206,E01,Faculty,Style Authenticity,IMG20260430103113,M4,Reinhard,Left,M4,Reinhard
T000207,E01,Faculty,Visual Harmony,IMG20260430103043,M0,M1,Left,M0,M1
T000208,E01,Faculty,Visual Harmony,IMG20260430103113,M1,M4,Right,M4,M1
T000209,E01,Faculty,Visual Harmony,IMG20260430102920,Reinhard,M1,Right,M1,Reinhard
T000210,E01,Faculty,Visual Harmony,IMG20260430104113,Reinhard,DDColor,Left,Reinhard,DDColor
T000211,E01,Faculty,Visual Harmony,IMG20260430102920,M1,DDColor,Right,DDColor,M1
T000212,E01,Faculty,Visual Harmony,IMG20260430110350,M4,Reinhard,Left,M4,Reinhard
T000213,E01,Faculty,Visual Harmony,IMG20260430110350,M1,M4,Right,M4,M1
T000214,E01,Faculty,Style Authenticity,IMG20260430102920,M1,Reinhard,Left,M1,Reinhard
T000215,E01,Faculty,Style Authenticity,IMG20260430102920,M0,M1,Left,M0,M1
T000216,E01,Faculty,Visual Harmony,IMG20260430103755,M0,M1,Right,M1,M0
T000217,E01,Faculty,Style Authenticity,IMG20260430104352,Reinhard,M0,Left,Reinhard,M0
T000218,E01,Faculty,Visual Harmony,IMG20260430104410,M4,M0,Right,M0,M4
T000219,E01,Faculty,Style Authenticity,IMG20260430104113,M1,M4,Right,M4,M1
T000220,E01,Faculty,Visual Harmony,IMG20260430110350,DDColor,M4,Right,M4,DDColor
T000221,E01,Faculty,Style Authenticity,IMG20260430103043,M0,M4,Right,M4,M0
T000222,E01,Faculty,Style Authenticity,IMG20260430103435,M1,DDColor,Right,DDColor,M1
T000223,E01,Faculty,Style Authenticity,IMG20260430102920,M4,M0,Right,M0,M4
T000224,E01,Faculty,Visual Harmony,IMG20260430103043,DDColor,M4,Right,M4,DDColor
T000225,E01,Faculty,Style Authenticity,IMG20260430102902,Reinhard,M4,Right,M4,Reinhard
T000226,E01,Faculty,Style Authenticity,IMG20260430102920,M1,DDColor,Right,DDColor,M1
T000227,E01,Faculty,Style Authenticity,IMG20260430104352,DDColor,M0,Right,M0,DDColor
T000228,E01,Faculty,Visual Harmony,IMG20260430103755,M1,M4,Right,M4,M1
T000229,E01,Faculty,Style Authenticity,IMG20260430103435,Reinhard,M4,Left,Reinhard,M4
T000230,E01,Faculty,Style Authenticity,IMG20260430103113,M4,M0,Right,M0,M4
T000231,E01,Faculty,Visual Harmony,IMG20260430104410,DDColor,M0,Right,M0,DDColor
T000232,E01,Faculty,Visual Harmony,IMG20260430103043,M1,DDColor,Left,M1,DDColor
T000233,E01,Faculty,Visual Harmony,IMG20260430103043,M0,DDColor,Left,M0,DDColor
T000234,E01,Faculty,Visual Harmony,IMG20260430102902,Reinhard,M0,Right,M0,Reinhard
T000235,E01,Faculty,Style Authenticity,IMG20260430104113,M0,M1,Left,M0,M1
T000236,E01,Faculty,Visual Harmony,IMG20260430103113,M0,DDColor,Right,DDColor,M0
T000237,E01,Faculty,Visual Harmony,IMG20260430103113,Reinhard,DDColor,Right,DDColor,Reinhard
T000238,E01,Faculty,Visual Harmony,IMG20260430103755,Reinhard,M4,Left,Reinhard,M4
T000239,E01,Faculty,Style Authenticity,IMG20260430103656,M0,M4,Right,M4,M0
T000240,E01,Faculty,Visual Harmony,IMG20260430104410,Reinhard,DDColor,Right,DDColor,Reinhard
T000241,E02,Faculty,Visual Harmony,IMG20260430104410,M0,M1,Right,M1,M0
T000242,E02,Faculty,Style Authenticity,IMG20260430103755,Reinhard,DDColor,Right,DDColor,Reinhard
T000243,E02,Faculty,Style Authenticity,IMG20260430103113,M4,DDColor,Left,M4,DDColor
T000244,E02,Faculty,Style Authenticity,IMG20260430103113,M4,M0,Left,M4,M0
T000245,E02,Faculty,Style Authenticity,IMG20260430104113,DDColor,M4,Right,M4,DDColor
T000246,E02,Faculty,Style Authenticity,IMG20260430104410,DDColor,M4,Right,M4,DDColor
T000247,E02,Faculty,Style Authenticity,IMG20260430104348,DDColor,M4,Right,M4,DDColor
T000248,E02,Faculty,Style Authenticity,IMG20260430103435,M1,M4,Right,M4,M1
T000249,E02,Faculty,Style Authenticity,IMG20260430103043,M0,DDColor,Left,M0,DDColor
T000250,E02,Faculty,Visual Harmony,IMG20260430104348,M0,DDColor,Left,M0,DDColor
T000251,E02,Faculty,Style Authenticity,IMG20260430104348,M0,M1,Left,M0,M1
T000252,E02,Faculty,Visual Harmony,IMG20260430103043,M4,M1,Left,M4,M1
T000253,E02,Faculty,Style Authenticity,IMG20260430102902,M0,Reinhard,Left,M0,Reinhard
T000254,E02,Faculty,Visual Harmony,IMG20260430110350,M0,Reinhard,Left,M0,Reinhard
T000255,E02,Faculty,Style Authenticity,IMG20260430103435,Reinhard,M0,Right,M0,Reinhard
T000256,E02,Faculty,Visual Harmony,IMG20260430103656,M1,DDColor,Right,DDColor,M1
T000257,E02,Faculty,Visual Harmony,IMG20260430103113,M1,M0,Left,M1,M0
T000258,E02,Faculty,Style Authenticity,IMG20260430102902,M4,M0,Right,M0,M4
T000259,E02,Faculty,Visual Harmony,IMG20260430102920,DDColor,M0,Right,M0,DDColor
T000260,E02,Faculty,Style Authenticity,IMG20260430103656,DDColor,M0,Right,M0,DDColor
T000261,E02,Faculty,Visual Harmony,IMG20260430104348,M4,M1,Left,M4,M1
T000262,E02,Faculty,Visual Harmony,IMG20260430103435,M0,Reinhard,Left,M0,Reinhard
T000263,E02,Faculty,Style Authenticity,IMG20260430102902,M0,M1,Right,M1,M0
T000264,E02,Faculty,Style Authenticity,IMG20260430104113,Reinhard,M1,Right,M1,Reinhard
T000265,E02,Faculty,Style Authenticity,IMG20260430103113,DDColor,M0,Right,M0,DDColor
T000266,E02,Faculty,Visual Harmony,IMG20260430102902,M4,DDColor,Left,M4,DDColor
T000267,E02,Faculty,Visual Harmony,IMG20260430104348,M1,Reinhard,Right,Reinhard,M1
T000268,E02,Faculty,Visual Harmony,IMG20260430104410,Reinhard,M4,Left,Reinhard,M4
T000269,E02,Faculty,Visual Harmony,IMG20260430103755,M1,M4,Right,M4,M1
T000270,E02,Faculty,Style Authenticity,IMG20260430103755,DDColor,M1,Left,DDColor,M1
T000271,E02,Faculty,Style Authenticity,IMG20260430103656,M4,Reinhard,Left,M4,Reinhard
T000272,E02,Faculty,Visual Harmony,IMG20260430103755,Reinhard,M4,Right,M4,Reinhard
T000273,E02,Faculty,Visual Harmony,IMG20260430102902,DDColor,Reinhard,Left,DDColor,Reinhard
T000274,E02,Faculty,Style Authenticity,IMG20260430104410,Reinhard,DDColor,Left,Reinhard,DDColor
T000275,E02,Faculty,Visual Harmony,IMG20260430104410,M0,DDColor,Left,M0,DDColor
T000276,E02,Faculty,Visual Harmony,IMG20260430103755,DDColor,M0,Right,M0,DDColor
T000277,E02,Faculty,Style Authenticity,IMG20260430104410,M0,M4,Right,M4,M0
T000278,E02,Faculty,Style Authenticity,IMG20260430104348,DDColor,M0,Right,M0,DDColor
T000279,E02,Faculty,Style Authenticity,IMG20260430103113,M1,M0,Right,M0,M1
T000280,E02,Faculty,Visual Harmony,IMG20260430103043,M4,DDColor,Left,M4,DDColor
T000281,E02,Faculty,Visual Harmony,IMG20260430103755,M0,Reinhard,Left,M0,Reinhard
T000282,E02,Faculty,Visual Harmony,IMG20260430104410,M4,M0,Right,M0,M4
T000283,E02,Faculty,Style Authenticity,IMG20260430102902,DDColor,M4,Right,M4,DDColor
T000284,E02,Faculty,Visual Harmony,IMG20260430103656,Reinhard,M0,Left,Reinhard,M0
T000285,E02,Faculty,Visual Harmony,IMG20260430104410,M1,M4,Right,M4,M1
T000286,E02,Faculty,Visual Harmony,IMG20260430104348,M0,M4,Right,M4,M0
T000287,E02,Faculty,Visual Harmony,IMG20260430102902,M0,M4,Right,M4,M0
T000288,E02,Faculty,Style Authenticity,IMG20260430103043,M1,M4,Right,M4,M1
T000289,E02,Faculty,Visual Harmony,IMG20260430103113,DDColor,M4,Left,DDColor,M4
T000290,E02,Faculty,Visual Harmony,IMG20260430110350,M1,M0,Left,M1,M0
T000291,E02,Faculty,Visual Harmony,IMG20260430104410,M1,DDColor,Right,DDColor,M1
T000292,E02,Faculty,Visual Harmony,IMG20260430104410,DDColor,M4,Right,M4,DDColor
T000293,E02,Faculty,Visual Harmony,IMG20260430103656,Reinhard,M4,Right,M4,Reinhard
T000294,E02,Faculty,Style Authenticity,IMG20260430102920,M4,M1,Left,M4,M1
T000295,E02,Faculty,Visual Harmony,IMG20260430110350,Reinhard,M4,Right,M4,Reinhard
T000296,E02,Faculty,Style Authenticity,IMG20260430103755,M0,M1,Left,M0,M1
T000297,E02,Faculty,Style Authenticity,IMG20260430103435,DDColor,M1,Right,M1,DDColor
T000298,E02,Faculty,Style Authenticity,IMG20260430103656,Reinhard,M1,Left,Reinhard,M1
T000299,E02,Faculty,Visual Harmony,IMG20260430103113,DDColor,M0,Right,M0,DDColor
T000300,E02,Faculty,Style Authenticity,IMG20260430103113,Reinhard,DDColor,Right,DDColor,Reinhard
T000301,E02,Faculty,Style Authenticity,IMG20260430102902,DDColor,M1,Left,DDColor,M1
T000302,E02,Faculty,Style Authenticity,IMG20260430103043,Reinhard,DDColor,Right,DDColor,Reinhard
T000303,E02,Faculty,Style Authenticity,IMG20260430103043,M4,DDColor,Left,M4,DDColor
T000304,E02,Faculty,Visual Harmony,IMG20260430110350,DDColor,M0,Right,M0,DDColor
T000305,E02,Faculty,Visual Harmony,IMG20260430103043,M1,M0,Right,M0,M1
T000306,E02,Faculty,Style Authenticity,IMG20260430104352,M4,Reinhard,Left,M4,Reinhard
T000307,E02,Faculty,Style Authenticity,IMG20260430102902,M1,M4,Left,M1,M4
T000308,E02,Faculty,Style Authenticity,IMG20260430110350,DDColor,Reinhard,Left,DDColor,Reinhard
T000309,E02,Faculty,Style Authenticity,IMG20260430103755,DDColor,M4,Left,DDColor,M4
T000310,E02,Faculty,Visual Harmony,IMG20260430104113,M1,M0,Right,M0,M1
T000311,E02,Faculty,Visual Harmony,IMG20260430104113,Reinhard,DDColor,Left,Reinhard,DDColor
T000312,E02,Faculty,Style Authenticity,IMG20260430102902,DDColor,Reinhard,Right,Reinhard,DDColor
T000313,E02,Faculty,Visual Harmony,IMG20260430104352,DDColor,M4,Right,M4,DDColor
T000314,E02,Faculty,Style Authenticity,IMG20260430103113,M1,M4,Right,M4,M1
T000315,E02,Faculty,Visual Harmony,IMG20260430102920,M0,M4,Right,M4,M0
T000316,E02,Faculty,Style Authenticity,IMG20260430102920,Reinhard,M1,Left,Reinhard,M1
T000317,E02,Faculty,Style Authenticity,IMG20260430104352,DDColor,Reinhard,Right,Reinhard,DDColor
T000318,E02,Faculty,Visual Harmony,IMG20260430103755,M0,M4,Right,M4,M0
T000319,E02,Faculty,Visual Harmony,IMG20260430103755,DDColor,Reinhard,Left,DDColor,Reinhard
T000320,E02,Faculty,Style Authenticity,IMG20260430103656,Reinhard,DDColor,Left,Reinhard,DDColor
T000321,E02,Faculty,Visual Harmony,IMG20260430104352,M0,M1,Right,M1,M0
T000322,E02,Faculty,Style Authenticity,IMG20260430104352,DDColor,M1,Left,DDColor,M1
T000323,E02,Faculty,Style Authenticity,IMG20260430103043,M0,M1,Right,M1,M0
T000324,E02,Faculty,Visual Harmony,IMG20260430104348,DDColor,M1,Left,DDColor,M1
T000325,E02,Faculty,Visual Harmony,IMG20260430103656,Reinhard,DDColor,Right,DDColor,Reinhard
T000326,E02,Faculty,Visual Harmony,IMG20260430102902,DDColor,M1,Right,M1,DDColor
T000327,E02,Faculty,Visual Harmony,IMG20260430110350,M4,M1,Left,M4,M1
T000328,E02,Faculty,Style Authenticity,IMG20260430103043,M1,Reinhard,Right,Reinhard,M1
T000329,E02,Faculty,Visual Harmony,IMG20260430102920,DDColor,Reinhard,Left,DDColor,Reinhard
T000330,E02,Faculty,Visual Harmony,IMG20260430103435,M4,M0,Right,M0,M4
T000331,E02,Faculty,Style Authenticity,IMG20260430104113,M1,M0,Right,M0,M1
T000332,E02,Faculty,Visual Harmony,IMG20260430103656,M0,M1,Left,M0,M1
T000333,E02,Faculty,Style Authenticity,IMG20260430104410,M1,DDColor,Right,DDColor,M1
T000334,E02,Faculty,Style Authenticity,IMG20260430102920,M4,M0,Right,M0,M4
T000335,E02,Faculty,Visual Harmony,IMG20260430103755,M4,DDColor,Right,DDColor,M4
T000336,E02,Faculty,Style Authenticity,IMG20260430103043,M0,M4,Right,M4,M0
T000337,E02,Faculty,Visual Harmony,IMG20260430104352,DDColor,M0,Right,M0,DDColor
T000338,E02,Faculty,Visual Harmony,IMG20260430103435,M4,DDColor,Left,M4,DDColor
T000339,E02,Faculty,Visual Harmony,IMG20260430104348,M0,M1,Left,M0,M1
T000340,E02,Faculty,Style Authenticity,IMG20260430103656,DDColor,M4,Right,M4,DDColor
T000341,E02,Faculty,Style Authenticity,IMG20260430104410,M0,DDColor,Left,M0,DDColor
T000342,E02,Faculty,Style Authenticity,IMG20260430102902,DDColor,M0,Right,M0,DDColor
T000343,E02,Faculty,Visual Harmony,IMG20260430103656,M4,M0,Left,M4,M0
T000344,E02,Faculty,Style Authenticity,IMG20260430110350,M1,DDColor,Left,M1,DDColor
T000345,E02,Faculty,Style Authenticity,IMG20260430110350,Reinhard,M1,Left,Reinhard,M1
T000346,E02,Faculty,Visual Harmony,IMG20260430103113,M0,Reinhard,Right,Reinhard,M0
T000347,E02,Faculty,Visual Harmony,IMG20260430103755,M1,DDColor,Left,M1,DDColor
T000348,E02,Faculty,Visual Harmony,IMG20260430104113,M0,DDColor,Right,DDColor,M0
T000349,E02,Faculty,Style Authenticity,IMG20260430103435,Reinhard,M1,Right,M1,Reinhard
T000350,E02,Faculty,Style Authenticity,IMG20260430103435,M0,M4,Right,M4,M0
T000351,E02,Faculty,Visual Harmony,IMG20260430103113,Reinhard,M4,Right,M4,Reinhard
T000352,E02,Faculty,Visual Harmony,IMG20260430103435,M0,DDColor,Right,DDColor,M0
T000353,E02,Faculty,Visual Harmony,IMG20260430103435,DDColor,Reinhard,Right,Reinhard,DDColor
T000354,E02,Faculty,Style Authenticity,IMG20260430104352,M1,M0,Left,M1,M0
T000355,E02,Faculty,Visual Harmony,IMG20260430104352,M1,M4,Right,M4,M1
T000356,E02,Faculty,Style Authenticity,IMG20260430110350,M1,M0,Right,M0,M1
T000357,E02,Faculty,Visual Harmony,IMG20260430104113,M1,M4,Right,M4,M1
T000358,E02,Faculty,Visual Harmony,IMG20260430102920,Reinhard,M4,Right,M4,Reinhard
T000359,E02,Faculty,Visual Harmony,IMG20260430102902,Reinhard,M0,Right,M0,Reinhard
T000360,E02,Faculty,Style Authenticity,IMG20260430104348,M4,M0,Left,M4,M0
T000361,E02,Faculty,Visual Harmony,IMG20260430103043,M0,Reinhard,Right,Reinhard,M0
T000362,E02,Faculty,Visual Harmony,IMG20260430103435,M4,M1,Left,M4,M1
T000363,E02,Faculty,Visual Harmony,IMG20260430102902,M1,M0,Right,M0,M1
T000364,E02,Faculty,Style Authenticity,IMG20260430110350,Reinhard,M4,Right,M4,Reinhard
T000365,E02,Faculty,Style Authenticity,IMG20260430102920,Reinhard,M0,Right,M0,Reinhard
T000366,E02,Faculty,Visual Harmony,IMG20260430104410,M1,Reinhard,Left,M1,Reinhard
T000367,E02,Faculty,Style Authenticity,IMG20260430102920,Reinhard,M4,Right,M4,Reinhard
T000368,E02,Faculty,Style Authenticity,IMG20260430103656,M1,M0,Right,M0,M1
T000369,E02,Faculty,Visual Harmony,IMG20260430104348,Reinhard,M0,Right,M0,Reinhard
T000370,E02,Faculty,Visual Harmony,IMG20260430102902,M4,Reinhard,Left,M4,Reinhard
T000371,E02,Faculty,Visual Harmony,IMG20260430104113,M4,M0,Left,M4,M0
T000372,E02,Faculty,Visual Harmony,IMG20260430103113,M1,DDColor,Left,M1,DDColor
T000373,E02,Faculty,Style Authenticity,IMG20260430102920,M4,DDColor,Left,M4,DDColor
T000374,E02,Faculty,Style Authenticity,IMG20260430104113,DDColor,M0,Right,M0,DDColor
T000375,E02,Faculty,Visual Harmony,IMG20260430104410,DDColor,Reinhard,Right,Reinhard,DDColor
T000376,E02,Faculty,Style Authenticity,IMG20260430103113,Reinhard,M0,Right,M0,Reinhard
T000377,E02,Faculty,Visual Harmony,IMG20260430110350,Reinhard,M1,Left,Reinhard,M1
T000378,E02,Faculty,Visual Harmony,IMG20260430104113,Reinhard,M4,Right,M4,Reinhard
T000379,E02,Faculty,Visual Harmony,IMG20260430104113,M0,Reinhard,Right,Reinhard,M0
T000380,E02,Faculty,Style Authenticity,IMG20260430104348,Reinhard,DDColor,Right,DDColor,Reinhard
T000381,E02,Faculty,Style Authenticity,IMG20260430104352,M1,M4,Right,M4,M1
T000382,E02,Faculty,Style Authenticity,IMG20260430103755,M4,M1,Left,M4,M1
T000383,E02,Faculty,Style Authenticity,IMG20260430103113,Reinhard,M4,Left,Reinhard,M4
T000384,E02,Faculty,Style Authenticity,IMG20260430104348,M4,M1,Left,M4,M1
T000385,E02,Faculty,Style Authenticity,IMG20260430104410,M0,M1,Left,M0,M1
T000386,E02,Faculty,Style Authenticity,IMG20260430103435,M1,M0,Right,M0,M1
T000387,E02,Faculty,Visual Harmony,IMG20260430103043,M4,M0,Left,M4,M0
T000388,E02,Faculty,Visual Harmony,IMG20260430103755,M1,M0,Right,M0,M1
T000389,E02,Faculty,Visual Harmony,IMG20260430103656,M1,Reinhard,Left,M1,Reinhard
T000390,E02,Faculty,Style Authenticity,IMG20260430103435,DDColor,M4,Right,M4,DDColor
T000391,E02,Faculty,Visual Harmony,IMG20260430110350,M0,M4,Right,M4,M0
T000392,E02,Faculty,Visual Harmony,IMG20260430103043,M1,DDColor,Left,M1,DDColor
T000393,E02,Faculty,Visual Harmony,IMG20260430102902,M4,M1,Left,M4,M1
T000394,E02,Faculty,Style Authenticity,IMG20260430103435,Reinhard,DDColor,Left,Reinhard,DDColor
T000395,E02,Faculty,Style Authenticity,IMG20260430104113,M4,Reinhard,Left,M4,Reinhard
T000396,E02,Faculty,Visual Harmony,IMG20260430103043,DDColor,Reinhard,Left,DDColor,Reinhard
T000397,E02,Faculty,Style Authenticity,IMG20260430103755,M4,Reinhard,Left,M4,Reinhard
T000398,E02,Faculty,Visual Harmony,IMG20260430104113,M1,DDColor,Right,DDColor,M1
T000399,E02,Faculty,Style Authenticity,IMG20260430103043,Reinhard,M4,Right,M4,Reinhard
T000400,E02,Faculty,Visual Harmony,IMG20260430104348,M4,Reinhard,Left,M4,Reinhard
T000401,E02,Faculty,Visual Harmony,IMG20260430110350,Reinhard,DDColor,Right,DDColor,Reinhard
T000402,E02,Faculty,Visual Harmony,IMG20260430103656,M4,M1,Right,M1,M4
T000403,E02,Faculty,Style Authenticity,IMG20260430110350,M4,M1,Left,M4,M1
T000404,E02,Faculty,Visual Harmony,IMG20260430110350,M4,DDColor,Right,DDColor,M4
T000405,E02,Faculty,Style Authenticity,IMG20260430104113,M0,M4,Right,M4,M0
T000406,E02,Faculty,Style Authenticity,IMG20260430103755,M0,DDColor,Right,DDColor,M0
T000407,E02,Faculty,Style Authenticity,IMG20260430104348,M0,Reinhard,Left,M0,Reinhard
T000408,E02,Faculty,Visual Harmony,IMG20260430102902,Reinhard,M1,Left,Reinhard,M1
T000409,E02,Faculty,Style Authenticity,IMG20260430103435,M0,DDColor,Left,M0,DDColor
T000410,E02,Faculty,Visual Harmony,IMG20260430102920,Reinhard,M1,Right,M1,Reinhard
T000411,E02,Faculty,Visual Harmony,IMG20260430103435,Reinhard,M4,Right,M4,Reinhard
T000412,E02,Faculty,Style Authenticity,IMG20260430103435,M4,Reinhard,Left,M4,Reinhard
T000413,E02,Faculty,Style Authenticity,IMG20260430104352,M0,M4,Left,M0,M4
T000414,E02,Faculty,Visual Harmony,IMG20260430104352,DDColor,Reinhard,Right,Reinhard,DDColor
T000415,E02,Faculty,Style Authenticity,IMG20260430103755,Reinhard,M0,Right,M0,Reinhard
T000416,E02,Faculty,Visual Harmony,IMG20260430102920,M0,Reinhard,Right,Reinhard,M0
T000417,E02,Faculty,Visual Harmony,IMG20260430104352,M0,M4,Right,M4,M0
T000418,E02,Faculty,Visual Harmony,IMG20260430110350,M1,DDColor,Right,DDColor,M1
T000419,E02,Faculty,Visual Harmony,IMG20260430103043,Reinhard,M4,Right,M4,Reinhard
T000420,E02,Faculty,Visual Harmony,IMG20260430104410,Reinhard,M0,Right,M0,Reinhard
T000421,E02,Faculty,Style Authenticity,IMG20260430104352,Reinhard,M1,Right,M1,Reinhard
T000422,E02,Faculty,Style Authenticity,IMG20260430102920,DDColor,M1,Left,DDColor,M1
T000423,E02,Faculty,Style Authenticity,IMG20260430103113,DDColor,M1,Left,DDColor,M1
T000424,E02,Faculty,Visual Harmony,IMG20260430103113,Reinhard,M1,Left,Reinhard,M1
T000425,E02,Faculty,Style Authenticity,IMG20260430102920,DDColor,M0,Right,M0,DDColor
T000426,E02,Faculty,Visual Harmony,IMG20260430104352,DDColor,M1,Right,M1,DDColor
T000427,E02,Faculty,Visual Harmony,IMG20260430102920,M1,M4,Right,M4,M1
T000428,E02,Faculty,Style Authenticity,IMG20260430104352,Reinhard,M0,Right,M0,Reinhard
T000429,E02,Faculty,Visual Harmony,IMG20260430102902,M0,DDColor,Left,M0,DDColor
T000430,E02,Faculty,Visual Harmony,IMG20260430104352,M1,Reinhard,Right,Reinhard,M1
T000431,E02,Faculty,Style Authenticity,IMG20260430103755,M0,M4,Left,M0,M4
T000432,E02,Faculty,Style Authenticity,IMG20260430103755,Reinhard,M1,Right,M1,Reinhard
T000433,E02,Faculty,Style Authenticity,IMG20260430103043,M0,Reinhard,Left,M0,Reinhard
T000434,E02,Faculty,Visual Harmony,IMG20260430103755,M1,Reinhard,Right,Reinhard,M1
T000435,E02,Faculty,Visual Harmony,IMG20260430103435,DDColor,M1,Right,M1,DDColor
T000436,E02,Faculty,Style Authenticity,IMG20260430104410,M1,Reinhard,Left,M1,Reinhard
T000437,E02,Faculty,Style Authenticity,IMG20260430104410,Reinhard,M4,Right,M4,Reinhard
T000438,E02,Faculty,Style Authenticity,IMG20260430110350,DDColor,M0,Right,M0,DDColor
T000439,E02,Faculty,Visual Harmony,IMG20260430103435,M1,Reinhard,Left,M1,Reinhard
T000440,E02,Faculty,Style Authenticity,IMG20260430104348,M4,Reinhard,Left,M4,Reinhard
T000441,E02,Faculty,Style Authenticity,IMG20260430110350,M0,Reinhard,Right,Reinhard,M0
T000442,E02,Faculty,Style Authenticity,IMG20260430104113,Reinhard,DDColor,Right,DDColor,Reinhard
T000443,E02,Faculty,Visual Harmony,IMG20260430103113,DDColor,Reinhard,Left,DDColor,Reinhard
T000444,E02,Faculty,Style Authenticity,IMG20260430103656,M1,M4,Left,M1,M4
T000445,E02,Faculty,Style Authenticity,IMG20260430110350,M4,DDColor,Left,M4,DDColor
T000446,E02,Faculty,Style Authenticity,IMG20260430104410,M4,M1,Left,M4,M1
T000447,E02,Faculty,Style Authenticity,IMG20260430104348,Reinhard,M1,Left,Reinhard,M1
T000448,E02,Faculty,Style Authenticity,IMG20260430103656,M0,M4,Left,M0,M4
T000449,E02,Faculty,Style Authenticity,IMG20260430103656,Reinhard,M0,Right,M0,Reinhard
T000450,E02,Faculty,Visual Harmony,IMG20260430104348,Reinhard,DDColor,Left,Reinhard,DDColor
T000451,E02,Faculty,Visual Harmony,IMG20260430103113,M4,M1,Right,M1,M4
T000452,E02,Faculty,Style Authenticity,IMG20260430103113,Reinhard,M1,Left,Reinhard,M1
T000453,E02,Faculty,Style Authenticity,IMG20260430104352,M4,DDColor,Left,M4,DDColor
T000454,E02,Faculty,Style Authenticity,IMG20260430102902,Reinhard,M4,Right,M4,Reinhard
T000455,E02,Faculty,Visual Harmony,IMG20260430103113,M0,M4,Left,M0,M4
T000456,E02,Faculty,Style Authenticity,IMG20260430102920,M0,M1,Left,M0,M1
T000457,E02,Faculty,Visual Harmony,IMG20260430102920,DDColor,M1,Left,DDColor,M1
T000458,E02,Faculty,Visual Harmony,IMG20260430103043,M0,DDColor,Left,M0,DDColor
T000459,E02,Faculty,Style Authenticity,IMG20260430104113,M1,M4,Right,M4,M1
T000460,E02,Faculty,Visual Harmony,IMG20260430104113,M1,Reinhard,Right,Reinhard,M1
T000461,E02,Faculty,Style Authenticity,IMG20260430103043,DDColor,M1,Right,M1,DDColor
T000462,E02,Faculty,Style Authenticity,IMG20260430104113,M0,Reinhard,Left,M0,Reinhard
T000463,E02,Faculty,Visual Harmony,IMG20260430104348,M4,DDColor,Left,M4,DDColor
T000464,E02,Faculty,Visual Harmony,IMG20260430104352,M4,Reinhard,Left,M4,Reinhard
T000465,E02,Faculty,Visual Harmony,IMG20260430104352,M0,Reinhard,Right,Reinhard,M0
T000466,E02,Faculty,Style Authenticity,IMG20260430104348,M1,DDColor,Left,M1,DDColor
T000467,E02,Faculty,Visual Harmony,IMG20260430103043,Reinhard,M1,Right,M1,Reinhard
T000468,E02,Faculty,Visual Harmony,IMG20260430102920,M4,DDColor,Left,M4,DDColor
T000469,E02,Faculty,Visual Harmony,IMG20260430104113,DDColor,M4,Right,M4,DDColor
T000470,E02,Faculty,Style Authenticity,IMG20260430104352,M0,DDColor,Left,M0,DDColor
T000471,E02,Faculty,Style Authenticity,IMG20260430103656,DDColor,M1,Left,DDColor,M1
T000472,E02,Faculty,Style Authenticity,IMG20260430102902,Reinhard,M1,Left,Reinhard,M1
T000473,E02,Faculty,Style Authenticity,IMG20260430104410,M0,Reinhard,Left,M0,Reinhard
T000474,E02,Faculty,Visual Harmony,IMG20260430102920,M1,M0,Left,M1,M0
T000475,E02,Faculty,Style Authenticity,IMG20260430110350,M4,M0,Left,M4,M0
T000476,E02,Faculty,Style Authenticity,IMG20260430104113,M1,DDColor,Left,M1,DDColor
T000477,E02,Faculty,Visual Harmony,IMG20260430103435,M1,M0,Right,M0,M1
T000478,E02,Faculty,Visual Harmony,IMG20260430103656,M0,DDColor,Left,M0,DDColor
T000479,E02,Faculty,Style Authenticity,IMG20260430102920,DDColor,Reinhard,Right,Reinhard,DDColor
T000480,E02,Faculty,Visual Harmony,IMG20260430103656,DDColor,M4,Right,M4,DDColor
T000481,E03,Faculty,Style Authenticity,IMG20260430102902,M4,DDColor,Left,M4,DDColor
T000482,E03,Faculty,Style Authenticity,IMG20260430103755,M4,M0,Right,M0,M4
T000483,E03,Faculty,Style Authenticity,IMG20260430102920,M1,DDColor,Left,M1,DDColor
T000484,E03,Faculty,Visual Harmony,IMG20260430103656,M0,M4,Right,M4,M0
T000485,E03,Faculty,Style Authenticity,IMG20260430104113,M4,Reinhard,Left,M4,Reinhard
T000486,E03,Faculty,Visual Harmony,IMG20260430103656,M4,DDColor,Left,M4,DDColor
T000487,E03,Faculty,Style Authenticity,IMG20260430110350,M4,M1,Left,M4,M1
T000488,E03,Faculty,Visual Harmony,IMG20260430104113,M0,M1,Left,M0,M1
T000489,E03,Faculty,Visual Harmony,IMG20260430102920,Reinhard,DDColor,Right,DDColor,Reinhard
T000490,E03,Faculty,Visual Harmony,IMG20260430102902,M1,Reinhard,Left,M1,Reinhard
T000491,E03,Faculty,Style Authenticity,IMG20260430104352,M0,M4,Right,M4,M0
T000492,E03,Faculty,Visual Harmony,IMG20260430103755,DDColor,M1,Left,DDColor,M1
T000493,E03,Faculty,Style Authenticity,IMG20260430104348,DDColor,M1,Left,DDColor,M1
T000494,E03,Faculty,Visual Harmony,IMG20260430103435,Reinhard,M1,Right,M1,Reinhard
T000495,E03,Faculty,Visual Harmony,IMG20260430102902,M0,M1,Left,M0,M1
T000496,E03,Faculty,Style Authenticity,IMG20260430102920,M0,M1,Left,M0,M1
T000497,E03,Faculty,Style Authenticity,IMG20260430104113,DDColor,M0,Left,DDColor,M0
T000498,E03,Faculty,Style Authenticity,IMG20260430103656,Reinhard,M0,Left,Reinhard,M0
T000499,E03,Faculty,Visual Harmony,IMG20260430110350,M0,DDColor,Right,DDColor,M0
T000500,E03,Faculty,Visual Harmony,IMG20260430104352,M4,M0,Left,M4,M0
T000501,E03,Faculty,Style Authenticity,IMG20260430104348,M1,Reinhard,Left,M1,Reinhard
T000502,E03,Faculty,Visual Harmony,IMG20260430103435,Reinhard,M0,Right,M0,Reinhard
T000503,E03,Faculty,Visual Harmony,IMG20260430103755,DDColor,M4,Right,M4,DDColor
T000504,E03,Faculty,Style Authenticity,IMG20260430103113,DDColor,M4,Right,M4,DDColor
T000505,E03,Faculty,Style Authenticity,IMG20260430102920,Reinhard,M1,Left,Reinhard,M1
T000506,E03,Faculty,Visual Harmony,IMG20260430104410,M1,M4,Right,M4,M1
T000507,E03,Faculty,Visual Harmony,IMG20260430103656,DDColor,M1,Right,M1,DDColor
T000508,E03,Faculty,Style Authenticity,IMG20260430110350,Reinhard,DDColor,Right,DDColor,Reinhard
T000509,E03,Faculty,Visual Harmony,IMG20260430104410,Reinhard,M1,Right,M1,Reinhard
T000510,E03,Faculty,Visual Harmony,IMG20260430104410,M1,DDColor,Left,M1,DDColor
T000511,E03,Faculty,Visual Harmony,IMG20260430103755,M1,M4,Left,M1,M4
T000512,E03,Faculty,Style Authenticity,IMG20260430104348,Reinhard,M0,Right,M0,Reinhard
T000513,E03,Faculty,Visual Harmony,IMG20260430110350,M1,M4,Right,M4,M1
T000514,E03,Faculty,Visual Harmony,IMG20260430104348,DDColor,Reinhard,Left,DDColor,Reinhard
T000515,E03,Faculty,Style Authenticity,IMG20260430103435,M1,DDColor,Left,M1,DDColor
T000516,E03,Faculty,Visual Harmony,IMG20260430103113,M4,DDColor,Left,M4,DDColor
T000517,E03,Faculty,Style Authenticity,IMG20260430110350,M4,Reinhard,Right,Reinhard,M4
T000518,E03,Faculty,Visual Harmony,IMG20260430104352,M1,M0,Left,M1,M0
T000519,E03,Faculty,Style Authenticity,IMG20260430104410,DDColor,Reinhard,Right,Reinhard,DDColor
T000520,E03,Faculty,Style Authenticity,IMG20260430103656,M1,M0,Right,M0,M1
T000521,E03,Faculty,Style Authenticity,IMG20260430102902,Reinhard,M4,Left,Reinhard,M4
T000522,E03,Faculty,Style Authenticity,IMG20260430104352,DDColor,Reinhard,Left,DDColor,Reinhard
T000523,E03,Faculty,Visual Harmony,IMG20260430103113,M4,M1,Right,M1,M4
T000524,E03,Faculty,Visual Harmony,IMG20260430102902,DDColor,M0,Left,DDColor,M0
T000525,E03,Faculty,Visual Harmony,IMG20260430102902,M0,M4,Right,M4,M0
T000526,E03,Faculty,Style Authenticity,IMG20260430103656,Reinhard,M4,Right,M4,Reinhard
T000527,E03,Faculty,Style Authenticity,IMG20260430103755,Reinhard,M0,Left,Reinhard,M0
T000528,E03,Faculty,Style Authenticity,IMG20260430104410,DDColor,M4,Right,M4,DDColor
T000529,E03,Faculty,Visual Harmony,IMG20260430104348,M0,DDColor,Left,M0,DDColor
T000530,E03,Faculty,Style Authenticity,IMG20260430103113,Reinhard,M0,Right,M0,Reinhard
T000531,E03,Faculty,Visual Harmony,IMG20260430110350,Reinhard,M1,Right,M1,Reinhard
T000532,E03,Faculty,Style Authenticity,IMG20260430103656,M4,DDColor,Left,M4,DDColor
T000533,E03,Faculty,Style Authenticity,IMG20260430104113,Reinhard,M0,Right,M0,Reinhard
T000534,E03,Faculty,Visual Harmony,IMG20260430104352,Reinhard,DDColor,Right,DDColor,Reinhard
T000535,E03,Faculty,Style Authenticity,IMG20260430102902,M0,Reinhard,Left,M0,Reinhard
T000536,E03,Faculty,Style Authenticity,IMG20260430102920,M0,Reinhard,Left,M0,Reinhard
T000537,E03,Faculty,Visual Harmony,IMG20260430103043,M4,M1,Right,M1,M4
T000538,E03,Faculty,Visual Harmony,IMG20260430103113,DDColor,M0,Left,DDColor,M0
T000539,E03,Faculty,Style Authenticity,IMG20260430103043,M0,M1,Left,M0,M1
T000540,E03,Faculty,Style Authenticity,IMG20260430102920,DDColor,M0,Right,M0,DDColor
T000541,E03,Faculty,Visual Harmony,IMG20260430102920,M1,M4,Right,M4,M1
T000542,E03,Faculty,Style Authenticity,IMG20260430102902,M1,M0,Left,M1,M0
T000543,E03,Faculty,Visual Harmony,IMG20260430103435,M0,M1,Right,M1,M0
T000544,E03,Faculty,Style Authenticity,IMG20260430103656,Reinhard,M1,Left,Reinhard,M1
T000545,E03,Faculty,Visual Harmony,IMG20260430104410,M4,Reinhard,Left,M4,Reinhard
T000546,E03,Faculty,Visual Harmony,IMG20260430104113,DDColor,M0,Right,M0,DDColor
T000547,E03,Faculty,Style Authenticity,IMG20260430103113,M1,M0,Left,M1,M0
T000548,E03,Faculty,Style Authenticity,IMG20260430103435,M1,M4,Right,M4,M1
T000549,E03,Faculty,Style Authenticity,IMG20260430104113,DDColor,M1,Right,M1,DDColor
T000550,E03,Faculty,Style Authenticity,IMG20260430110350,M0,DDColor,Right,DDColor,M0
T000551,E03,Faculty,Style Authenticity,IMG20260430104352,DDColor,M4,Right,M4,DDColor
T000552,E03,Faculty,Style Authenticity,IMG20260430104348,M4,DDColor,Left,M4,DDColor
T000553,E03,Faculty,Style Authenticity,IMG20260430104410,M1,M0,Left,M1,M0
T000554,E03,Faculty,Style Authenticity,IMG20260430104348,DDColor,M0,Right,M0,DDColor
T000555,E03,Faculty,Visual Harmony,IMG20260430110350,M0,M4,Right,M4,M0
T000556,E03,Faculty,Visual Harmony,IMG20260430104348,M4,DDColor,Left,M4,DDColor
T000557,E03,Faculty,Style Authenticity,IMG20260430104113,DDColor,Reinhard,Right,Reinhard,DDColor
T000558,E03,Faculty,Style Authenticity,IMG20260430102902,M4,M1,Left,M4,M1
T000559,E03,Faculty,Style Authenticity,IMG20260430103755,M0,M1,Right,M1,M0
T000560,E03,Faculty,Style Authenticity,IMG20260430103755,DDColor,M1,Left,DDColor,M1
T000561,E03,Faculty,Style Authenticity,IMG20260430103043,M1,DDColor,Left,M1,DDColor
T000562,E03,Faculty,Style Authenticity,IMG20260430104348,Reinhard,M4,Right,M4,Reinhard
T000563,E03,Faculty,Visual Harmony,IMG20260430102902,M4,Reinhard,Left,M4,Reinhard
T000564,E03,Faculty,Visual Harmony,IMG20260430104410,Reinhard,DDColor,Right,DDColor,Reinhard
T000565,E03,Faculty,Style Authenticity,IMG20260430103435,Reinhard,M0,Right,M0,Reinhard
T000566,E03,Faculty,Visual Harmony,IMG20260430103755,Reinhard,M1,Right,M1,Reinhard
T000567,E03,Faculty,Style Authenticity,IMG20260430104410,M1,M4,Right,M4,M1
T000568,E03,Faculty,Visual Harmony,IMG20260430102920,M1,Reinhard,Left,M1,Reinhard
T000569,E03,Faculty,Visual Harmony,IMG20260430104352,DDColor,M4,Right,M4,DDColor
T000570,E03,Faculty,Visual Harmony,IMG20260430103435,M4,M1,Right,M1,M4
T000571,E03,Faculty,Style Authenticity,IMG20260430103755,M1,M4,Right,M4,M1
T000572,E03,Faculty,Style Authenticity,IMG20260430104352,M1,DDColor,Left,M1,DDColor
T000573,E03,Faculty,Visual Harmony,IMG20260430103656,M1,Reinhard,Right,Reinhard,M1
T000574,E03,Faculty,Visual Harmony,IMG20260430104352,M1,DDColor,Right,DDColor,M1
T000575,E03,Faculty,Visual Harmony,IMG20260430103113,M0,M1,Left,M0,M1
T000576,E03,Faculty,Visual Harmony,IMG20260430104348,Reinhard,M4,Right,M4,Reinhard
T000577,E03,Faculty,Style Authenticity,IMG20260430104352,Reinhard,M0,Right,M0,Reinhard
T000578,E03,Faculty,Style Authenticity,IMG20260430104410,DDColor,M1,Right,M1,DDColor
T000579,E03,Faculty,Visual Harmony,IMG20260430103656,DDColor,Reinhard,Left,DDColor,Reinhard
T000580,E03,Faculty,Style Authenticity,IMG20260430103656,Reinhard,DDColor,Right,DDColor,Reinhard
T000581,E03,Faculty,Style Authenticity,IMG20260430103435,M4,DDColor,Left,M4,DDColor
T000582,E03,Faculty,Style Authenticity,IMG20260430102920,M4,DDColor,Left,M4,DDColor
T000583,E03,Faculty,Style Authenticity,IMG20260430102920,DDColor,Reinhard,Right,Reinhard,DDColor
T000584,E03,Faculty,Style Authenticity,IMG20260430103113,M4,M0,Left,M4,M0
T000585,E03,Faculty,Visual Harmony,IMG20260430103435,M4,DDColor,Left,M4,DDColor
T000586,E03,Faculty,Visual Harmony,IMG20260430110350,Reinhard,M4,Right,M4,Reinhard
T000587,E03,Faculty,Style Authenticity,IMG20260430102902,Reinhard,M1,Right,M1,Reinhard
T000588,E03,Faculty,Visual Harmony,IMG20260430104352,Reinhard,M4,Right,M4,Reinhard
T000589,E03,Faculty,Visual Harmony,IMG20260430110350,DDColor,M1,Right,M1,DDColor
T000590,E03,Faculty,Visual Harmony,IMG20260430104352,M1,M4,Right,M4,M1
T000591,E03,Faculty,Style Authenticity,IMG20260430103755,Reinhard,M4,Right,M4,Reinhard
T000592,E03,Faculty,Style Authenticity,IMG20260430110350,M0,M1,Left,M0,M1
T000593,E03,Faculty,Style Authenticity,IMG20260430104113,Reinhard,M1,Left,Reinhard,M1
T000594,E03,Faculty,Visual Harmony,IMG20260430104348,DDColor,M1,Right,M1,DDColor
T000595,E03,Faculty,Visual Harmony,IMG20260430102920,M1,M0,Left,M1,M0
T000596,E03,Faculty,Visual Harmony,IMG20260430103113,DDColor,M1,Right,M1,DDColor
T000597,E03,Faculty,Style Authenticity,IMG20260430104113,DDColor,M4,Right,M4,DDColor
T000598,E03,Faculty,Visual Harmony,IMG20260430103755,M4,Reinhard,Left,M4,Reinhard
T000599,E03,Faculty,Visual Harmony,IMG20260430110350,M4,DDColor,Left,M4,DDColor
T000600,E03,Faculty,Visual Harmony,IMG20260430103043,M1,M0,Left,M1,M0
T000601,E03,Faculty,Visual Harmony,IMG20260430103656,M4,M1,Right,M1,M4
T000602,E03,Faculty,Style Authenticity,IMG20260430104352,M4,Reinhard,Left,M4,Reinhard
T000603,E03,Faculty,Visual Harmony,IMG20260430104113,M0,Reinhard,Right,Reinhard,M0
T000604,E03,Faculty,Style Authenticity,IMG20260430103113,M1,M4,Right,M4,M1
T000605,E03,Faculty,Visual Harmony,IMG20260430103755,Reinhard,DDColor,Right,DDColor,Reinhard
T000606,E03,Faculty,Visual Harmony,IMG20260430103043,DDColor,M4,Right,M4,DDColor
T000607,E03,Faculty,Visual Harmony,IMG20260430104352,Reinhard,M0,Left,Reinhard,M0
T000608,E03,Faculty,Visual Harmony,IMG20260430110350,Reinhard,M0,Left,Reinhard,M0
T000609,E03,Faculty,Style Authenticity,IMG20260430104352,DDColor,M0,Right,M0,DDColor
T000610,E03,Faculty,Visual Harmony,IMG20260430104410,M0,M4,Right,M4,M0
T000611,E03,Faculty,Visual Harmony,IMG20260430103043,Reinhard,M0,Left,Reinhard,M0
T000612,E03,Faculty,Visual Harmony,IMG20260430103435,DDColor,Reinhard,Right,Reinhard,DDColor
T000613,E03,Faculty,Visual Harmony,IMG20260430104348,M0,M1,Right,M1,M0
T000614,E03,Faculty,Visual Harmony,IMG20260430103113,DDColor,Reinhard,Left,DDColor,Reinhard
T000615,E03,Faculty,Style Authenticity,IMG20260430102902,M0,DDColor,Left,M0,DDColor
T000616,E03,Faculty,Style Authenticity,IMG20260430103043,M0,DDColor,Left,M0,DDColor
T000617,E03,Faculty,Visual Harmony,IMG20260430103435,M0,DDColor,Left,M0,DDColor
T000618,E03,Faculty,Visual Harmony,IMG20260430104348,Reinhard,M0,Right,M0,Reinhard
T000619,E03,Faculty,Visual Harmony,IMG20260430104410,M0,DDColor,Left,M0,DDColor
T000620,E03,Faculty,Style Authenticity,IMG20260430103043,DDColor,Reinhard,Right,Reinhard,DDColor
T000621,E03,Faculty,Visual Harmony,IMG20260430103113,M4,Reinhard,Right,Reinhard,M4
T000622,E03,Faculty,Visual Harmony,IMG20260430104113,M1,M4,Right,M4,M1
T000623,E03,Faculty,Visual Harmony,IMG20260430104410,M0,Reinhard,Right,Reinhard,M0
T000624,E03,Faculty,Visual Harmony,IMG20260430103043,DDColor,Reinhard,Right,Reinhard,DDColor
T000625,E03,Faculty,Style Authenticity,IMG20260430110350,M4,M0,Left,M4,M0
T000626,E03,Faculty,Style Authenticity,IMG20260430103656,M1,M4,Right,M4,M1
T000627,E03,Faculty,Visual Harmony,IMG20260430104410,DDColor,M4,Right,M4,DDColor
T000628,E03,Faculty,Visual Harmony,IMG20260430104113,DDColor,M4,Right,M4,DDColor
T000629,E03,Faculty,Style Authenticity,IMG20260430102902,Reinhard,DDColor,Right,DDColor,Reinhard
T000630,E03,Faculty,Visual Harmony,IMG20260430103043,M4,M0,Right,M0,M4
T000631,E03,Faculty,Visual Harmony,IMG20260430104410,M1,M0,Left,M1,M0
T000632,E03,Faculty,Visual Harmony,IMG20260430102902,M4,DDColor,Left,M4,DDColor
T000633,E03,Faculty,Style Authenticity,IMG20260430104352,M1,M0,Right,M0,M1
T000634,E03,Faculty,Visual Harmony,IMG20260430103113,M1,Reinhard,Left,M1,Reinhard
T000635,E03,Faculty,Style Authenticity,IMG20260430110350,M0,Reinhard,Right,Reinhard,M0
T000636,E03,Faculty,Visual Harmony,IMG20260430103755,M0,Reinhard,Left,M0,Reinhard
T000637,E03,Faculty,Style Authenticity,IMG20260430103043,M4,M1,Left,M4,M1
T000638,E03,Faculty,Visual Harmony,IMG20260430104348,M4,M1,Left,M4,M1
T000639,E03,Faculty,Style Authenticity,IMG20260430104348,M1,M0,Right,M0,M1
T000640,E03,Faculty,Style Authenticity,IMG20260430103656,DDColor,M0,Right,M0,DDColor
T000641,E03,Faculty,Visual Harmony,IMG20260430102920,M0,Reinhard,Left,M0,Reinhard
T000642,E03,Faculty,Style Authenticity,IMG20260430104348,M4,M1,Left,M4,M1
T000643,E03,Faculty,Style Authenticity,IMG20260430102920,M1,M4,Right,M4,M1
T000644,E03,Faculty,Style Authenticity,IMG20260430103435,DDColor,M0,Right,M0,DDColor
T000645,E03,Faculty,Visual Harmony,IMG20260430104113,M4,Reinhard,Left,M4,Reinhard
T000646,E03,Faculty,Visual Harmony,IMG20260430104352,Reinhard,M1,Left,Reinhard,M1
T000647,E03,Faculty,Style Authenticity,IMG20260430103656,M1,DDColor,Left,M1,DDColor
T000648,E03,Faculty,Style Authenticity,IMG20260430102920,M4,M0,Right,M0,M4
T000649,E03,Faculty,Style Authenticity,IMG20260430103043,M4,M0,Left,M4,M0
T000650,E03,Faculty,Style Authenticity,IMG20260430103755,DDColor,M0,Right,M0,DDColor
T000651,E03,Faculty,Visual Harmony,IMG20260430103113,M0,Reinhard,Left,M0,Reinhard
T000652,E03,Faculty,Style Authenticity,IMG20260430104113,M1,M0,Right,M0,M1
T000653,E03,Faculty,Visual Harmony,IMG20260430110350,M0,M1,Left,M0,M1
T000654,E03,Faculty,Visual Harmony,IMG20260430103755,DDColor,M0,Right,M0,DDColor
T000655,E03,Faculty,Visual Harmony,IMG20260430103656,M1,M0,Left,M1,M0
T000656,E03,Faculty,Visual Harmony,IMG20260430104113,DDColor,M1,Right,M1,DDColor
T000657,E03,Faculty,Visual Harmony,IMG20260430102920,DDColor,M4,Left,DDColor,M4
T000658,E03,Faculty,Visual Harmony,IMG20260430102902,Reinhard,M0,Right,M0,Reinhard
T000659,E03,Faculty,Style Authenticity,IMG20260430104348,Reinhard,DDColor,Left,Reinhard,DDColor
T000660,E03,Faculty,Style Authenticity,IMG20260430104410,Reinhard,M0,Left,Reinhard,M0
T000661,E03,Faculty,Visual Harmony,IMG20260430103043,M1,DDColor,Left,M1,DDColor
T000662,E03,Faculty,Visual Harmony,IMG20260430103755,M1,M0,Left,M1,M0
T000663,E03,Faculty,Visual Harmony,IMG20260430104113,M0,M4,Right,M4,M0
T000664,E03,Faculty,Style Authenticity,IMG20260430103656,M0,M4,Right,M4,M0
T000665,E03,Faculty,Visual Harmony,IMG20260430103435,M4,M0,Left,M4,M0
T000666,E03,Faculty,Visual Harmony,IMG20260430102902,Reinhard,DDColor,Left,Reinhard,DDColor
T000667,E03,Faculty,Style Authenticity,IMG20260430103113,M0,DDColor,Left,M0,DDColor
T000668,E03,Faculty,Visual Harmony,IMG20260430102920,M0,DDColor,Right,DDColor,M0
T000669,E03,Faculty,Style Authenticity,IMG20260430110350,DDColor,M1,Right,M1,DDColor
T000670,E03,Faculty,Visual Harmony,IMG20260430102902,M4,M1,Right,M1,M4
T000671,E03,Faculty,Style Authenticity,IMG20260430103435,M1,Reinhard,Left,M1,Reinhard
T000672,E03,Faculty,Style Authenticity,IMG20260430103113,DDColor,M1,Left,DDColor,M1
T000673,E03,Faculty,Style Authenticity,IMG20260430102902,M1,DDColor,Left,M1,DDColor
T000674,E03,Faculty,Visual Harmony,IMG20260430103656,Reinhard,M0,Right,M0,Reinhard
T000675,E03,Faculty,Style Authenticity,IMG20260430103435,DDColor,Reinhard,Right,Reinhard,DDColor
T000676,E03,Faculty,Style Authenticity,IMG20260430103043,M1,Reinhard,Left,M1,Reinhard
T000677,E03,Faculty,Visual Harmony,IMG20260430110350,DDColor,Reinhard,Left,DDColor,Reinhard
T000678,E03,Faculty,Visual Harmony,IMG20260430102920,DDColor,M1,Left,DDColor,M1
T000679,E03,Faculty,Visual Harmony,IMG20260430103656,M4,Reinhard,Left,M4,Reinhard
T000680,E03,Faculty,Style Authenticity,IMG20260430103755,Reinhard,M1,Right,M1,Reinhard
T000681,E03,Faculty,Visual Harmony,IMG20260430103043,Reinhard,M4,Left,Reinhard,M4
T000682,E03,Faculty,Visual Harmony,IMG20260430102920,M0,M4,Right,M4,M0
T000683,E03,Faculty,Style Authenticity,IMG20260430103755,DDColor,M4,Right,M4,DDColor
T000684,E03,Faculty,Style Authenticity,IMG20260430102920,Reinhard,M4,Right,M4,Reinhard
T000685,E03,Faculty,Style Authenticity,IMG20260430104352,Reinhard,M1,Right,M1,Reinhard
T000686,E03,Faculty,Visual Harmony,IMG20260430103656,DDColor,M0,Right,M0,DDColor
T000687,E03,Faculty,Style Authenticity,IMG20260430104410,M1,Reinhard,Left,M1,Reinhard
T000688,E03,Faculty,Style Authenticity,IMG20260430104410,M4,M0,Left,M4,M0
T000689,E03,Faculty,Style Authenticity,IMG20260430110350,M1,Reinhard,Left,M1,Reinhard
T000690,E03,Faculty,Visual Harmony,IMG20260430104113,Reinhard,DDColor,Left,Reinhard,DDColor
T000691,E03,Faculty,Visual Harmony,IMG20260430104113,M1,Reinhard,Left,M1,Reinhard
T000692,E03,Faculty,Style Authenticity,IMG20260430104348,M4,M0,Left,M4,M0
T000693,E03,Faculty,Style Authenticity,IMG20260430103113,DDColor,Reinhard,Left,DDColor,Reinhard
T000694,E03,Faculty,Visual Harmony,IMG20260430103755,M0,M4,Left,M0,M4
T000695,E03,Faculty,Visual Harmony,IMG20260430103113,M0,M4,Right,M4,M0
T000696,E03,Faculty,Visual Harmony,IMG20260430104352,M0,DDColor,Right,DDColor,M0
T000697,E03,Faculty,Visual Harmony,IMG20260430103435,DDColor,M1,Right,M1,DDColor
T000698,E03,Faculty,Style Authenticity,IMG20260430104352,M1,M4,Right,M4,M1
T000699,E03,Faculty,Visual Harmony,IMG20260430102920,Reinhard,M4,Left,Reinhard,M4
T000700,E03,Faculty,Style Authenticity,IMG20260430104410,Reinhard,M4,Right,M4,Reinhard
T000701,E03,Faculty,Style Authenticity,IMG20260430104113,M4,M1,Left,M4,M1
T000702,E03,Faculty,Visual Harmony,IMG20260430104348,M0,M4,Left,M0,M4
T000703,E03,Faculty,Style Authenticity,IMG20260430103043,DDColor,M4,Right,M4,DDColor
T000704,E03,Faculty,Style Authenticity,IMG20260430103043,Reinhard,M4,Right,M4,Reinhard
T000705,E03,Faculty,Style Authenticity,IMG20260430103435,Reinhard,M4,Right,M4,Reinhard
T000706,E03,Faculty,Style Authenticity,IMG20260430103113,Reinhard,M4,Right,M4,Reinhard
T000707,E03,Faculty,Style Authenticity,IMG20260430103113,M1,Reinhard,Left,M1,Reinhard
T000708,E03,Faculty,Visual Harmony,IMG20260430102902,DDColor,M1,Left,DDColor,M1
T000709,E03,Faculty,Style Authenticity,IMG20260430104410,M0,DDColor,Left,M0,DDColor
T000710,E03,Faculty,Style Authenticity,IMG20260430110350,DDColor,M4,Right,M4,DDColor
T000711,E03,Faculty,Style Authenticity,IMG20260430103755,DDColor,Reinhard,Right,Reinhard,DDColor
T000712,E03,Faculty,Visual Harmony,IMG20260430103043,M0,DDColor,Left,M0,DDColor
T000713,E03,Faculty,Visual Harmony,IMG20260430103435,M4,Reinhard,Right,Reinhard,M4
T000714,E03,Faculty,Style Authenticity,IMG20260430103043,M0,Reinhard,Left,M0,Reinhard
T000715,E03,Faculty,Visual Harmony,IMG20260430104348,Reinhard,M1,Left,Reinhard,M1
T000716,E03,Faculty,Style Authenticity,IMG20260430103435,M1,M0,Left,M1,M0
T000717,E03,Faculty,Visual Harmony,IMG20260430103043,M1,Reinhard,Left,M1,Reinhard
T000718,E03,Faculty,Style Authenticity,IMG20260430102902,M0,M4,Right,M4,M0
T000719,E03,Faculty,Style Authenticity,IMG20260430104113,M0,M4,Right,M4,M0
T000720,E03,Faculty,Style Authenticity,IMG20260430103435,M0,M4,Right,M4,M0
T000721,E04,Faculty,Visual Harmony,IMG20260430110350,DDColor,M0,Left,DDColor,M0
T000722,E04,Faculty,Style Authenticity,IMG20260430104352,Reinhard,M4,Right,M4,Reinhard
T000723,E04,Faculty,Visual Harmony,IMG20260430102920,M1,M0,Left,M1,M0
T000724,E04,Faculty,Style Authenticity,IMG20260430103113,M1,M0,Left,M1,M0
T000725,E04,Faculty,Visual Harmony,IMG20260430103435,M1,Reinhard,Left,M1,Reinhard
T000726,E04,Faculty,Visual Harmony,IMG20260430104113,Reinhard,M1,Right,M1,Reinhard
T000727,E04,Faculty,Visual Harmony,IMG20260430102920,M1,Reinhard,Right,Reinhard,M1
T000728,E04,Faculty,Style Authenticity,IMG20260430102902,Reinhard,M1,Left,Reinhard,M1
T000729,E04,Faculty,Visual Harmony,IMG20260430103755,Reinhard,DDColor,Left,Reinhard,DDColor
T000730,E04,Faculty,Visual Harmony,IMG20260430110350,M1,DDColor,Left,M1,DDColor
T000731,E04,Faculty,Visual Harmony,IMG20260430104410,M4,M1,Right,M1,M4
T000732,E04,Faculty,Visual Harmony,IMG20260430103435,Reinhard,M0,Right,M0,Reinhard
T000733,E04,Faculty,Visual Harmony,IMG20260430103435,Reinhard,DDColor,Right,DDColor,Reinhard
T000734,E04,Faculty,Visual Harmony,IMG20260430104348,Reinhard,M4,Right,M4,Reinhard
T000735,E04,Faculty,Visual Harmony,IMG20260430103755,M1,DDColor,Right,DDColor,M1
T000736,E04,Faculty,Visual Harmony,IMG20260430104113,M0,M1,Left,M0,M1
T000737,E04,Faculty,Style Authenticity,IMG20260430102902,M0,DDColor,Right,DDColor,M0
T000738,E04,Faculty,Style Authenticity,IMG20260430103043,DDColor,Reinhard,Left,DDColor,Reinhard
T000739,E04,Faculty,Style Authenticity,IMG20260430103435,M0,M4,Left,M0,M4
T000740,E04,Faculty,Style Authenticity,IMG20260430103755,Reinhard,DDColor,Left,Reinhard,DDColor
T000741,E04,Faculty,Style Authenticity,IMG20260430104348,M0,M4,Right,M4,M0
T000742,E04,Faculty,Visual Harmony,IMG20260430104348,Reinhard,M1,Right,M1,Reinhard
T000743,E04,Faculty,Visual Harmony,IMG20260430103113,M4,M1,Left,M4,M1
T000744,E04,Faculty,Style Authenticity,IMG20260430102920,M4,M1,Left,M4,M1
T000745,E04,Faculty,Style Authenticity,IMG20260430103656,Reinhard,M4,Right,M4,Reinhard
T000746,E04,Faculty,Visual Harmony,IMG20260430110350,Reinhard,M1,Left,Reinhard,M1
T000747,E04,Faculty,Visual Harmony,IMG20260430103113,M1,M0,Right,M0,M1
T000748,E04,Faculty,Style Authenticity,IMG20260430110350,DDColor,M1,Left,DDColor,M1
T000749,E04,Faculty,Style Authenticity,IMG20260430103755,DDColor,M0,Left,DDColor,M0
T000750,E04,Faculty,Visual Harmony,IMG20260430103656,M0,DDColor,Right,DDColor,M0
T000751,E04,Faculty,Style Authenticity,IMG20260430103113,M4,M0,Left,M4,M0
T000752,E04,Faculty,Visual Harmony,IMG20260430103435,M4,M0,Right,M0,M4
T000753,E04,Faculty,Visual Harmony,IMG20260430104352,M1,M0,Right,M0,M1
T000754,E04,Faculty,Style Authenticity,IMG20260430103113,DDColor,Reinhard,Right,Reinhard,DDColor
T000755,E04,Faculty,Style Authenticity,IMG20260430104410,M1,M4,Right,M4,M1
T000756,E04,Faculty,Style Authenticity,IMG20260430104113,Reinhard,M4,Right,M4,Reinhard
T000757,E04,Faculty,Style Authenticity,IMG20260430103043,M1,M0,Right,M0,M1
T000758,E04,Faculty,Visual Harmony,IMG20260430104352,Reinhard,M0,Right,M0,Reinhard
T000759,E04,Faculty,Style Authenticity,IMG20260430102902,M1,M0,Right,M0,M1
T000760,E04,Faculty,Style Authenticity,IMG20260430104410,DDColor,M4,Right,M4,DDColor
T000761,E04,Faculty,Style Authenticity,IMG20260430104348,M1,Reinhard,Right,Reinhard,M1
T000762,E04,Faculty,Style Authenticity,IMG20260430103656,M1,DDColor,Right,DDColor,M1
T000763,E04,Faculty,Visual Harmony,IMG20260430104352,M0,M4,Left,M0,M4
T000764,E04,Faculty,Visual Harmony,IMG20260430104113,Reinhard,DDColor,Right,DDColor,Reinhard
T000765,E04,Faculty,Visual Harmony,IMG20260430110350,Reinhard,M4,Right,M4,Reinhard
T000766,E04,Faculty,Style Authenticity,IMG20260430103113,M1,DDColor,Left,M1,DDColor
T000767,E04,Faculty,Style Authenticity,IMG20260430103043,M0,Reinhard,Right,Reinhard,M0
T000768,E04,Faculty,Style Authenticity,IMG20260430104113,DDColor,M1,Right,M1,DDColor
T000769,E04,Faculty,Style Authenticity,IMG20260430104352,M0,M1,Left,M0,M1
T000770,E04,Faculty,Visual Harmony,IMG20260430104348,Reinhard,DDColor,Right,DDColor,Reinhard
T000771,E04,Faculty,Style Authenticity,IMG20260430103656,M1,Reinhard,Left,M1,Reinhard
T000772,E04,Faculty,Visual Harmony,IMG20260430103435,M4,M1,Left,M4,M1
T000773,E04,Faculty,Visual Harmony,IMG20260430102902,M4,DDColor,Left,M4,DDColor
T000774,E04,Faculty,Visual Harmony,IMG20260430103435,M0,DDColor,Left,M0,DDColor
T000775,E04,Faculty,Visual Harmony,IMG20260430103435,M4,DDColor,Left,M4,DDColor
T000776,E04,Faculty,Visual Harmony,IMG20260430103113,M0,M4,Right,M4,M0
T000777,E04,Faculty,Style Authenticity,IMG20260430104348,M1,DDColor,Right,DDColor,M1
T000778,E04,Faculty,Style Authenticity,IMG20260430102902,M0,M4,Left,M0,M4
T000779,E04,Faculty,Style Authenticity,IMG20260430103656,DDColor,M0,Right,M0,DDColor
T000780,E04,Faculty,Style Authenticity,IMG20260430102920,DDColor,Reinhard,Right,Reinhard,DDColor
T000781,E04,Faculty,Visual Harmony,IMG20260430104410,M1,Reinhard,Left,M1,Reinhard
T000782,E04,Faculty,Style Authenticity,IMG20260430104113,Reinhard,M0,Right,M0,Reinhard
T000783,E04,Faculty,Visual Harmony,IMG20260430104113,M0,Reinhard,Left,M0,Reinhard
T000784,E04,Faculty,Style Authenticity,IMG20260430103755,DDColor,M1,Left,DDColor,M1
T000785,E04,Faculty,Style Authenticity,IMG20260430104410,M0,DDColor,Left,M0,DDColor
T000786,E04,Faculty,Visual Harmony,IMG20260430110350,M0,M4,Left,M0,M4
T000787,E04,Faculty,Style Authenticity,IMG20260430103113,M4,M1,Left,M4,M1
T000788,E04,Faculty,Style Authenticity,IMG20260430102902,DDColor,M1,Left,DDColor,M1
T000789,E04,Faculty,Style Authenticity,IMG20260430102920,M4,DDColor,Left,M4,DDColor
T000790,E04,Faculty,Style Authenticity,IMG20260430102902,M4,M1,Left,M4,M1
T000791,E04,Faculty,Style Authenticity,IMG20260430104113,DDColor,M0,Right,M0,DDColor
T000792,E04,Faculty,Visual Harmony,IMG20260430103435,Reinhard,M4,Right,M4,Reinhard
T000793,E04,Faculty,Style Authenticity,IMG20260430104113,M4,M1,Left,M4,M1
T000794,E04,Faculty,Visual Harmony,IMG20260430103656,Reinhard,DDColor,Right,DDColor,Reinhard
T000795,E04,Faculty,Style Authenticity,IMG20260430103755,M1,Reinhard,Left,M1,Reinhard
T000796,E04,Faculty,Visual Harmony,IMG20260430103656,M4,M1,Right,M1,M4
T000797,E04,Faculty,Visual Harmony,IMG20260430103656,M1,M0,Left,M1,M0
T000798,E04,Faculty,Visual Harmony,IMG20260430104348,M0,DDColor,Left,M0,DDColor
T000799,E04,Faculty,Visual Harmony,IMG20260430110350,M4,M1,Left,M4,M1
T000800,E04,Faculty,Visual Harmony,IMG20260430103755,M1,M4,Right,M4,M1
T000801,E04,Faculty,Visual Harmony,IMG20260430104348,M1,M4,Right,M4,M1
T000802,E04,Faculty,Style Authenticity,IMG20260430103043,M4,M1,Left,M4,M1
T000803,E04,Faculty,Visual Harmony,IMG20260430103043,M0,M4,Right,M4,M0
T000804,E04,Faculty,Style Authenticity,IMG20260430104410,DDColor,M1,Left,DDColor,M1
T000805,E04,Faculty,Style Authenticity,IMG20260430103113,Reinhard,M1,Right,M1,Reinhard
T000806,E04,Faculty,Visual Harmony,IMG20260430103113,Reinhard,M0,Left,Reinhard,M0
T000807,E04,Faculty,Style Authenticity,IMG20260430110350,M0,M1,Left,M0,M1
T000808,E04,Faculty,Style Authenticity,IMG20260430103656,M4,M1,Left,M4,M1
T000809,E04,Faculty,Visual Harmony,IMG20260430102920,M4,M0,Left,M4,M0
T000810,E04,Faculty,Visual Harmony,IMG20260430103043,DDColor,M0,Left,DDColor,M0
T000811,E04,Faculty,Visual Harmony,IMG20260430104113,M1,DDColor,Left,M1,DDColor
T000812,E04,Faculty,Style Authenticity,IMG20260430110350,M1,M4,Right,M4,M1
T000813,E04,Faculty,Visual Harmony,IMG20260430103755,M4,Reinhard,Right,Reinhard,M4
T000814,E04,Faculty,Style Authenticity,IMG20260430104113,M1,M0,Right,M0,M1
T000815,E04,Faculty,Visual Harmony,IMG20260430103435,M1,DDColor,Right,DDColor,M1
T000816,E04,Faculty,Style Authenticity,IMG20260430103435,M0,DDColor,Left,M0,DDColor
T000817,E04,Faculty,Style Authenticity,IMG20260430103043,Reinhard,M4,Right,M4,Reinhard
T000818,E04,Faculty,Visual Harmony,IMG20260430102920,Reinhard,DDColor,Right,DDColor,Reinhard
T000819,E04,Faculty,Visual Harmony,IMG20260430103755,DDColor,M4,Left,DDColor,M4
T000820,E04,Faculty,Style Authenticity,IMG20260430104352,DDColor,M0,Right,M0,DDColor
T000821,E04,Faculty,Visual Harmony,IMG20260430103656,M1,Reinhard,Left,M1,Reinhard
T000822,E04,Faculty,Visual Harmony,IMG20260430103656,Reinhard,M0,Right,M0,Reinhard
T000823,E04,Faculty,Visual Harmony,IMG20260430110350,M0,Reinhard,Left,M0,Reinhard
T000824,E04,Faculty,Visual Harmony,IMG20260430104348,M1,M0,Left,M1,M0
T000825,E04,Faculty,Visual Harmony,IMG20260430104348,M1,DDColor,Right,DDColor,M1
T000826,E04,Faculty,Style Authenticity,IMG20260430102902,Reinhard,M0,Left,Reinhard,M0
T000827,E04,Faculty,Style Authenticity,IMG20260430103043,DDColor,M0,Left,DDColor,M0
T000828,E04,Faculty,Visual Harmony,IMG20260430104410,M1,M0,Left,M1,M0
T000829,E04,Faculty,Style Authenticity,IMG20260430104410,Reinhard,M0,Left,Reinhard,M0
T000830,E04,Faculty,Style Authenticity,IMG20260430103435,M4,DDColor,Left,M4,DDColor
T000831,E04,Faculty,Style Authenticity,IMG20260430103043,M4,M0,Left,M4,M0
T000832,E04,Faculty,Style Authenticity,IMG20260430103435,M4,Reinhard,Left,M4,Reinhard
T000833,E04,Faculty,Visual Harmony,IMG20260430102920,DDColor,M0,Right,M0,DDColor
T000834,E04,Faculty,Visual Harmony,IMG20260430102920,Reinhard,M4,Right,M4,Reinhard
T000835,E04,Faculty,Style Authenticity,IMG20260430104348,DDColor,M4,Right,M4,DDColor
T000836,E04,Faculty,Visual Harmony,IMG20260430103113,M0,DDColor,Left,M0,DDColor
T000837,E04,Faculty,Style Authenticity,IMG20260430110350,M0,DDColor,Left,M0,DDColor
T000838,E04,Faculty,Style Authenticity,IMG20260430103435,DDColor,Reinhard,Left,DDColor,Reinhard
T000839,E04,Faculty,Style Authenticity,IMG20260430103755,DDColor,M4,Right,M4,DDColor
T000840,E04,Faculty,Visual Harmony,IMG20260430103755,M0,M4,Left,M0,M4
T000841,E04,Faculty,Visual Harmony,IMG20260430103043,M4,DDColor,Left,M4,DDColor
T000842,E04,Faculty,Style Authenticity,IMG20260430102920,M0,Reinhard,Right,Reinhard,M0
T000843,E04,Faculty,Style Authenticity,IMG20260430103113,DDColor,M0,Right,M0,DDColor
T000844,E04,Faculty,Visual Harmony,IMG20260430103656,DDColor,M4,Right,M4,DDColor
T000845,E04,Faculty,Visual Harmony,IMG20260430102920,M1,M4,Right,M4,M1
T000846,E04,Faculty,Visual Harmony,IMG20260430104113,M4,M1,Left,M4,M1
T000847,E04,Faculty,Style Authenticity,IMG20260430103656,M4,M0,Left,M4,M0
T000848,E04,Faculty,Visual Harmony,IMG20260430102902,M1,M0,Right,M0,M1
T000849,E04,Faculty,Style Authenticity,IMG20260430102902,Reinhard,DDColor,Right,DDColor,Reinhard
T000850,E04,Faculty,Visual Harmony,IMG20260430103113,M4,DDColor,Left,M4,DDColor
T000851,E04,Faculty,Style Authenticity,IMG20260430104113,DDColor,Reinhard,Left,DDColor,Reinhard
T000852,E04,Faculty,Style Authenticity,IMG20260430104352,M1,DDColor,Left,M1,DDColor
T000853,E04,Faculty,Style Authenticity,IMG20260430110350,M4,DDColor,Left,M4,DDColor
T000854,E04,Faculty,Visual Harmony,IMG20260430103656,M1,DDColor,Left,M1,DDColor
T000855,E04,Faculty,Style Authenticity,IMG20260430104348,M0,DDColor,Left,M0,DDColor
T000856,E04,Faculty,Visual Harmony,IMG20260430104410,M0,DDColor,Left,M0,DDColor
T000857,E04,Faculty,Visual Harmony,IMG20260430102920,M0,Reinhard,Left,M0,Reinhard
T000858,E04,Faculty,Style Authenticity,IMG20260430103043,M4,DDColor,Left,M4,DDColor
T000859,E04,Faculty,Visual Harmony,IMG20260430103043,DDColor,M1,Left,DDColor,M1
T000860,E04,Faculty,Style Authenticity,IMG20260430104410,Reinhard,DDColor,Left,Reinhard,DDColor
T000861,E04,Faculty,Visual Harmony,IMG20260430103113,DDColor,Reinhard,Left,DDColor,Reinhard
T000862,E04,Faculty,Visual Harmony,IMG20260430102920,DDColor,M1,Right,M1,DDColor
T000863,E04,Faculty,Style Authenticity,IMG20260430104113,M0,M4,Right,M4,M0
T000864,E04,Faculty,Style Authenticity,IMG20260430103755,M4,Reinhard,Left,M4,Reinhard
T000865,E04,Faculty,Visual Harmony,IMG20260430102902,DDColor,M1,Right,M1,DDColor
T000866,E04,Faculty,Visual Harmony,IMG20260430104348,Reinhard,M0,Left,Reinhard,M0
T000867,E04,Faculty,Style Authenticity,IMG20260430102920,M1,DDColor,Right,DDColor,M1
T000868,E04,Faculty,Style Authenticity,IMG20260430104348,Reinhard,M4,Right,M4,Reinhard
T000869,E04,Faculty,Style Authenticity,IMG20260430102920,M1,M0,Left,M1,M0
T000870,E04,Faculty,Style Authenticity,IMG20260430104410,M1,M0,Right,M0,M1
T000871,E04,Faculty,Visual Harmony,IMG20260430103113,M4,Reinhard,Right,Reinhard,M4
T000872,E04,Faculty,Style Authenticity,IMG20260430104348,M4,M1,Left,M4,M1
T000873,E04,Faculty,Style Authenticity,IMG20260430103656,M0,M1,Left,M0,M1
T000874,E04,Faculty,Visual Harmony,IMG20260430103043,DDColor,Reinhard,Right,Reinhard,DDColor
T000875,E04,Faculty,Visual Harmony,IMG20260430103043,M4,Reinhard,Left,M4,Reinhard
T000876,E04,Faculty,Style Authenticity,IMG20260430103656,Reinhard,M0,Right,M0,Reinhard
T000877,E04,Faculty,Visual Harmony,IMG20260430102902,M0,Reinhard,Left,M0,Reinhard
T000878,E04,Faculty,Style Authenticity,IMG20260430103435,Reinhard,M0,Right,M0,Reinhard
T000879,E04,Faculty,Visual Harmony,IMG20260430104410,M0,M4,Right,M4,M0
T000880,E04,Faculty,Visual Harmony,IMG20260430104113,M0,DDColor,Right,DDColor,M0
T000881,E04,Faculty,Visual Harmony,IMG20260430104410,DDColor,M1,Right,M1,DDColor
T000882,E04,Faculty,Style Authenticity,IMG20260430104113,M4,DDColor,Left,M4,DDColor
T000883,E04,Faculty,Style Authenticity,IMG20260430102920,M0,DDColor,Right,DDColor,M0
T000884,E04,Faculty,Style Authenticity,IMG20260430103656,M4,DDColor,Left,M4,DDColor
T000885,E04,Faculty,Style Authenticity,IMG20260430104410,M0,M4,Right,M4,M0
T000886,E04,Faculty,Visual Harmony,IMG20260430104352,DDColor,M1,Right,M1,DDColor
T000887,E04,Faculty,Style Authenticity,IMG20260430110350,M1,Reinhard,Right,Reinhard,M1
T000888,E04,Faculty,Visual Harmony,IMG20260430104410,DDColor,Reinhard,Right,Reinhard,DDColor
T000889,E04,Faculty,Visual Harmony,IMG20260430102902,M4,Reinhard,Left,M4,Reinhard
T000890,E04,Faculty,Style Authenticity,IMG20260430102902,DDColor,M4,Right,M4,DDColor
T000891,E04,Faculty,Style Authenticity,IMG20260430104348,DDColor,Reinhard,Right,Reinhard,DDColor
T000892,E04,Faculty,Style Authenticity,IMG20260430104352,M4,M1,Left,M4,M1
T000893,E04,Faculty,Visual Harmony,IMG20260430104352,M4,M1,Left,M4,M1
T000894,E04,Faculty,Visual Harmony,IMG20260430103043,M1,M4,Left,M1,M4
T000895,E04,Faculty,Style Authenticity,IMG20260430104410,M4,Reinhard,Left,M4,Reinhard
T000896,E04,Faculty,Visual Harmony,IMG20260430104352,Reinhard,M4,Right,M4,Reinhard
T000897,E04,Faculty,Style Authenticity,IMG20260430103755,M0,M4,Left,M0,M4
T000898,E04,Faculty,Style Authenticity,IMG20260430102920,Reinhard,M1,Right,M1,Reinhard
T000899,E04,Faculty,Visual Harmony,IMG20260430103113,Reinhard,M1,Right,M1,Reinhard
T000900,E04,Faculty,Style Authenticity,IMG20260430110350,Reinhard,M0,Right,M0,Reinhard
T000901,E04,Faculty,Visual Harmony,IMG20260430102902,M4,M1,Right,M1,M4
T000902,E04,Faculty,Style Authenticity,IMG20260430103113,M4,Reinhard,Left,M4,Reinhard
T000903,E04,Faculty,Style Authenticity,IMG20260430103755,M1,M0,Right,M0,M1
T000904,E04,Faculty,Style Authenticity,IMG20260430102902,Reinhard,M4,Right,M4,Reinhard
T000905,E04,Faculty,Visual Harmony,IMG20260430103656,Reinhard,M4,Right,M4,Reinhard
T000906,E04,Faculty,Style Authenticity,IMG20260430104348,M0,M1,Right,M1,M0
T000907,E04,Faculty,Visual Harmony,IMG20260430103043,M1,M0,Left,M1,M0
T000908,E04,Faculty,Visual Harmony,IMG20260430103755,Reinhard,M1,Left,Reinhard,M1
T000909,E04,Faculty,Visual Harmony,IMG20260430102920,M4,DDColor,Left,M4,DDColor
T000910,E04,Faculty,Visual Harmony,IMG20260430103755,M1,M0,Left,M1,M0
T000911,E04,Faculty,Visual Harmony,IMG20260430104410,Reinhard,M4,Right,M4,Reinhard
T000912,E04,Faculty,Style Authenticity,IMG20260430103043,M1,DDColor,Left,M1,DDColor
T000913,E04,Faculty,Style Authenticity,IMG20260430103755,M1,M4,Right,M4,M1
T000914,E04,Faculty,Style Authenticity,IMG20260430103755,Reinhard,M0,Right,M0,Reinhard
T000915,E04,Faculty,Visual Harmony,IMG20260430104410,M4,DDColor,Left,M4,DDColor
T000916,E04,Faculty,Style Authenticity,IMG20260430103435,Reinhard,M1,Right,M1,Reinhard
T000917,E04,Faculty,Visual Harmony,IMG20260430104352,M0,DDColor,Left,M0,DDColor
T000918,E04,Faculty,Visual Harmony,IMG20260430104113,M0,M4,Right,M4,M0
T000919,E04,Faculty,Style Authenticity,IMG20260430104352,M4,DDColor,Right,DDColor,M4
T000920,E04,Faculty,Visual Harmony,IMG20260430110350,DDColor,M4,Right,M4,DDColor
T000921,E04,Faculty,Visual Harmony,IMG20260430103755,M0,Reinhard,Left,M0,Reinhard
T000922,E04,Faculty,Style Authenticity,IMG20260430103435,M1,M4,Right,M4,M1
T000923,E04,Faculty,Visual Harmony,IMG20260430110350,DDColor,Reinhard,Left,DDColor,Reinhard
T000924,E04,Faculty,Style Authenticity,IMG20260430104352,M0,M4,Right,M4,M0
T000925,E04,Faculty,Visual Harmony,IMG20260430103043,M1,Reinhard,Left,M1,Reinhard
T000926,E04,Faculty,Visual Harmony,IMG20260430102902,Reinhard,M1,Right,M1,Reinhard
T000927,E04,Faculty,Style Authenticity,IMG20260430102920,M0,M4,Right,M4,M0
T000928,E04,Faculty,Visual Harmony,IMG20260430103113,M1,DDColor,Left,M1,DDColor
T000929,E04,Faculty,Visual Harmony,IMG20260430104352,DDColor,Reinhard,Right,Reinhard,DDColor
T000930,E04,Faculty,Visual Harmony,IMG20260430110350,M0,M1,Left,M0,M1
T000931,E04,Faculty,Visual Harmony,IMG20260430103656,M0,M4,Right,M4,M0
T000932,E04,Faculty,Style Authenticity,IMG20260430103043,M1,Reinhard,Left,M1,Reinhard
T000933,E04,Faculty,Visual Harmony,IMG20260430104348,M4,DDColor,Left,M4,DDColor
T000934,E04,Faculty,Style Authenticity,IMG20260430104352,DDColor,Reinhard,Right,Reinhard,DDColor
T000935,E04,Faculty,Visual Harmony,IMG20260430104410,M0,Reinhard,Left,M0,Reinhard
T000936,E04,Faculty,Visual Harmony,IMG20260430104348,M4,M0,Left,M4,M0
T000937,E04,Faculty,Style Authenticity,IMG20260430104348,M0,Reinhard,Left,M0,Reinhard
T000938,E04,Faculty,Style Authenticity,IMG20260430103435,M1,M0,Left,M1,M0
T000939,E04,Faculty,Style Authenticity,IMG20260430104352,Reinhard,M0,Right,M0,Reinhard
T000940,E04,Faculty,Visual Harmony,IMG20260430104113,Reinhard,M4,Right,M4,Reinhard
T000941,E04,Faculty,Visual Harmony,IMG20260430103043,M0,Reinhard,Left,M0,Reinhard
T000942,E04,Faculty,Visual Harmony,IMG20260430102902,M0,M4,Right,M4,M0
T000943,E04,Faculty,Style Authenticity,IMG20260430104352,M1,Reinhard,Right,Reinhard,M1
T000944,E04,Faculty,Style Authenticity,IMG20260430103113,M4,DDColor,Left,M4,DDColor
T000945,E04,Faculty,Style Authenticity,IMG20260430104113,Reinhard,M1,Left,Reinhard,M1
T000946,E04,Faculty,Style Authenticity,IMG20260430110350,M4,M0,Left,M4,M0
T000947,E04,Faculty,Visual Harmony,IMG20260430102902,M0,DDColor,Left,M0,DDColor
T000948,E04,Faculty,Style Authenticity,IMG20260430103656,DDColor,Reinhard,Left,DDColor,Reinhard
T000949,E04,Faculty,Visual Harmony,IMG20260430102902,Reinhard,DDColor,Left,Reinhard,DDColor
T000950,E04,Faculty,Visual Harmony,IMG20260430103435,M1,M0,Left,M1,M0
T000951,E04,Faculty,Style Authenticity,IMG20260430110350,Reinhard,M4,Right,M4,Reinhard
T000952,E04,Faculty,Style Authenticity,IMG20260430104410,M1,Reinhard,Right,Reinhard,M1
T000953,E04,Faculty,Style Authenticity,IMG20260430102920,Reinhard,M4,Right,M4,Reinhard
T000954,E04,Faculty,Style Authenticity,IMG20260430110350,Reinhard,DDColor,Left,Reinhard,DDColor
T000955,E04,Faculty,Style Authenticity,IMG20260430103435,M1,DDColor,Left,M1,DDColor
T000956,E04,Faculty,Visual Harmony,IMG20260430104352,DDColor,M4,Right,M4,DDColor
T000957,E04,Faculty,Visual Harmony,IMG20260430104113,M4,DDColor,Left,M4,DDColor
T000958,E04,Faculty,Visual Harmony,IMG20260430103755,M0,DDColor,Right,DDColor,M0
T000959,E04,Faculty,Style Authenticity,IMG20260430103113,Reinhard,M0,Right,M0,Reinhard
T000960,E04,Faculty,Visual Harmony,IMG20260430104352,Reinhard,M1,Right,M1,Reinhard
T000961,E05,Faculty,Visual Harmony,IMG20260430104348,M4,M0,Left,M4,M0
T000962,E05,Faculty,Visual Harmony,IMG20260430103755,M1,Reinhard,Left,M1,Reinhard
T000963,E05,Faculty,Style Authenticity,IMG20260430102920,M4,DDColor,Left,M4,DDColor
T000964,E05,Faculty,Style Authenticity,IMG20260430102902,M4,Reinhard,Right,Reinhard,M4
T000965,E05,Faculty,Visual Harmony,IMG20260430103043,DDColor,M4,Left,DDColor,M4
T000966,E05,Faculty,Visual Harmony,IMG20260430104113,M4,M1,Right,M1,M4
T000967,E05,Faculty,Visual Harmony,IMG20260430103113,M0,Reinhard,Left,M0,Reinhard
T000968,E05,Faculty,Style Authenticity,IMG20260430104348,Reinhard,M1,Left,Reinhard,M1
T000969,E05,Faculty,Visual Harmony,IMG20260430103755,DDColor,M4,Left,DDColor,M4
T000970,E05,Faculty,Style Authenticity,IMG20260430102920,DDColor,M0,Left,DDColor,M0
T000971,E05,Faculty,Style Authenticity,IMG20260430103656,M0,M1,Left,M0,M1
T000972,E05,Faculty,Visual Harmony,IMG20260430110350,DDColor,M0,Left,DDColor,M0
T000973,E05,Faculty,Style Authenticity,IMG20260430102920,M0,M1,Left,M0,M1
T000974,E05,Faculty,Visual Harmony,IMG20260430103755,M1,M0,Right,M0,M1
T000975,E05,Faculty,Visual Harmony,IMG20260430103656,Reinhard,DDColor,Right,DDColor,Reinhard
T000976,E05,Faculty,Style Authenticity,IMG20260430104348,M4,Reinhard,Left,M4,Reinhard
T000977,E05,Faculty,Visual Harmony,IMG20260430102920,M1,M0,Left,M1,M0
T000978,E05,Faculty,Style Authenticity,IMG20260430110350,M1,DDColor,Left,M1,DDColor
T000979,E05,Faculty,Style Authenticity,IMG20260430103755,DDColor,M4,Right,M4,DDColor
T000980,E05,Faculty,Style Authenticity,IMG20260430103043,M0,DDColor,Left,M0,DDColor
T000981,E05,Faculty,Style Authenticity,IMG20260430110350,DDColor,Reinhard,Left,DDColor,Reinhard
T000982,E05,Faculty,Style Authenticity,IMG20260430102920,DDColor,M1,Right,M1,DDColor
T000983,E05,Faculty,Visual Harmony,IMG20260430104352,M1,Reinhard,Right,Reinhard,M1
T000984,E05,Faculty,Visual Harmony,IMG20260430104410,M1,M4,Right,M4,M1
T000985,E05,Faculty,Style Authenticity,IMG20260430104348,M0,DDColor,Left,M0,DDColor
T000986,E05,Faculty,Visual Harmony,IMG20260430110350,M1,M0,Right,M0,M1
T000987,E05,Faculty,Visual Harmony,IMG20260430102920,DDColor,M1,Left,DDColor,M1
T000988,E05,Faculty,Visual Harmony,IMG20260430103113,Reinhard,M1,Right,M1,Reinhard
T000989,E05,Faculty,Visual Harmony,IMG20260430103043,M1,Reinhard,Right,Reinhard,M1
T000990,E05,Faculty,Style Authenticity,IMG20260430103113,Reinhard,M4,Right,M4,Reinhard
T000991,E05,Faculty,Style Authenticity,IMG20260430103113,M0,DDColor,Left,M0,DDColor
T000992,E05,Faculty,Visual Harmony,IMG20260430103435,M1,DDColor,Left,M1,DDColor
T000993,E05,Faculty,Visual Harmony,IMG20260430103113,M4,DDColor,Left,M4,DDColor
T000994,E05,Faculty,Visual Harmony,IMG20260430103755,Reinhard,M0,Right,M0,Reinhard
T000995,E05,Faculty,Style Authenticity,IMG20260430103435,M0,Reinhard,Left,M0,Reinhard
T000996,E05,Faculty,Visual Harmony,IMG20260430102902,Reinhard,M4,Right,M4,Reinhard
T000997,E05,Faculty,Visual Harmony,IMG20260430103113,DDColor,Reinhard,Right,Reinhard,DDColor
T000998,E05,Faculty,Visual Harmony,IMG20260430104113,M0,DDColor,Left,M0,DDColor
T000999,E05,Faculty,Visual Harmony,IMG20260430110350,M0,M4,Left,M0,M4
T001000,E05,Faculty,Style Authenticity,IMG20260430104113,DDColor,M1,Right,M1,DDColor
T001001,E05,Faculty,Visual Harmony,IMG20260430103656,M1,Reinhard,Right,Reinhard,M1
T001002,E05,Faculty,Visual Harmony,IMG20260430102920,Reinhard,DDColor,Right,DDColor,Reinhard
T001003,E05,Faculty,Visual Harmony,IMG20260430103113,M0,M1,Left,M0,M1
T001004,E05,Faculty,Style Authenticity,IMG20260430102902,M1,DDColor,Right,DDColor,M1
T001005,E05,Faculty,Visual Harmony,IMG20260430103435,M1,M4,Right,M4,M1
T001006,E05,Faculty,Style Authenticity,IMG20260430103113,M0,Reinhard,Left,M0,Reinhard
T001007,E05,Faculty,Style Authenticity,IMG20260430103435,Reinhard,M4,Right,M4,Reinhard
T001008,E05,Faculty,Visual Harmony,IMG20260430104352,M0,M4,Right,M4,M0
T001009,E05,Faculty,Style Authenticity,IMG20260430103043,M4,Reinhard,Right,Reinhard,M4
T001010,E05,Faculty,Style Authenticity,IMG20260430104113,Reinhard,M4,Right,M4,Reinhard
T001011,E05,Faculty,Visual Harmony,IMG20260430104348,M0,Reinhard,Right,Reinhard,M0
T001012,E05,Faculty,Style Authenticity,IMG20260430103435,M1,M0,Left,M1,M0
T001013,E05,Faculty,Visual Harmony,IMG20260430103435,Reinhard,M0,Left,Reinhard,M0
T001014,E05,Faculty,Style Authenticity,IMG20260430104410,DDColor,Reinhard,Right,Reinhard,DDColor
T001015,E05,Faculty,Visual Harmony,IMG20260430103043,Reinhard,DDColor,Left,Reinhard,DDColor
T001016,E05,Faculty,Visual Harmony,IMG20260430103113,M4,Reinhard,Right,Reinhard,M4
T001017,E05,Faculty,Visual Harmony,IMG20260430102902,M4,DDColor,Left,M4,DDColor
T001018,E05,Faculty,Style Authenticity,IMG20260430103043,Reinhard,M0,Left,Reinhard,M0
T001019,E05,Faculty,Visual Harmony,IMG20260430104113,Reinhard,M0,Right,M0,Reinhard
T001020,E05,Faculty,Style Authenticity,IMG20260430103656,Reinhard,M4,Right,M4,Reinhard
T001021,E05,Faculty,Style Authenticity,IMG20260430103656,DDColor,Reinhard,Left,DDColor,Reinhard
T001022,E05,Faculty,Visual Harmony,IMG20260430103043,M4,M0,Left,M4,M0
T001023,E05,Faculty,Visual Harmony,IMG20260430103656,DDColor,M0,Left,DDColor,M0
T001024,E05,Faculty,Style Authenticity,IMG20260430104410,M1,M4,Right,M4,M1
T001025,E05,Faculty,Visual Harmony,IMG20260430103656,M1,M0,Left,M1,M0
T001026,E05,Faculty,Visual Harmony,IMG20260430110350,M1,M4,Left,M1,M4
T001027,E05,Faculty,Style Authenticity,IMG20260430104410,Reinhard,M0,Left,Reinhard,M0
T001028,E05,Faculty,Visual Harmony,IMG20260430103043,M0,DDColor,Left,M0,DDColor
T001029,E05,Faculty,Visual Harmony,IMG20260430104113,M4,M0,Right,M0,M4
T001030,E05,Faculty,Style Authenticity,IMG20260430102902,DDColor,M4,Left,DDColor,M4
T001031,E05,Faculty,Style Authenticity,IMG20260430103113,Reinhard,DDColor,Left,Reinhard,DDColor
T001032,E05,Faculty,Style Authenticity,IMG20260430103043,M0,M1,Left,M0,M1
T001033,E05,Faculty,Style Authenticity,IMG20260430103043,M1,M4,Right,M4,M1
T001034,E05,Faculty,Visual Harmony,IMG20260430102920,M0,DDColor,Left,M0,DDColor
T001035,E05,Faculty,Visual Harmony,IMG20260430103755,M4,Reinhard,Right,Reinhard,M4
T001036,E05,Faculty,Visual Harmony,IMG20260430104410,M4,M0,Right,M0,M4
T001037,E05,Faculty,Visual Harmony,IMG20260430103113,M0,M4,Left,M0,M4
T001038,E05,Faculty,Style Authenticity,IMG20260430102902,M0,M1,Left,M0,M1
T001039,E05,Faculty,Visual Harmony,IMG20260430103043,M1,M4,Right,M4,M1
T001040,E05,Faculty,Style Authenticity,IMG20260430102920,M1,M4,Right,M4,M1
T001041,E05,Faculty,Style Authenticity,IMG20260430102920,M4,Reinhard,Left,M4,Reinhard
T001042,E05,Faculty,Visual Harmony,IMG20260430110350,M4,DDColor,Left,M4,DDColor
T001043,E05,Faculty,Style Authenticity,IMG20260430103435,M0,DDColor,Right,DDColor,M0
T001044,E05,Faculty,Visual Harmony,IMG20260430104113,M4,DDColor,Right,DDColor,M4
T001045,E05,Faculty,Style Authenticity,IMG20260430104410,M0,M4,Right,M4,M0
T001046,E05,Faculty,Style Authenticity,IMG20260430103113,M1,M0,Left,M1,M0
T001047,E05,Faculty,Style Authenticity,IMG20260430104113,M4,M0,Left,M4,M0
T001048,E05,Faculty,Visual Harmony,IMG20260430103435,Reinhard,M1,Left,Reinhard,M1
T001049,E05,Faculty,Style Authenticity,IMG20260430102920,Reinhard,M0,Right,M0,Reinhard
T001050,E05,Faculty,Style Authenticity,IMG20260430104348,M1,DDColor,Left,M1,DDColor
T001051,E05,Faculty,Style Authenticity,IMG20260430104348,M4,DDColor,Right,DDColor,M4
T001052,E05,Faculty,Style Authenticity,IMG20260430110350,M0,M4,Right,M4,M0
T001053,E05,Faculty,Visual Harmony,IMG20260430103043,M4,Reinhard,Left,M4,Reinhard
T001054,E05,Faculty,Style Authenticity,IMG20260430103113,M1,DDColor,Left,M1,DDColor
T001055,E05,Faculty,Style Authenticity,IMG20260430103435,M4,M1,Left,M4,M1
T001056,E05,Faculty,Style Authenticity,IMG20260430104348,M4,M1,Left,M4,M1
T001057,E05,Faculty,Style Authenticity,IMG20260430104352,M4,M1,Left,M4,M1
T001058,E05,Faculty,Style Authenticity,IMG20260430103043,M4,M0,Left,M4,M0
T001059,E05,Faculty,Style Authenticity,IMG20260430104352,DDColor,M4,Right,M4,DDColor
T001060,E05,Faculty,Visual Harmony,IMG20260430102902,M1,M0,Left,M1,M0
T001061,E05,Faculty,Style Authenticity,IMG20260430104352,M1,DDColor,Right,DDColor,M1
T001062,E05,Faculty,Visual Harmony,IMG20260430104410,M0,M1,Right,M1,M0
T001063,E05,Faculty,Style Authenticity,IMG20260430104352,DDColor,M0,Left,DDColor,M0
T001064,E05,Faculty,Visual Harmony,IMG20260430103435,M4,DDColor,Left,M4,DDColor
T001065,E05,Faculty,Style Authenticity,IMG20260430103113,M4,DDColor,Right,DDColor,M4
T001066,E05,Faculty,Visual Harmony,IMG20260430102920,DDColor,M4,Right,M4,DDColor
T001067,E05,Faculty,Visual Harmony,IMG20260430110350,Reinhard,M1,Left,Reinhard,M1
T001068,E05,Faculty,Style Authenticity,IMG20260430103113,M4,M1,Left,M4,M1
T001069,E05,Faculty,Style Authenticity,IMG20260430103755,M0,M4,Left,M0,M4
T001070,E05,Faculty,Style Authenticity,IMG20260430102920,M4,M0,Right,M0,M4
T001071,E05,Faculty,Style Authenticity,IMG20260430102902,DDColor,Reinhard,Right,Reinhard,DDColor
T001072,E05,Faculty,Visual Harmony,IMG20260430104113,Reinhard,M4,Right,M4,Reinhard
T001073,E05,Faculty,Visual Harmony,IMG20260430103656,M1,DDColor,Right,DDColor,M1
T001074,E05,Faculty,Visual Harmony,IMG20260430110350,Reinhard,M4,Right,M4,Reinhard
T001075,E05,Faculty,Visual Harmony,IMG20260430104410,DDColor,Reinhard,Left,DDColor,Reinhard
T001076,E05,Faculty,Style Authenticity,IMG20260430102920,Reinhard,M1,Left,Reinhard,M1
T001077,E05,Faculty,Style Authenticity,IMG20260430103755,M4,Reinhard,Left,M4,Reinhard
T001078,E05,Faculty,Style Authenticity,IMG20260430103755,M1,DDColor,Right,DDColor,M1
T001079,E05,Faculty,Visual Harmony,IMG20260430103043,M1,M0,Right,M0,M1
T001080,E05,Faculty,Visual Harmony,IMG20260430102920,M4,Reinhard,Right,Reinhard,M4
T001081,E05,Faculty,Visual Harmony,IMG20260430103435,M1,M0,Left,M1,M0
T001082,E05,Faculty,Visual Harmony,IMG20260430103113,M4,M1,Right,M1,M4
T001083,E05,Faculty,Style Authenticity,IMG20260430103755,M0,DDColor,Left,M0,DDColor
T001084,E05,Faculty,Style Authenticity,IMG20260430102920,DDColor,Reinhard,Left,DDColor,Reinhard
T001085,E05,Faculty,Visual Harmony,IMG20260430104410,Reinhard,M4,Right,M4,Reinhard
T001086,E05,Faculty,Style Authenticity,IMG20260430110350,M0,M1,Left,M0,M1
T001087,E05,Faculty,Visual Harmony,IMG20260430102902,DDColor,Reinhard,Left,DDColor,Reinhard
T001088,E05,Faculty,Style Authenticity,IMG20260430104113,Reinhard,M0,Left,Reinhard,M0
T001089,E05,Faculty,Style Authenticity,IMG20260430104410,Reinhard,M4,Right,M4,Reinhard
T001090,E05,Faculty,Style Authenticity,IMG20260430104410,DDColor,M1,Right,M1,DDColor
T001091,E05,Faculty,Style Authenticity,IMG20260430104352,Reinhard,M0,Left,Reinhard,M0
T001092,E05,Faculty,Visual Harmony,IMG20260430104348,Reinhard,M4,Right,M4,Reinhard
T001093,E05,Faculty,Visual Harmony,IMG20260430104352,M0,DDColor,Left,M0,DDColor
T001094,E05,Faculty,Visual Harmony,IMG20260430102920,M0,M4,Right,M4,M0
T001095,E05,Faculty,Visual Harmony,IMG20260430103656,M4,Reinhard,Right,Reinhard,M4
T001096,E05,Faculty,Visual Harmony,IMG20260430103113,M1,DDColor,Left,M1,DDColor
T001097,E05,Faculty,Style Authenticity,IMG20260430103656,M1,DDColor,Left,M1,DDColor
T001098,E05,Faculty,Style Authenticity,IMG20260430104352,M0,M4,Right,M4,M0
T001099,E05,Faculty,Visual Harmony,IMG20260430103656,M0,Reinhard,Left,M0,Reinhard
T001100,E05,Faculty,Visual Harmony,IMG20260430103755,M0,DDColor,Left,M0,DDColor
T001101,E05,Faculty,Style Authenticity,IMG20260430104348,M0,Reinhard,Left,M0,Reinhard
T001102,E05,Faculty,Visual Harmony,IMG20260430103656,M4,DDColor,Left,M4,DDColor
T001103,E05,Faculty,Style Authenticity,IMG20260430102902,DDColor,M0,Right,M0,DDColor
T001104,E05,Faculty,Visual Harmony,IMG20260430104410,Reinhard,M0,Right,M0,Reinhard
T001105,E05,Faculty,Style Authenticity,IMG20260430103435,Reinhard,DDColor,Right,DDColor,Reinhard
T001106,E05,Faculty,Visual Harmony,IMG20260430103755,M4,M0,Left,M4,M0
T001107,E05,Faculty,Visual Harmony,IMG20260430104352,M4,Reinhard,Left,M4,Reinhard
T001108,E05,Faculty,Visual Harmony,IMG20260430110350,M1,DDColor,Right,DDColor,M1
T001109,E05,Faculty,Style Authenticity,IMG20260430103435,M4,M0,Left,M4,M0
T001110,E05,Faculty,Style Authenticity,IMG20260430103043,DDColor,Reinhard,Right,Reinhard,DDColor
T001111,E05,Faculty,Style Authenticity,IMG20260430103656,M4,M0,Left,M4,M0
T001112,E05,Faculty,Style Authenticity,IMG20260430103043,M1,DDColor,Left,M1,DDColor
T001113,E05,Faculty,Style Authenticity,IMG20260430110350,Reinhard,M4,Right,M4,Reinhard
T001114,E05,Faculty,Style Authenticity,IMG20260430104113,M0,DDColor,Right,DDColor,M0
T001115,E05,Faculty,Style Authenticity,IMG20260430104410,M0,M1,Right,M1,M0
T001116,E05,Faculty,Style Authenticity,IMG20260430103656,M0,Reinhard,Right,Reinhard,M0
T001117,E05,Faculty,Style Authenticity,IMG20260430103113,M0,M4,Right,M4,M0
T001118,E05,Faculty,Style Authenticity,IMG20260430102902,M1,Reinhard,Right,Reinhard,M1
T001119,E05,Faculty,Visual Harmony,IMG20260430104352,M4,M1,Left,M4,M1
T001120,E05,Faculty,Visual Harmony,IMG20260430104348,M1,Reinhard,Left,M1,Reinhard
T001121,E05,Faculty,Visual Harmony,IMG20260430104113,DDColor,M1,Right,M1,DDColor
T001122,E05,Faculty,Visual Harmony,IMG20260430104113,Reinhard,M1,Right,M1,Reinhard
T001123,E05,Faculty,Style Authenticity,IMG20260430103043,Reinhard,M1,Right,M1,Reinhard
T001124,E05,Faculty,Visual Harmony,IMG20260430102902,M1,DDColor,Right,DDColor,M1
T001125,E05,Faculty,Visual Harmony,IMG20260430103435,Reinhard,DDColor,Left,Reinhard,DDColor
T001126,E05,Faculty,Visual Harmony,IMG20260430102902,Reinhard,M0,Right,M0,Reinhard
T001127,E05,Faculty,Style Authenticity,IMG20260430103755,M0,Reinhard,Right,Reinhard,M0
T001128,E05,Faculty,Visual Harmony,IMG20260430103113,DDColor,M0,Left,DDColor,M0
T001129,E05,Faculty,Style Authenticity,IMG20260430104113,M1,Reinhard,Left,M1,Reinhard
T001130,E05,Faculty,Style Authenticity,IMG20260430103435,M1,Reinhard,Left,M1,Reinhard
T001131,E05,Faculty,Visual Harmony,IMG20260430103656,M4,M0,Left,M4,M0
T001132,E05,Faculty,Style Authenticity,IMG20260430103435,DDColor,M1,Right,M1,DDColor
T001133,E05,Faculty,Visual Harmony,IMG20260430103043,M1,DDColor,Left,M1,DDColor
T001134,E05,Faculty,Visual Harmony,IMG20260430104348,DDColor,Reinhard,Left,DDColor,Reinhard
T001135,E05,Faculty,Style Authenticity,IMG20260430103656,M1,M4,Right,M4,M1
T001136,E05,Faculty,Visual Harmony,IMG20260430104348,DDColor,M1,Right,M1,DDColor
T001137,E05,Faculty,Visual Harmony,IMG20260430104410,M1,DDColor,Left,M1,DDColor
T001138,E05,Faculty,Style Authenticity,IMG20260430103755,M1,M4,Left,M1,M4
T001139,E05,Faculty,Style Authenticity,IMG20260430102902,M0,M4,Right,M4,M0
T001140,E05,Faculty,Visual Harmony,IMG20260430103755,M4,M1,Left,M4,M1
T001141,E05,Faculty,Visual Harmony,IMG20260430103755,M1,DDColor,Right,DDColor,M1
T001142,E05,Faculty,Visual Harmony,IMG20260430104410,DDColor,M0,Left,DDColor,M0
T001143,E05,Faculty,Visual Harmony,IMG20260430104352,DDColor,M4,Right,M4,DDColor
T001144,E05,Faculty,Style Authenticity,IMG20260430104348,DDColor,Reinhard,Right,Reinhard,DDColor
T001145,E05,Faculty,Style Authenticity,IMG20260430103755,M0,M1,Left,M0,M1
T001146,E05,Faculty,Style Authenticity,IMG20260430104410,DDColor,M0,Left,DDColor,M0
T001147,E05,Faculty,Style Authenticity,IMG20260430103755,Reinhard,M1,Right,M1,Reinhard
T001148,E05,Faculty,Visual Harmony,IMG20260430102920,M4,M1,Left,M4,M1
T001149,E05,Faculty,Visual Harmony,IMG20260430104348,DDColor,M0,Left,DDColor,M0
T001150,E05,Faculty,Visual Harmony,IMG20260430104352,M1,DDColor,Left,M1,DDColor
T001151,E05,Faculty,Style Authenticity,IMG20260430104113,M4,DDColor,Left,M4,DDColor
T001152,E05,Faculty,Visual Harmony,IMG20260430102902,M1,Reinhard,Left,M1,Reinhard
T001153,E05,Faculty,Style Authenticity,IMG20260430103656,M1,Reinhard,Left,M1,Reinhard
T001154,E05,Faculty,Style Authenticity,IMG20260430103113,M1,Reinhard,Left,M1,Reinhard
T001155,E05,Faculty,Style Authenticity,IMG20260430104410,Reinhard,M1,Left,Reinhard,M1
T001156,E05,Faculty,Style Authenticity,IMG20260430110350,M0,DDColor,Right,DDColor,M0
T001157,E05,Faculty,Visual Harmony,IMG20260430110350,Reinhard,DDColor,Right,DDColor,Reinhard
T001158,E05,Faculty,Style Authenticity,IMG20260430104113,Reinhard,DDColor,Left,Reinhard,DDColor
T001159,E05,Faculty,Visual Harmony,IMG20260430103043,M0,Reinhard,Left,M0,Reinhard
T001160,E05,Faculty,Visual Harmony,IMG20260430104113,M0,M1,Left,M0,M1
T001161,E05,Faculty,Visual Harmony,IMG20260430104352,Reinhard,DDColor,Right,DDColor,Reinhard
T001162,E05,Faculty,Visual Harmony,IMG20260430102902,DDColor,M0,Left,DDColor,M0
T001163,E05,Faculty,Visual Harmony,IMG20260430110350,Reinhard,M0,Left,Reinhard,M0
T001164,E05,Faculty,Style Authenticity,IMG20260430102902,M0,Reinhard,Left,M0,Reinhard
T001165,E05,Faculty,Visual Harmony,IMG20260430104410,M1,Reinhard,Left,M1,Reinhard
T001166,E05,Faculty,Visual Harmony,IMG20260430102920,M0,Reinhard,Left,M0,Reinhard
T001167,E05,Faculty,Visual Harmony,IMG20260430104348,M1,M0,Right,M0,M1
T001168,E05,Faculty,Style Authenticity,IMG20260430103656,M4,DDColor,Left,M4,DDColor
T001169,E05,Faculty,Visual Harmony,IMG20260430102920,Reinhard,M1,Right,M1,Reinhard
T001170,E05,Faculty,Style Authenticity,IMG20260430103656,M0,DDColor,Left,M0,DDColor
T001171,E05,Faculty,Visual Harmony,IMG20260430104410,M4,DDColor,Left,M4,DDColor
T001172,E05,Faculty,Visual Harmony,IMG20260430103656,M4,M1,Left,M4,M1
T001173,E05,Faculty,Style Authenticity,IMG20260430103435,M4,DDColor,Left,M4,DDColor
T001174,E05,Faculty,Style Authenticity,IMG20260430103043,DDColor,M4,Left,DDColor,M4
T001175,E05,Faculty,Visual Harmony,IMG20260430103755,Reinhard,DDColor,Right,DDColor,Reinhard
T001176,E05,Faculty,Style Authenticity,IMG20260430104352,Reinhard,M1,Left,Reinhard,M1
T001177,E05,Faculty,Visual Harmony,IMG20260430103435,M4,M0,Left,M4,M0
T001178,E05,Faculty,Visual Harmony,IMG20260430103435,M0,DDColor,Right,DDColor,M0
T001179,E05,Faculty,Style Authenticity,IMG20260430104352,M4,Reinhard,Left,M4,Reinhard
T001180,E05,Faculty,Style Authenticity,IMG20260430110350,M1,Reinhard,Left,M1,Reinhard
T001181,E05,Faculty,Style Authenticity,IMG20260430104352,M0,M1,Left,M0,M1
T001182,E05,Faculty,Style Authenticity,IMG20260430104113,M0,M1,Left,M0,M1
T001183,E05,Faculty,Visual Harmony,IMG20260430104352,Reinhard,M0,Right,M0,Reinhard
T001184,E05,Faculty,Style Authenticity,IMG20260430102902,M1,M4,Right,M4,M1
T001185,E05,Faculty,Visual Harmony,IMG20260430103435,Reinhard,M4,Right,M4,Reinhard
T001186,E05,Faculty,Style Authenticity,IMG20260430103755,Reinhard,DDColor,Left,Reinhard,DDColor
T001187,E05,Faculty,Style Authenticity,IMG20260430110350,M4,DDColor,Left,M4,DDColor
T001188,E05,Faculty,Visual Harmony,IMG20260430102902,M4,M1,Left,M4,M1
T001189,E05,Faculty,Style Authenticity,IMG20260430110350,M1,M4,Right,M4,M1
T001190,E05,Faculty,Style Authenticity,IMG20260430104352,DDColor,Reinhard,Right,Reinhard,DDColor
T001191,E05,Faculty,Style Authenticity,IMG20260430104348,M0,M4,Right,M4,M0
T001192,E05,Faculty,Visual Harmony,IMG20260430104348,M4,M1,Left,M4,M1
T001193,E05,Faculty,Visual Harmony,IMG20260430104348,DDColor,M4,Left,DDColor,M4
T001194,E05,Faculty,Style Authenticity,IMG20260430110350,Reinhard,M0,Right,M0,Reinhard
T001195,E05,Faculty,Style Authenticity,IMG20260430104348,M1,M0,Right,M0,M1
T001196,E05,Faculty,Style Authenticity,IMG20260430104113,M1,M4,Right,M4,M1
T001197,E05,Faculty,Visual Harmony,IMG20260430104113,DDColor,Reinhard,Right,Reinhard,DDColor
T001198,E05,Faculty,Visual Harmony,IMG20260430102902,M4,M0,Left,M4,M0
T001199,E05,Faculty,Visual Harmony,IMG20260430104352,M1,M0,Left,M1,M0
T001200,E05,Faculty,Style Authenticity,IMG20260430104410,M4,DDColor,Left,M4,DDColor
T001201,E06,Faculty,Style Authenticity,IMG20260430110350,M4,M0,Left,M4,M0
T001202,E06,Faculty,Style Authenticity,IMG20260430103656,M0,M1,Right,M1,M0
T001203,E06,Faculty,Style Authenticity,IMG20260430104348,DDColor,Reinhard,Right,Reinhard,DDColor
T001204,E06,Faculty,Visual Harmony,IMG20260430102902,M1,Reinhard,Left,M1,Reinhard
T001205,E06,Faculty,Visual Harmony,IMG20260430103113,M0,M4,Right,M4,M0
T001206,E06,Faculty,Style Authenticity,IMG20260430103113,DDColor,M0,Left,DDColor,M0
T001207,E06,Faculty,Style Authenticity,IMG20260430102902,Reinhard,M4,Left,Reinhard,M4
T001208,E06,Faculty,Style Authenticity,IMG20260430103656,M0,M4,Left,M0,M4
T001209,E06,Faculty,Visual Harmony,IMG20260430103656,Reinhard,M1,Left,Reinhard,M1
T001210,E06,Faculty,Style Authenticity,IMG20260430102920,DDColor,M4,Right,M4,DDColor
T001211,E06,Faculty,Style Authenticity,IMG20260430102920,M0,M1,Left,M0,M1
T001212,E06,Faculty,Visual Harmony,IMG20260430102920,M1,M4,Right,M4,M1
T001213,E06,Faculty,Visual Harmony,IMG20260430104352,DDColor,M4,Right,M4,DDColor
T001214,E06,Faculty,Style Authenticity,IMG20260430110350,M1,M4,Right,M4,M1
T001215,E06,Faculty,Visual Harmony,IMG20260430103656,Reinhard,M0,Left,Reinhard,M0
T001216,E06,Faculty,Visual Harmony,IMG20260430103755,M1,DDColor,Left,M1,DDColor
T001217,E06,Faculty,Style Authenticity,IMG20260430104352,M0,M1,Left,M0,M1
T001218,E06,Faculty,Style Authenticity,IMG20260430103113,DDColor,M1,Left,DDColor,M1
T001219,E06,Faculty,Style Authenticity,IMG20260430104410,M4,Reinhard,Left,M4,Reinhard
T001220,E06,Faculty,Visual Harmony,IMG20260430103113,M1,M4,Left,M1,M4
T001221,E06,Faculty,Visual Harmony,IMG20260430104352,Reinhard,DDColor,Left,Reinhard,DDColor
T001222,E06,Faculty,Style Authenticity,IMG20260430103113,M0,Reinhard,Right,Reinhard,M0
T001223,E06,Faculty,Style Authenticity,IMG20260430110350,M4,DDColor,Left,M4,DDColor
T001224,E06,Faculty,Visual Harmony,IMG20260430110350,M0,M1,Left,M0,M1
T001225,E06,Faculty,Visual Harmony,IMG20260430103755,Reinhard,M4,Right,M4,Reinhard
T001226,E06,Faculty,Visual Harmony,IMG20260430104410,M1,M0,Right,M0,M1
T001227,E06,Faculty,Visual Harmony,IMG20260430110350,DDColor,M1,Left,DDColor,M1
T001228,E06,Faculty,Style Authenticity,IMG20260430103435,DDColor,M4,Right,M4,DDColor
T001229,E06,Faculty,Visual Harmony,IMG20260430104113,DDColor,M0,Right,M0,DDColor
T001230,E06,Faculty,Visual Harmony,IMG20260430102902,M0,M4,Right,M4,M0
T001231,E06,Faculty,Style Authenticity,IMG20260430103656,M4,DDColor,Left,M4,DDColor
T001232,E06,Faculty,Style Authenticity,IMG20260430104352,M1,M4,Right,M4,M1
T001233,E06,Faculty,Style Authenticity,IMG20260430104410,M1,M0,Left,M1,M0
T001234,E06,Faculty,Visual Harmony,IMG20260430104352,M1,M4,Left,M1,M4
T001235,E06,Faculty,Visual Harmony,IMG20260430110350,M0,M4,Right,M4,M0
T001236,E06,Faculty,Visual Harmony,IMG20260430104410,Reinhard,M4,Right,M4,Reinhard
T001237,E06,Faculty,Style Authenticity,IMG20260430103656,M4,M1,Left,M4,M1
T001238,E06,Faculty,Style Authenticity,IMG20260430104113,M1,Reinhard,Right,Reinhard,M1
T001239,E06,Faculty,Style Authenticity,IMG20260430104410,M0,M4,Right,M4,M0
T001240,E06,Faculty,Visual Harmony,IMG20260430103435,M1,M4,Left,M1,M4
T001241,E06,Faculty,Style Authenticity,IMG20260430104113,DDColor,Reinhard,Left,DDColor,Reinhard
T001242,E06,Faculty,Style Authenticity,IMG20260430104348,M1,Reinhard,Right,Reinhard,M1
T001243,E06,Faculty,Visual Harmony,IMG20260430104352,M4,Reinhard,Left,M4,Reinhard
T001244,E06,Faculty,Style Authenticity,IMG20260430102920,M0,Reinhard,Left,M0,Reinhard
T001245,E06,Faculty,Style Authenticity,IMG20260430110350,Reinhard,DDColor,Right,DDColor,Reinhard
T001246,E06,Faculty,Visual Harmony,IMG20260430103755,DDColor,M4,Left,DDColor,M4
T001247,E06,Faculty,Visual Harmony,IMG20260430102920,DDColor,M1,Left,DDColor,M1
T001248,E06,Faculty,Visual Harmony,IMG20260430104348,DDColor,M4,Right,M4,DDColor
T001249,E06,Faculty,Style Authenticity,IMG20260430103043,M0,DDColor,Left,M0,DDColor
T001250,E06,Faculty,Style Authenticity,IMG20260430103755,DDColor,Reinhard,Left,DDColor,Reinhard
T001251,E06,Faculty,Visual Harmony,IMG20260430104352,DDColor,M1,Left,DDColor,M1
T001252,E06,Faculty,Visual Harmony,IMG20260430103755,M1,M0,Right,M0,M1
T001253,E06,Faculty,Style Authenticity,IMG20260430104113,M1,M4,Right,M4,M1
T001254,E06,Faculty,Style Authenticity,IMG20260430103656,DDColor,M1,Left,DDColor,M1
T001255,E06,Faculty,Style Authenticity,IMG20260430110350,M0,DDColor,Left,M0,DDColor
T001256,E06,Faculty,Style Authenticity,IMG20260430103755,M0,Reinhard,Left,M0,Reinhard
T001257,E06,Faculty,Style Authenticity,IMG20260430102920,M0,DDColor,Left,M0,DDColor
T001258,E06,Faculty,Visual Harmony,IMG20260430102902,M0,Reinhard,Left,M0,Reinhard
T001259,E06,Faculty,Visual Harmony,IMG20260430104410,M1,Reinhard,Right,Reinhard,M1
T001260,E06,Faculty,Style Authenticity,IMG20260430103755,M1,Reinhard,Left,M1,Reinhard
T001261,E06,Faculty,Style Authenticity,IMG20260430103435,Reinhard,M1,Right,M1,Reinhard
T001262,E06,Faculty,Style Authenticity,IMG20260430104410,M1,DDColor,Left,M1,DDColor
T001263,E06,Faculty,Visual Harmony,IMG20260430104113,M4,Reinhard,Left,M4,Reinhard
T001264,E06,Faculty,Visual Harmony,IMG20260430103043,M0,M1,Left,M0,M1
T001265,E06,Faculty,Style Authenticity,IMG20260430103755,M0,M1,Left,M0,M1
T001266,E06,Faculty,Visual Harmony,IMG20260430103755,Reinhard,DDColor,Left,Reinhard,DDColor
T001267,E06,Faculty,Style Authenticity,IMG20260430104410,Reinhard,M1,Right,M1,Reinhard
T001268,E06,Faculty,Visual Harmony,IMG20260430104113,M1,M4,Right,M4,M1
T001269,E06,Faculty,Style Authenticity,IMG20260430103435,M1,M4,Right,M4,M1
T001270,E06,Faculty,Style Authenticity,IMG20260430102920,M1,DDColor,Left,M1,DDColor
T001271,E06,Faculty,Style Authenticity,IMG20260430103755,M4,Reinhard,Left,M4,Reinhard
T001272,E06,Faculty,Visual Harmony,IMG20260430104348,DDColor,M0,Left,DDColor,M0
T001273,E06,Faculty,Style Authenticity,IMG20260430103755,M0,M4,Left,M0,M4
T001274,E06,Faculty,Style Authenticity,IMG20260430103113,DDColor,Reinhard,Left,DDColor,Reinhard
T001275,E06,Faculty,Style Authenticity,IMG20260430103755,M1,M4,Right,M4,M1
T001276,E06,Faculty,Visual Harmony,IMG20260430102920,Reinhard,M0,Right,M0,Reinhard
T001277,E06,Faculty,Visual Harmony,IMG20260430103435,M0,DDColor,Right,DDColor,M0
T001278,E06,Faculty,Visual Harmony,IMG20260430103043,Reinhard,M1,Right,M1,Reinhard
T001279,E06,Faculty,Style Authenticity,IMG20260430103656,M1,Reinhard,Left,M1,Reinhard
T001280,E06,Faculty,Visual Harmony,IMG20260430110350,DDColor,M4,Right,M4,DDColor
T001281,E06,Faculty,Style Authenticity,IMG20260430102902,DDColor,M1,Left,DDColor,M1
T001282,E06,Faculty,Visual Harmony,IMG20260430103113,M4,Reinhard,Left,M4,Reinhard
T001283,E06,Faculty,Style Authenticity,IMG20260430104410,M0,Reinhard,Left,M0,Reinhard
T001284,E06,Faculty,Visual Harmony,IMG20260430102902,M1,M0,Left,M1,M0
T001285,E06,Faculty,Style Authenticity,IMG20260430102902,Reinhard,DDColor,Left,Reinhard,DDColor
T001286,E06,Faculty,Style Authenticity,IMG20260430104113,M1,M0,Right,M0,M1
T001287,E06,Faculty,Visual Harmony,IMG20260430103656,M1,M0,Right,M0,M1
T001288,E06,Faculty,Visual Harmony,IMG20260430103435,Reinhard,M1,Right,M1,Reinhard
T001289,E06,Faculty,Visual Harmony,IMG20260430102920,M4,M0,Left,M4,M0
T001290,E06,Faculty,Style Authenticity,IMG20260430104352,DDColor,M1,Right,M1,DDColor
T001291,E06,Faculty,Visual Harmony,IMG20260430104348,M0,M4,Right,M4,M0
T001292,E06,Faculty,Style Authenticity,IMG20260430110350,M1,Reinhard,Left,M1,Reinhard
T001293,E06,Faculty,Visual Harmony,IMG20260430104352,M1,M0,Left,M1,M0
T001294,E06,Faculty,Style Authenticity,IMG20260430104352,Reinhard,M1,Left,Reinhard,M1
T001295,E06,Faculty,Style Authenticity,IMG20260430102902,M0,DDColor,Left,M0,DDColor
T001296,E06,Faculty,Visual Harmony,IMG20260430102920,Reinhard,M1,Right,M1,Reinhard
T001297,E06,Faculty,Style Authenticity,IMG20260430103755,M4,DDColor,Left,M4,DDColor
T001298,E06,Faculty,Style Authenticity,IMG20260430104348,M4,M0,Right,M0,M4
T001299,E06,Faculty,Visual Harmony,IMG20260430110350,M4,Reinhard,Left,M4,Reinhard
T001300,E06,Faculty,Style Authenticity,IMG20260430103755,DDColor,M0,Right,M0,DDColor
T001301,E06,Faculty,Style Authenticity,IMG20260430104348,M0,DDColor,Left,M0,DDColor
T001302,E06,Faculty,Visual Harmony,IMG20260430103435,M0,M1,Left,M0,M1
T001303,E06,Faculty,Style Authenticity,IMG20260430104352,Reinhard,DDColor,Right,DDColor,Reinhard
T001304,E06,Faculty,Style Authenticity,IMG20260430103043,M1,Reinhard,Left,M1,Reinhard
T001305,E06,Faculty,Visual Harmony,IMG20260430110350,Reinhard,M0,Right,M0,Reinhard
T001306,E06,Faculty,Style Authenticity,IMG20260430104348,M0,M1,Left,M0,M1
T001307,E06,Faculty,Visual Harmony,IMG20260430103113,M0,DDColor,Right,DDColor,M0
T001308,E06,Faculty,Style Authenticity,IMG20260430103043,Reinhard,DDColor,Left,Reinhard,DDColor
T001309,E06,Faculty,Style Authenticity,IMG20260430103435,Reinhard,M0,Right,M0,Reinhard
T001310,E06,Faculty,Visual Harmony,IMG20260430110350,DDColor,Reinhard,Right,Reinhard,DDColor
T001311,E06,Faculty,Visual Harmony,IMG20260430103113,Reinhard,M1,Left,Reinhard,M1
T001312,E06,Faculty,Visual Harmony,IMG20260430104348,Reinhard,M0,Right,M0,Reinhard
T001313,E06,Faculty,Visual Harmony,IMG20260430104410,DDColor,M4,Left,DDColor,M4
T001314,E06,Faculty,Style Authenticity,IMG20260430104410,DDColor,Reinhard,Right,Reinhard,DDColor
T001315,E06,Faculty,Visual Harmony,IMG20260430103043,DDColor,M1,Right,M1,DDColor
T001316,E06,Faculty,Style Authenticity,IMG20260430103435,M0,M4,Left,M0,M4
T001317,E06,Faculty,Style Authenticity,IMG20260430104113,M0,Reinhard,Left,M0,Reinhard
T001318,E06,Faculty,Visual Harmony,IMG20260430103113,M4,DDColor,Left,M4,DDColor
T001319,E06,Faculty,Visual Harmony,IMG20260430103043,M1,M4,Right,M4,M1
T001320,E06,Faculty,Style Authenticity,IMG20260430110350,M0,Reinhard,Left,M0,Reinhard
T001321,E06,Faculty,Style Authenticity,IMG20260430104113,DDColor,M0,Right,M0,DDColor
T001322,E06,Faculty,Visual Harmony,IMG20260430104113,Reinhard,M0,Right,M0,Reinhard
T001323,E06,Faculty,Visual Harmony,IMG20260430103113,M0,M1,Right,M1,M0
T001324,E06,Faculty,Visual Harmony,IMG20260430103755,M0,DDColor,Right,DDColor,M0
T001325,E06,Faculty,Visual Harmony,IMG20260430102920,DDColor,M4,Right,M4,DDColor
T001326,E06,Faculty,Style Authenticity,IMG20260430104113,DDColor,M4,Left,DDColor,M4
T001327,E06,Faculty,Visual Harmony,IMG20260430103043,M4,DDColor,Right,DDColor,M4
T001328,E06,Faculty,Style Authenticity,IMG20260430103043,M4,M0,Left,M4,M0
T001329,E06,Faculty,Style Authenticity,IMG20260430104348,DDColor,M4,Right,M4,DDColor
T001330,E06,Faculty,Visual Harmony,IMG20260430103435,M4,DDColor,Left,M4,DDColor
T001331,E06,Faculty,Visual Harmony,IMG20260430103043,DDColor,Reinhard,Left,DDColor,Reinhard
T001332,E06,Faculty,Style Authenticity,IMG20260430102920,M4,Reinhard,Left,M4,Reinhard
T001333,E06,Faculty,Style Authenticity,IMG20260430102902,M4,M1,Left,M4,M1
T001334,E06,Faculty,Style Authenticity,IMG20260430104410,M4,DDColor,Left,M4,DDColor
T001335,E06,Faculty,Style Authenticity,IMG20260430103043,M0,Reinhard,Left,M0,Reinhard
T001336,E06,Faculty,Visual Harmony,IMG20260430102920,M0,M1,Left,M0,M1
T001337,E06,Faculty,Visual Harmony,IMG20260430103656,M4,DDColor,Left,M4,DDColor
T001338,E06,Faculty,Visual Harmony,IMG20260430104113,M1,M0,Left,M1,M0
T001339,E06,Faculty,Style Authenticity,IMG20260430103755,M1,DDColor,Right,DDColor,M1
T001340,E06,Faculty,Visual Harmony,IMG20260430103113,M1,DDColor,Right,DDColor,M1
T001341,E06,Faculty,Style Authenticity,IMG20260430104352,Reinhard,M0,Right,M0,Reinhard
T001342,E06,Faculty,Style Authenticity,IMG20260430103043,DDColor,M4,Right,M4,DDColor
T001343,E06,Faculty,Style Authenticity,IMG20260430103113,M0,M4,Right,M4,M0
T001344,E06,Faculty,Style Authenticity,IMG20260430102902,M0,M4,Right,M4,M0
T001345,E06,Faculty,Visual Harmony,IMG20260430103435,DDColor,M1,Right,M1,DDColor
T001346,E06,Faculty,Visual Harmony,IMG20260430102902,M4,M1,Left,M4,M1
T001347,E06,Faculty,Style Authenticity,IMG20260430102902,M0,Reinhard,Left,M0,Reinhard
T001348,E06,Faculty,Style Authenticity,IMG20260430102920,M0,M4,Right,M4,M0
T001349,E06,Faculty,Visual Harmony,IMG20260430103113,Reinhard,DDColor,Left,Reinhard,DDColor
T001350,E06,Faculty,Style Authenticity,IMG20260430103113,M1,Reinhard,Right,Reinhard,M1
T001351,E06,Faculty,Visual Harmony,IMG20260430103043,M0,DDColor,Right,DDColor,M0
T001352,E06,Faculty,Visual Harmony,IMG20260430103755,Reinhard,M1,Right,M1,Reinhard
T001353,E06,Faculty,Visual Harmony,IMG20260430104410,Reinhard,DDColor,Right,DDColor,Reinhard
T001354,E06,Faculty,Style Authenticity,IMG20260430102920,M1,Reinhard,Left,M1,Reinhard
T001355,E06,Faculty,Visual Harmony,IMG20260430104348,M1,M4,Right,M4,M1
T001356,E06,Faculty,Style Authenticity,IMG20260430104410,M1,M4,Right,M4,M1
T001357,E06,Faculty,Visual Harmony,IMG20260430103755,M1,M4,Right,M4,M1
T001358,E06,Faculty,Style Authenticity,IMG20260430103113,M0,M1,Right,M1,M0
T001359,E06,Faculty,Style Authenticity,IMG20260430103435,M0,M1,Right,M1,M0
T001360,E06,Faculty,Visual Harmony,IMG20260430102920,M4,Reinhard,Right,Reinhard,M4
T001361,E06,Faculty,Visual Harmony,IMG20260430103656,M4,M0,Left,M4,M0
T001362,E06,Faculty,Style Authenticity,IMG20260430103435,DDColor,Reinhard,Left,DDColor,Reinhard
T001363,E06,Faculty,Style Authenticity,IMG20260430103043,M1,DDColor,Left,M1,DDColor
T001364,E06,Faculty,Style Authenticity,IMG20260430103113,M4,M1,Right,M1,M4
T001365,E06,Faculty,Style Authenticity,IMG20260430102902,Reinhard,M1,Right,M1,Reinhard
T001366,E06,Faculty,Style Authenticity,IMG20260430104352,M4,Reinhard,Left,M4,Reinhard
T001367,E06,Faculty,Visual Harmony,IMG20260430103435,Reinhard,M4,Right,M4,Reinhard
T001368,E06,Faculty,Style Authenticity,IMG20260430104410,M0,DDColor,Left,M0,DDColor
T001369,E06,Faculty,Visual Harmony,IMG20260430104113,DDColor,Reinhard,Right,Reinhard,DDColor
T001370,E06,Faculty,Style Authenticity,IMG20260430103656,M4,Reinhard,Left,M4,Reinhard
T001371,E06,Faculty,Visual Harmony,IMG20260430103656,M0,DDColor,Right,DDColor,M0
T001372,E06,Faculty,Style Authenticity,IMG20260430103435,M1,DDColor,Left,M1,DDColor
T001373,E06,Faculty,Style Authenticity,IMG20260430104113,DDColor,M1,Right,M1,DDColor
T001374,E06,Faculty,Visual Harmony,IMG20260430104410,Reinhard,M0,Left,Reinhard,M0
T001375,E06,Faculty,Style Authenticity,IMG20260430103113,Reinhard,M4,Right,M4,Reinhard
T001376,E06,Faculty,Visual Harmony,IMG20260430103435,DDColor,Reinhard,Left,DDColor,Reinhard
T001377,E06,Faculty,Visual Harmony,IMG20260430104352,Reinhard,M1,Right,M1,Reinhard
T001378,E06,Faculty,Style Authenticity,IMG20260430103656,M0,Reinhard,Left,M0,Reinhard
T001379,E06,Faculty,Visual Harmony,IMG20260430104348,Reinhard,M1,Right,M1,Reinhard
T001380,E06,Faculty,Style Authenticity,IMG20260430104348,DDColor,M1,Right,M1,DDColor
T001381,E06,Faculty,Visual Harmony,IMG20260430104348,M1,M0,Right,M0,M1
T001382,E06,Faculty,Visual Harmony,IMG20260430110350,Reinhard,M1,Left,Reinhard,M1
T001383,E06,Faculty,Style Authenticity,IMG20260430104352,DDColor,M4,Right,M4,DDColor
T001384,E06,Faculty,Style Authenticity,IMG20260430104348,Reinhard,M0,Right,M0,Reinhard
T001385,E06,Faculty,Visual Harmony,IMG20260430104113,Reinhard,M1,Left,Reinhard,M1
T001386,E06,Faculty,Visual Harmony,IMG20260430104113,M0,M4,Right,M4,M0
T001387,E06,Faculty,Visual Harmony,IMG20260430104410,M1,DDColor,Left,M1,DDColor
T001388,E06,Faculty,Style Authenticity,IMG20260430103656,DDColor,M0,Right,M0,DDColor
T001389,E06,Faculty,Visual Harmony,IMG20260430102902,DDColor,Reinhard,Left,DDColor,Reinhard
T001390,E06,Faculty,Style Authenticity,IMG20260430103113,DDColor,M4,Right,M4,DDColor
T001391,E06,Faculty,Visual Harmony,IMG20260430102902,DDColor,M4,Left,DDColor,M4
T001392,E06,Faculty,Visual Harmony,IMG20260430104348,Reinhard,M4,Right,M4,Reinhard
T001393,E06,Faculty,Visual Harmony,IMG20260430104348,M1,DDColor,Left,M1,DDColor
T001394,E06,Faculty,Visual Harmony,IMG20260430104348,Reinhard,DDColor,Right,DDColor,Reinhard
T001395,E06,Faculty,Visual Harmony,IMG20260430103656,M4,Reinhard,Right,Reinhard,M4
T001396,E06,Faculty,Style Authenticity,IMG20260430102902,M0,M1,Left,M0,M1
T001397,E06,Faculty,Style Authenticity,IMG20260430103435,M0,DDColor,Right,DDColor,M0
T001398,E06,Faculty,Visual Harmony,IMG20260430104410,M4,M1,Left,M4,M1
T001399,E06,Faculty,Visual Harmony,IMG20260430103043,M0,Reinhard,Right,Reinhard,M0
T001400,E06,Faculty,Visual Harmony,IMG20260430110350,M1,M4,Right,M4,M1
T001401,E06,Faculty,Style Authenticity,IMG20260430103656,Reinhard,DDColor,Left,Reinhard,DDColor
T001402,E06,Faculty,Style Authenticity,IMG20260430103043,M4,M1,Left,M4,M1
T001403,E06,Faculty,Visual Harmony,IMG20260430104352,M0,M4,Left,M0,M4
T001404,E06,Faculty,Visual Harmony,IMG20260430104113,DDColor,M4,Right,M4,DDColor
T001405,E06,Faculty,Visual Harmony,IMG20260430103113,Reinhard,M0,Right,M0,Reinhard
T001406,E06,Faculty,Style Authenticity,IMG20260430104348,Reinhard,M4,Right,M4,Reinhard
T001407,E06,Faculty,Visual Harmony,IMG20260430102920,Reinhard,DDColor,Right,DDColor,Reinhard
T001408,E06,Faculty,Style Authenticity,IMG20260430102920,M1,M4,Right,M4,M1
T001409,E06,Faculty,Visual Harmony,IMG20260430104352,DDColor,M0,Right,M0,DDColor
T001410,E06,Faculty,Style Authenticity,IMG20260430104352,DDColor,M0,Left,DDColor,M0
T001411,E06,Faculty,Visual Harmony,IMG20260430102902,DDColor,M0,Right,M0,DDColor
T001412,E06,Faculty,Visual Harmony,IMG20260430103043,Reinhard,M4,Right,M4,Reinhard
T001413,E06,Faculty,Visual Harmony,IMG20260430104352,Reinhard,M0,Right,M0,Reinhard
T001414,E06,Faculty,Visual Harmony,IMG20260430104410,M4,M0,Left,M4,M0
T001415,E06,Faculty,Style Authenticity,IMG20260430104352,M4,M0,Left,M4,M0
T001416,E06,Faculty,Style Authenticity,IMG20260430102902,M4,DDColor,Right,DDColor,M4
T001417,E06,Faculty,Visual Harmony,IMG20260430103043,M0,M4,Right,M4,M0
T001418,E06,Faculty,Style Authenticity,IMG20260430104113,M4,M0,Left,M4,M0
T001419,E06,Faculty,Visual Harmony,IMG20260430103656,DDColor,M1,Left,DDColor,M1
T001420,E06,Faculty,Style Authenticity,IMG20260430103043,M4,Reinhard,Left,M4,Reinhard
T001421,E06,Faculty,Style Authenticity,IMG20260430104113,M4,Reinhard,Left,M4,Reinhard
T001422,E06,Faculty,Visual Harmony,IMG20260430103755,Reinhard,M0,Left,Reinhard,M0
T001423,E06,Faculty,Style Authenticity,IMG20260430103043,M0,M1,Left,M0,M1
T001424,E06,Faculty,Style Authenticity,IMG20260430110350,M1,DDColor,Right,DDColor,M1
T001425,E06,Faculty,Visual Harmony,IMG20260430103435,M0,M4,Right,M4,M0
T001426,E06,Faculty,Visual Harmony,IMG20260430104113,M1,DDColor,Right,DDColor,M1
T001427,E06,Faculty,Visual Harmony,IMG20260430103755,M0,M4,Left,M0,M4
T001428,E06,Faculty,Visual Harmony,IMG20260430103656,M1,M4,Left,M1,M4
T001429,E06,Faculty,Visual Harmony,IMG20260430102902,M1,DDColor,Right,DDColor,M1
T001430,E06,Faculty,Visual Harmony,IMG20260430104410,M0,DDColor,Left,M0,DDColor
T001431,E06,Faculty,Style Authenticity,IMG20260430103435,M4,Reinhard,Left,M4,Reinhard
T001432,E06,Faculty,Style Authenticity,IMG20260430110350,Reinhard,M4,Left,Reinhard,M4
T001433,E06,Faculty,Style Authenticity,IMG20260430102920,Reinhard,DDColor,Left,Reinhard,DDColor
T001434,E06,Faculty,Visual Harmony,IMG20260430102902,M4,Reinhard,Left,M4,Reinhard
T001435,E06,Faculty,Style Authenticity,IMG20260430104348,M4,M1,Left,M4,M1
T001436,E06,Faculty,Style Authenticity,IMG20260430110350,M1,M0,Right,M0,M1
T001437,E06,Faculty,Visual Harmony,IMG20260430110350,M0,DDColor,Left,M0,DDColor
T001438,E06,Faculty,Visual Harmony,IMG20260430103656,Reinhard,DDColor,Right,DDColor,Reinhard
T001439,E06,Faculty,Visual Harmony,IMG20260430103435,Reinhard,M0,Right,M0,Reinhard
T001440,E06,Faculty,Visual Harmony,IMG20260430102920,M0,DDColor,Left,M0,DDColor
T001441,E07,Faculty,Visual Harmony,IMG20260430102920,DDColor,Reinhard,Right,Reinhard,DDColor
T001442,E07,Faculty,Visual Harmony,IMG20260430103043,DDColor,M1,Left,DDColor,M1
T001443,E07,Faculty,Visual Harmony,IMG20260430110350,M1,M4,Right,M4,M1
T001444,E07,Faculty,Visual Harmony,IMG20260430104352,M0,DDColor,Left,M0,DDColor
T001445,E07,Faculty,Style Authenticity,IMG20260430104410,Reinhard,M0,Right,M0,Reinhard
T001446,E07,Faculty,Visual Harmony,IMG20260430104348,M1,Reinhard,Left,M1,Reinhard
T001447,E07,Faculty,Style Authenticity,IMG20260430104352,M1,M4,Left,M1,M4
T001448,E07,Faculty,Style Authenticity,IMG20260430103113,M1,M4,Right,M4,M1
T001449,E07,Faculty,Visual Harmony,IMG20260430110350,M0,DDColor,Right,DDColor,M0
T001450,E07,Faculty,Visual Harmony,IMG20260430104113,M4,M0,Right,M0,M4
T001451,E07,Faculty,Visual Harmony,IMG20260430104352,M4,Reinhard,Left,M4,Reinhard
T001452,E07,Faculty,Style Authenticity,IMG20260430103043,M0,DDColor,Left,M0,DDColor
T001453,E07,Faculty,Style Authenticity,IMG20260430104113,DDColor,M1,Right,M1,DDColor
T001454,E07,Faculty,Visual Harmony,IMG20260430102920,DDColor,M1,Right,M1,DDColor
T001455,E07,Faculty,Style Authenticity,IMG20260430104352,Reinhard,M1,Right,M1,Reinhard
T001456,E07,Faculty,Style Authenticity,IMG20260430103043,Reinhard,M4,Right,M4,Reinhard
T001457,E07,Faculty,Style Authenticity,IMG20260430110350,M0,M1,Left,M0,M1
T001458,E07,Faculty,Visual Harmony,IMG20260430103435,DDColor,M4,Right,M4,DDColor
T001459,E07,Faculty,Style Authenticity,IMG20260430103435,M1,DDColor,Right,DDColor,M1
T001460,E07,Faculty,Style Authenticity,IMG20260430103113,M0,DDColor,Left,M0,DDColor
T001461,E07,Faculty,Style Authenticity,IMG20260430104113,M4,Reinhard,Left,M4,Reinhard
T001462,E07,Faculty,Visual Harmony,IMG20260430104410,M0,M1,Right,M1,M0
T001463,E07,Faculty,Style Authenticity,IMG20260430102902,M1,M0,Right,M0,M1
T001464,E07,Faculty,Visual Harmony,IMG20260430104352,Reinhard,DDColor,Right,DDColor,Reinhard
T001465,E07,Faculty,Visual Harmony,IMG20260430104113,M0,Reinhard,Left,M0,Reinhard
T001466,E07,Faculty,Visual Harmony,IMG20260430110350,Reinhard,M1,Right,M1,Reinhard
T001467,E07,Faculty,Style Authenticity,IMG20260430103755,DDColor,M1,Left,DDColor,M1
T001468,E07,Faculty,Visual Harmony,IMG20260430104348,Reinhard,M0,Right,M0,Reinhard
T001469,E07,Faculty,Style Authenticity,IMG20260430103755,Reinhard,DDColor,Right,DDColor,Reinhard
T001470,E07,Faculty,Visual Harmony,IMG20260430103435,M1,Reinhard,Right,Reinhard,M1
T001471,E07,Faculty,Style Authenticity,IMG20260430104352,Reinhard,M0,Left,Reinhard,M0
T001472,E07,Faculty,Visual Harmony,IMG20260430104410,DDColor,M4,Right,M4,DDColor
T001473,E07,Faculty,Style Authenticity,IMG20260430103043,DDColor,Reinhard,Right,Reinhard,DDColor
T001474,E07,Faculty,Style Authenticity,IMG20260430104352,DDColor,M0,Left,DDColor,M0
T001475,E07,Faculty,Visual Harmony,IMG20260430104348,DDColor,Reinhard,Left,DDColor,Reinhard
T001476,E07,Faculty,Visual Harmony,IMG20260430102902,Reinhard,M1,Right,M1,Reinhard
T001477,E07,Faculty,Style Authenticity,IMG20260430104410,DDColor,M0,Right,M0,DDColor
T001478,E07,Faculty,Visual Harmony,IMG20260430103435,M4,M1,Right,M1,M4
T001479,E07,Faculty,Visual Harmony,IMG20260430102902,M0,M4,Right,M4,M0
T001480,E07,Faculty,Style Authenticity,IMG20260430103043,M0,Reinhard,Left,M0,Reinhard
T001481,E07,Faculty,Style Authenticity,IMG20260430103043,M1,Reinhard,Left,M1,Reinhard
T001482,E07,Faculty,Style Authenticity,IMG20260430102902,M4,DDColor,Left,M4,DDColor
T001483,E07,Faculty,Visual Harmony,IMG20260430104348,M1,M4,Right,M4,M1
T001484,E07,Faculty,Style Authenticity,IMG20260430102920,M4,DDColor,Left,M4,DDColor
T001485,E07,Faculty,Style Authenticity,IMG20260430102920,M0,M4,Left,M0,M4
T001486,E07,Faculty,Visual Harmony,IMG20260430103043,DDColor,Reinhard,Left,DDColor,Reinhard
T001487,E07,Faculty,Visual Harmony,IMG20260430102920,M4,DDColor,Left,M4,DDColor
T001488,E07,Faculty,Visual Harmony,IMG20260430103043,Reinhard,M4,Left,Reinhard,M4
T001489,E07,Faculty,Visual Harmony,IMG20260430110350,DDColor,Reinhard,Left,DDColor,Reinhard
T001490,E07,Faculty,Visual Harmony,IMG20260430104410,Reinhard,M1,Right,M1,Reinhard
T001491,E07,Faculty,Style Authenticity,IMG20260430104410,M1,M4,Right,M4,M1
T001492,E07,Faculty,Visual Harmony,IMG20260430104113,M4,Reinhard,Right,Reinhard,M4
T001493,E07,Faculty,Style Authenticity,IMG20260430103113,M0,M4,Right,M4,M0
T001494,E07,Faculty,Visual Harmony,IMG20260430110350,M1,M0,Left,M1,M0
T001495,E07,Faculty,Style Authenticity,IMG20260430103043,M1,M4,Right,M4,M1
T001496,E07,Faculty,Style Authenticity,IMG20260430104113,M1,Reinhard,Left,M1,Reinhard
T001497,E07,Faculty,Visual Harmony,IMG20260430103113,M1,M0,Left,M1,M0
T001498,E07,Faculty,Style Authenticity,IMG20260430103113,Reinhard,M0,Right,M0,Reinhard
T001499,E07,Faculty,Style Authenticity,IMG20260430103435,M1,M0,Right,M0,M1
T001500,E07,Faculty,Visual Harmony,IMG20260430103755,M4,M1,Left,M4,M1
T001501,E07,Faculty,Style Authenticity,IMG20260430102902,DDColor,M1,Right,M1,DDColor
T001502,E07,Faculty,Visual Harmony,IMG20260430103113,M4,DDColor,Right,DDColor,M4
T001503,E07,Faculty,Visual Harmony,IMG20260430103656,M1,DDColor,Left,M1,DDColor
T001504,E07,Faculty,Style Authenticity,IMG20260430110350,M1,M4,Right,M4,M1
T001505,E07,Faculty,Visual Harmony,IMG20260430103113,Reinhard,M4,Left,Reinhard,M4
T001506,E07,Faculty,Style Authenticity,IMG20260430110350,Reinhard,M0,Right,M0,Reinhard
T001507,E07,Faculty,Style Authenticity,IMG20260430104113,DDColor,M0,Right,M0,DDColor
T001508,E07,Faculty,Visual Harmony,IMG20260430104113,DDColor,M0,Right,M0,DDColor
T001509,E07,Faculty,Style Authenticity,IMG20260430110350,DDColor,M1,Right,M1,DDColor
T001510,E07,Faculty,Visual Harmony,IMG20260430103435,M4,Reinhard,Left,M4,Reinhard
T001511,E07,Faculty,Style Authenticity,IMG20260430104113,M0,M1,Right,M1,M0
T001512,E07,Faculty,Visual Harmony,IMG20260430104352,M0,M1,Right,M1,M0
T001513,E07,Faculty,Style Authenticity,IMG20260430104410,M4,M0,Left,M4,M0
T001514,E07,Faculty,Visual Harmony,IMG20260430103656,DDColor,M4,Right,M4,DDColor
T001515,E07,Faculty,Visual Harmony,IMG20260430103043,M0,M1,Left,M0,M1
T001516,E07,Faculty,Style Authenticity,IMG20260430103435,M4,M1,Left,M4,M1
T001517,E07,Faculty,Style Authenticity,IMG20260430103043,M1,DDColor,Left,M1,DDColor
T001518,E07,Faculty,Visual Harmony,IMG20260430102902,M0,M1,Left,M0,M1
T001519,E07,Faculty,Style Authenticity,IMG20260430104410,DDColor,M1,Right,M1,DDColor
T001520,E07,Faculty,Visual Harmony,IMG20260430103043,M4,M0,Right,M0,M4
T001521,E07,Faculty,Visual Harmony,IMG20260430103656,M1,M4,Left,M1,M4
T001522,E07,Faculty,Visual Harmony,IMG20260430103435,DDColor,M1,Right,M1,DDColor
T001523,E07,Faculty,Visual Harmony,IMG20260430104352,M0,M4,Right,M4,M0
T001524,E07,Faculty,Style Authenticity,IMG20260430104348,M1,DDColor,Left,M1,DDColor
T001525,E07,Faculty,Style Authenticity,IMG20260430103656,M4,DDColor,Left,M4,DDColor
T001526,E07,Faculty,Style Authenticity,IMG20260430103755,M4,M1,Left,M4,M1
T001527,E07,Faculty,Style Authenticity,IMG20260430104348,M4,M1,Left,M4,M1
T001528,E07,Faculty,Style Authenticity,IMG20260430102902,Reinhard,M0,Left,Reinhard,M0
T001529,E07,Faculty,Style Authenticity,IMG20260430103755,DDColor,M0,Right,M0,DDColor
T001530,E07,Faculty,Style Authenticity,IMG20260430103755,M4,M0,Left,M4,M0
T001531,E07,Faculty,Style Authenticity,IMG20260430104348,Reinhard,DDColor,Right,DDColor,Reinhard
T001532,E07,Faculty,Visual Harmony,IMG20260430103755,M1,M0,Left,M1,M0
T001533,E07,Faculty,Style Authenticity,IMG20260430103755,M0,M1,Left,M0,M1
T001534,E07,Faculty,Style Authenticity,IMG20260430103656,M0,M4,Right,M4,M0
T001535,E07,Faculty,Visual Harmony,IMG20260430103435,Reinhard,DDColor,Left,Reinhard,DDColor
T001536,E07,Faculty,Visual Harmony,IMG20260430103656,DDColor,Reinhard,Right,Reinhard,DDColor
T001537,E07,Faculty,Style Authenticity,IMG20260430103113,Reinhard,DDColor,Left,Reinhard,DDColor
T001538,E07,Faculty,Visual Harmony,IMG20260430104113,M1,DDColor,Left,M1,DDColor
T001539,E07,Faculty,Visual Harmony,IMG20260430103043,DDColor,M4,Right,M4,DDColor
T001540,E07,Faculty,Visual Harmony,IMG20260430104352,M1,Reinhard,Left,M1,Reinhard
T001541,E07,Faculty,Visual Harmony,IMG20260430104348,M1,M0,Right,M0,M1
T001542,E07,Faculty,Style Authenticity,IMG20260430104352,DDColor,M1,Right,M1,DDColor
T001543,E07,Faculty,Style Authenticity,IMG20260430110350,DDColor,M4,Right,M4,DDColor
T001544,E07,Faculty,Visual Harmony,IMG20260430103755,M4,DDColor,Left,M4,DDColor
T001545,E07,Faculty,Visual Harmony,IMG20260430103755,M1,DDColor,Right,DDColor,M1
T001546,E07,Faculty,Visual Harmony,IMG20260430104410,Reinhard,M0,Right,M0,Reinhard
T001547,E07,Faculty,Style Authenticity,IMG20260430104352,Reinhard,DDColor,Left,Reinhard,DDColor
T001548,E07,Faculty,Style Authenticity,IMG20260430102920,DDColor,Reinhard,Right,Reinhard,DDColor
T001549,E07,Faculty,Visual Harmony,IMG20260430102902,Reinhard,DDColor,Right,DDColor,Reinhard
T001550,E07,Faculty,Visual Harmony,IMG20260430102902,Reinhard,M0,Right,M0,Reinhard
T001551,E07,Faculty,Style Authenticity,IMG20260430103656,M4,M1,Left,M4,M1
T001552,E07,Faculty,Style Authenticity,IMG20260430110350,M4,M0,Right,M0,M4
T001553,E07,Faculty,Style Authenticity,IMG20260430103113,M1,DDColor,Left,M1,DDColor
T001554,E07,Faculty,Style Authenticity,IMG20260430103656,M1,M0,Left,M1,M0
T001555,E07,Faculty,Style Authenticity,IMG20260430103113,M4,DDColor,Left,M4,DDColor
T001556,E07,Faculty,Visual Harmony,IMG20260430103656,Reinhard,M1,Left,Reinhard,M1
T001557,E07,Faculty,Visual Harmony,IMG20260430102902,DDColor,M0,Left,DDColor,M0
T001558,E07,Faculty,Visual Harmony,IMG20260430110350,M4,DDColor,Left,M4,DDColor
T001559,E07,Faculty,Visual Harmony,IMG20260430104113,DDColor,M4,Right,M4,DDColor
T001560,E07,Faculty,Visual Harmony,IMG20260430103755,M0,DDColor,Left,M0,DDColor
T001561,E07,Faculty,Visual Harmony,IMG20260430104352,M1,DDColor,Right,DDColor,M1
T001562,E07,Faculty,Style Authenticity,IMG20260430102902,M1,Reinhard,Right,Reinhard,M1
T001563,E07,Faculty,Style Authenticity,IMG20260430110350,DDColor,Reinhard,Left,DDColor,Reinhard
T001564,E07,Faculty,Visual Harmony,IMG20260430102920,M1,Reinhard,Left,M1,Reinhard
T001565,E07,Faculty,Style Authenticity,IMG20260430110350,DDColor,M0,Right,M0,DDColor
T001566,E07,Faculty,Visual Harmony,IMG20260430104352,M0,Reinhard,Left,M0,Reinhard
T001567,E07,Faculty,Visual Harmony,IMG20260430102920,M1,M4,Left,M1,M4
T001568,E07,Faculty,Visual Harmony,IMG20260430103656,Reinhard,M0,Right,M0,Reinhard
T001569,E07,Faculty,Visual Harmony,IMG20260430103656,M0,M4,Right,M4,M0
T001570,E07,Faculty,Style Authenticity,IMG20260430103656,DDColor,M1,Left,DDColor,M1
T001571,E07,Faculty,Style Authenticity,IMG20260430103656,M0,DDColor,Right,DDColor,M0
T001572,E07,Faculty,Visual Harmony,IMG20260430102920,M4,M0,Left,M4,M0
T001573,E07,Faculty,Visual Harmony,IMG20260430103113,M1,M4,Left,M1,M4
T001574,E07,Faculty,Visual Harmony,IMG20260430102902,M4,Reinhard,Left,M4,Reinhard
T001575,E07,Faculty,Style Authenticity,IMG20260430104352,M4,M0,Left,M4,M0
T001576,E07,Faculty,Style Authenticity,IMG20260430104348,M0,Reinhard,Left,M0,Reinhard
T001577,E07,Faculty,Style Authenticity,IMG20260430102902,M0,DDColor,Left,M0,DDColor
T001578,E07,Faculty,Visual Harmony,IMG20260430104113,M0,M1,Right,M1,M0
T001579,E07,Faculty,Style Authenticity,IMG20260430103435,DDColor,Reinhard,Left,DDColor,Reinhard
T001580,E07,Faculty,Visual Harmony,IMG20260430104410,M0,DDColor,Left,M0,DDColor
T001581,E07,Faculty,Style Authenticity,IMG20260430103755,Reinhard,M4,Left,Reinhard,M4
T001582,E07,Faculty,Visual Harmony,IMG20260430104348,Reinhard,M4,Right,M4,Reinhard
T001583,E07,Faculty,Style Authenticity,IMG20260430103043,M4,M0,Right,M0,M4
T001584,E07,Faculty,Style Authenticity,IMG20260430104113,Reinhard,M0,Right,M0,Reinhard
T001585,E07,Faculty,Visual Harmony,IMG20260430103043,Reinhard,M1,Left,Reinhard,M1
T001586,E07,Faculty,Style Authenticity,IMG20260430104352,DDColor,M4,Right,M4,DDColor
T001587,E07,Faculty,Style Authenticity,IMG20260430103435,M4,M0,Left,M4,M0
T001588,E07,Faculty,Style Authenticity,IMG20260430104410,M0,M1,Left,M0,M1
T001589,E07,Faculty,Style Authenticity,IMG20260430104348,M4,Reinhard,Left,M4,Reinhard
T001590,E07,Faculty,Visual Harmony,IMG20260430102920,Reinhard,M0,Right,M0,Reinhard
T001591,E07,Faculty,Style Authenticity,IMG20260430102902,DDColor,Reinhard,Right,Reinhard,DDColor
T001592,E07,Faculty,Visual Harmony,IMG20260430103113,Reinhard,DDColor,Left,Reinhard,DDColor
T001593,E07,Faculty,Style Authenticity,IMG20260430103435,Reinhard,M1,Right,M1,Reinhard
T001594,E07,Faculty,Visual Harmony,IMG20260430103113,M0,Reinhard,Left,M0,Reinhard
T001595,E07,Faculty,Style Authenticity,IMG20260430104113,DDColor,Reinhard,Right,Reinhard,DDColor
T001596,E07,Faculty,Style Authenticity,IMG20260430103656,Reinhard,M4,Right,M4,Reinhard
T001597,E07,Faculty,Style Authenticity,IMG20260430103656,DDColor,Reinhard,Right,Reinhard,DDColor
T001598,E07,Faculty,Visual Harmony,IMG20260430104113,Reinhard,DDColor,Right,DDColor,Reinhard
T001599,E07,Faculty,Visual Harmony,IMG20260430103043,M1,M4,Right,M4,M1
T001600,E07,Faculty,Visual Harmony,IMG20260430110350,DDColor,M1,Left,DDColor,M1
T001601,E07,Faculty,Visual Harmony,IMG20260430103755,M0,M4,Left,M0,M4
T001602,E07,Faculty,Visual Harmony,IMG20260430103656,M0,M1,Right,M1,M0
T001603,E07,Faculty,Style Authenticity,IMG20260430102902,M4,M1,Left,M4,M1
T001604,E07,Faculty,Visual Harmony,IMG20260430103043,Reinhard,M0,Right,M0,Reinhard
T001605,E07,Faculty,Visual Harmony,IMG20260430104410,Reinhard,M4,Right,M4,Reinhard
T001606,E07,Faculty,Visual Harmony,IMG20260430103755,Reinhard,DDColor,Right,DDColor,Reinhard
T001607,E07,Faculty,Style Authenticity,IMG20260430103755,M0,Reinhard,Left,M0,Reinhard
T001608,E07,Faculty,Visual Harmony,IMG20260430102920,Reinhard,M4,Right,M4,Reinhard
T001609,E07,Faculty,Visual Harmony,IMG20260430110350,M4,M0,Left,M4,M0
T001610,E07,Faculty,Visual Harmony,IMG20260430103113,DDColor,M0,Left,DDColor,M0
T001611,E07,Faculty,Visual Harmony,IMG20260430104352,DDColor,M4,Right,M4,DDColor
T001612,E07,Faculty,Style Authenticity,IMG20260430104348,M0,M4,Right,M4,M0
T001613,E07,Faculty,Visual Harmony,IMG20260430103113,Reinhard,M1,Right,M1,Reinhard
T001614,E07,Faculty,Visual Harmony,IMG20260430110350,M0,Reinhard,Left,M0,Reinhard
T001615,E07,Faculty,Style Authenticity,IMG20260430103113,Reinhard,M4,Right,M4,Reinhard
T001616,E07,Faculty,Visual Harmony,IMG20260430104348,DDColor,M1,Right,M1,DDColor
T001617,E07,Faculty,Style Authenticity,IMG20260430110350,Reinhard,M4,Right,M4,Reinhard
T001618,E07,Faculty,Visual Harmony,IMG20260430103656,M4,Reinhard,Left,M4,Reinhard
T001619,E07,Faculty,Visual Harmony,IMG20260430104410,DDColor,Reinhard,Right,Reinhard,DDColor
T001620,E07,Faculty,Style Authenticity,IMG20260430103755,M1,Reinhard,Left,M1,Reinhard
T001621,E07,Faculty,Visual Harmony,IMG20260430104348,M4,DDColor,Left,M4,DDColor
T001622,E07,Faculty,Style Authenticity,IMG20260430104348,M4,DDColor,Left,M4,DDColor
T001623,E07,Faculty,Visual Harmony,IMG20260430104348,M0,DDColor,Left,M0,DDColor
T001624,E07,Faculty,Visual Harmony,IMG20260430103755,M4,Reinhard,Left,M4,Reinhard
T001625,E07,Faculty,Visual Harmony,IMG20260430104410,M4,M0,Right,M0,M4
T001626,E07,Faculty,Visual Harmony,IMG20260430103113,M1,DDColor,Left,M1,DDColor
T001627,E07,Faculty,Style Authenticity,IMG20260430103113,M1,M0,Left,M1,M0
T001628,E07,Faculty,Style Authenticity,IMG20260430104352,M0,M1,Left,M0,M1
T001629,E07,Faculty,Style Authenticity,IMG20260430102902,Reinhard,M4,Right,M4,Reinhard
T001630,E07,Faculty,Style Authenticity,IMG20260430103043,DDColor,M4,Right,M4,DDColor
T001631,E07,Faculty,Style Authenticity,IMG20260430104410,M4,Reinhard,Left,M4,Reinhard
T001632,E07,Faculty,Visual Harmony,IMG20260430103435,M0,M4,Right,M4,M0
T001633,E07,Faculty,Style Authenticity,IMG20260430103435,M0,Reinhard,Right,Reinhard,M0
T001634,E07,Faculty,Visual Harmony,IMG20260430103435,M1,M0,Left,M1,M0
T001635,E07,Faculty,Visual Harmony,IMG20260430102920,DDColor,M0,Right,M0,DDColor
T001636,E07,Faculty,Visual Harmony,IMG20260430104348,M0,M4,Right,M4,M0
T001637,E07,Faculty,Visual Harmony,IMG20260430104113,Reinhard,M1,Right,M1,Reinhard
T001638,E07,Faculty,Visual Harmony,IMG20260430103043,M0,DDColor,Left,M0,DDColor
T001639,E07,Faculty,Visual Harmony,IMG20260430104410,M1,DDColor,Left,M1,DDColor
T001640,E07,Faculty,Style Authenticity,IMG20260430102920,DDColor,M1,Right,M1,DDColor
T001641,E07,Faculty,Style Authenticity,IMG20260430104113,M4,M0,Right,M0,M4
T001642,E07,Faculty,Style Authenticity,IMG20260430104348,M0,DDColor,Left,M0,DDColor
T001643,E07,Faculty,Style Authenticity,IMG20260430103435,M4,Reinhard,Left,M4,Reinhard
T001644,E07,Faculty,Style Authenticity,IMG20260430103755,M4,DDColor,Right,DDColor,M4
T001645,E07,Faculty,Style Authenticity,IMG20260430104352,Reinhard,M4,Right,M4,Reinhard
T001646,E07,Faculty,Visual Harmony,IMG20260430102902,M4,DDColor,Right,DDColor,M4
T001647,E07,Faculty,Style Authenticity,IMG20260430103656,M1,Reinhard,Left,M1,Reinhard
T001648,E07,Faculty,Style Authenticity,IMG20260430104410,M1,Reinhard,Left,M1,Reinhard
T001649,E07,Faculty,Visual Harmony,IMG20260430104410,M4,M1,Right,M1,M4
T001650,E07,Faculty,Style Authenticity,IMG20260430102920,M0,DDColor,Left,M0,DDColor
T001651,E07,Faculty,Visual Harmony,IMG20260430103755,M0,Reinhard,Left,M0,Reinhard
T001652,E07,Faculty,Visual Harmony,IMG20260430104352,M4,M1,Right,M1,M4
T001653,E07,Faculty,Style Authenticity,IMG20260430104113,M1,M4,Right,M4,M1
T001654,E07,Faculty,Visual Harmony,IMG20260430103656,DDColor,M0,Right,M0,DDColor
T001655,E07,Faculty,Visual Harmony,IMG20260430102902,M4,M1,Left,M4,M1
T001656,E07,Faculty,Style Authenticity,IMG20260430103043,M0,M1,Left,M0,M1
T001657,E07,Faculty,Visual Harmony,IMG20260430103113,M0,M4,Right,M4,M0
T001658,E07,Faculty,Style Authenticity,IMG20260430102920,M0,Reinhard,Left,M0,Reinhard
T001659,E07,Faculty,Style Authenticity,IMG20260430104348,M0,M1,Left,M0,M1
T001660,E07,Faculty,Visual Harmony,IMG20260430110350,Reinhard,M4,Right,M4,Reinhard
T001661,E07,Faculty,Style Authenticity,IMG20260430104348,Reinhard,M1,Right,M1,Reinhard
T001662,E07,Faculty,Style Authenticity,IMG20260430102920,M1,M4,Right,M4,M1
T001663,E07,Faculty,Style Authenticity,IMG20260430104410,M4,DDColor,Left,M4,DDColor
T001664,E07,Faculty,Style Authenticity,IMG20260430102902,M0,M4,Right,M4,M0
T001665,E07,Faculty,Visual Harmony,IMG20260430102902,M1,DDColor,Left,M1,DDColor
T001666,E07,Faculty,Style Authenticity,IMG20260430103435,M0,DDColor,Right,DDColor,M0
T001667,E07,Faculty,Visual Harmony,IMG20260430104113,M4,M1,Left,M4,M1
T001668,E07,Faculty,Visual Harmony,IMG20260430103435,Reinhard,M0,Right,M0,Reinhard
T001669,E07,Faculty,Visual Harmony,IMG20260430103435,M0,DDColor,Left,M0,DDColor
T001670,E07,Faculty,Style Authenticity,IMG20260430110350,Reinhard,M1,Right,M1,Reinhard
T001671,E07,Faculty,Style Authenticity,IMG20260430102920,M0,M1,Left,M0,M1
T001672,E07,Faculty,Style Authenticity,IMG20260430102920,Reinhard,M1,Right,M1,Reinhard
T001673,E07,Faculty,Visual Harmony,IMG20260430102920,M1,M0,Right,M0,M1
T001674,E07,Faculty,Style Authenticity,IMG20260430104410,DDColor,Reinhard,Right,Reinhard,DDColor
T001675,E07,Faculty,Style Authenticity,IMG20260430103656,Reinhard,M0,Right,M0,Reinhard
T001676,E07,Faculty,Visual Harmony,IMG20260430103755,M1,Reinhard,Left,M1,Reinhard
T001677,E07,Faculty,Style Authenticity,IMG20260430103435,M4,DDColor,Left,M4,DDColor
T001678,E07,Faculty,Style Authenticity,IMG20260430103113,Reinhard,M1,Left,Reinhard,M1
T001679,E07,Faculty,Style Authenticity,IMG20260430104113,M4,DDColor,Left,M4,DDColor
T001680,E07,Faculty,Style Authenticity,IMG20260430102920,M4,Reinhard,Left,M4,Reinhard
T001681,E08,Faculty,Style Authenticity,IMG20260430103755,M4,Reinhard,Left,M4,Reinhard
T001682,E08,Faculty,Style Authenticity,IMG20260430102902,DDColor,M0,Right,M0,DDColor
T001683,E08,Faculty,Style Authenticity,IMG20260430102920,Reinhard,M4,Right,M4,Reinhard
T001684,E08,Faculty,Visual Harmony,IMG20260430102920,DDColor,M4,Right,M4,DDColor
T001685,E08,Faculty,Style Authenticity,IMG20260430103435,M1,M4,Right,M4,M1
T001686,E08,Faculty,Visual Harmony,IMG20260430103656,DDColor,Reinhard,Left,DDColor,Reinhard
T001687,E08,Faculty,Style Authenticity,IMG20260430103435,M1,DDColor,Left,M1,DDColor
T001688,E08,Faculty,Visual Harmony,IMG20260430102920,M1,DDColor,Right,DDColor,M1
T001689,E08,Faculty,Visual Harmony,IMG20260430104113,DDColor,Reinhard,Left,DDColor,Reinhard
T001690,E08,Faculty,Visual Harmony,IMG20260430104352,Reinhard,DDColor,Right,DDColor,Reinhard
T001691,E08,Faculty,Visual Harmony,IMG20260430103113,Reinhard,M4,Right,M4,Reinhard
T001692,E08,Faculty,Visual Harmony,IMG20260430103043,DDColor,Reinhard,Left,DDColor,Reinhard
T001693,E08,Faculty,Style Authenticity,IMG20260430103755,M0,Reinhard,Left,M0,Reinhard
T001694,E08,Faculty,Visual Harmony,IMG20260430102902,M4,M1,Right,M1,M4
T001695,E08,Faculty,Visual Harmony,IMG20260430103656,M4,M1,Left,M4,M1
T001696,E08,Faculty,Visual Harmony,IMG20260430102902,Reinhard,M0,Right,M0,Reinhard
T001697,E08,Faculty,Visual Harmony,IMG20260430103113,DDColor,M1,Right,M1,DDColor
T001698,E08,Faculty,Visual Harmony,IMG20260430104410,Reinhard,M4,Right,M4,Reinhard
T001699,E08,Faculty,Style Authenticity,IMG20260430110350,DDColor,Reinhard,Left,DDColor,Reinhard
T001700,E08,Faculty,Style Authenticity,IMG20260430103435,Reinhard,DDColor,Left,Reinhard,DDColor
T001701,E08,Faculty,Style Authenticity,IMG20260430104348,M0,Reinhard,Right,Reinhard,M0
T001702,E08,Faculty,Visual Harmony,IMG20260430102902,M1,DDColor,Right,DDColor,M1
T001703,E08,Faculty,Style Authenticity,IMG20260430102920,DDColor,M4,Right,M4,DDColor
T001704,E08,Faculty,Style Authenticity,IMG20260430103043,M0,M4,Right,M4,M0
T001705,E08,Faculty,Visual Harmony,IMG20260430103043,M4,DDColor,Right,DDColor,M4
T001706,E08,Faculty,Style Authenticity,IMG20260430102920,DDColor,Reinhard,Left,DDColor,Reinhard
T001707,E08,Faculty,Visual Harmony,IMG20260430103656,M4,M0,Right,M0,M4
T001708,E08,Faculty,Visual Harmony,IMG20260430102902,M0,DDColor,Left,M0,DDColor
T001709,E08,Faculty,Visual Harmony,IMG20260430104410,DDColor,Reinhard,Left,DDColor,Reinhard
T001710,E08,Faculty,Visual Harmony,IMG20260430103113,DDColor,M4,Left,DDColor,M4
T001711,E08,Faculty,Visual Harmony,IMG20260430104410,M0,M4,Right,M4,M0
T001712,E08,Faculty,Style Authenticity,IMG20260430103435,M0,M1,Left,M0,M1
T001713,E08,Faculty,Style Authenticity,IMG20260430103113,Reinhard,M4,Left,Reinhard,M4
T001714,E08,Faculty,Visual Harmony,IMG20260430103043,M0,M1,Left,M0,M1
T001715,E08,Faculty,Style Authenticity,IMG20260430104410,M4,Reinhard,Left,M4,Reinhard
T001716,E08,Faculty,Style Authenticity,IMG20260430104410,M1,DDColor,Right,DDColor,M1
T001717,E08,Faculty,Visual Harmony,IMG20260430102920,DDColor,Reinhard,Left,DDColor,Reinhard
T001718,E08,Faculty,Style Authenticity,IMG20260430104352,M0,DDColor,Left,M0,DDColor
T001719,E08,Faculty,Visual Harmony,IMG20260430104113,Reinhard,M4,Right,M4,Reinhard
T001720,E08,Faculty,Style Authenticity,IMG20260430104113,Reinhard,M4,Right,M4,Reinhard
T001721,E08,Faculty,Visual Harmony,IMG20260430103043,Reinhard,M4,Right,M4,Reinhard
T001722,E08,Faculty,Style Authenticity,IMG20260430104352,DDColor,M4,Right,M4,DDColor
T001723,E08,Faculty,Style Authenticity,IMG20260430103435,Reinhard,M1,Left,Reinhard,M1
T001724,E08,Faculty,Visual Harmony,IMG20260430104352,M4,DDColor,Right,DDColor,M4
T001725,E08,Faculty,Style Authenticity,IMG20260430102902,M0,Reinhard,Right,Reinhard,M0
T001726,E08,Faculty,Style Authenticity,IMG20260430104410,M0,M1,Right,M1,M0
T001727,E08,Faculty,Visual Harmony,IMG20260430102902,Reinhard,DDColor,Left,Reinhard,DDColor
T001728,E08,Faculty,Visual Harmony,IMG20260430110350,M4,DDColor,Left,M4,DDColor
T001729,E08,Faculty,Style Authenticity,IMG20260430104410,M1,Reinhard,Left,M1,Reinhard
T001730,E08,Faculty,Style Authenticity,IMG20260430104352,M4,Reinhard,Left,M4,Reinhard
T001731,E08,Faculty,Style Authenticity,IMG20260430103113,DDColor,M1,Left,DDColor,M1
T001732,E08,Faculty,Visual Harmony,IMG20260430102920,Reinhard,M1,Left,Reinhard,M1
T001733,E08,Faculty,Visual Harmony,IMG20260430102920,M0,Reinhard,Right,Reinhard,M0
T001734,E08,Faculty,Style Authenticity,IMG20260430104348,M0,M1,Left,M0,M1
T001735,E08,Faculty,Visual Harmony,IMG20260430103755,M0,M4,Right,M4,M0
T001736,E08,Faculty,Style Authenticity,IMG20260430103656,M1,M4,Right,M4,M1
T001737,E08,Faculty,Visual Harmony,IMG20260430103435,DDColor,Reinhard,Left,DDColor,Reinhard
T001738,E08,Faculty,Style Authenticity,IMG20260430110350,M0,M4,Right,M4,M0
T001739,E08,Faculty,Visual Harmony,IMG20260430110350,M0,DDColor,Left,M0,DDColor
T001740,E08,Faculty,Visual Harmony,IMG20260430110350,M0,M4,Left,M0,M4
T001741,E08,Faculty,Visual Harmony,IMG20260430103656,M1,Reinhard,Left,M1,Reinhard
T001742,E08,Faculty,Visual Harmony,IMG20260430104348,M4,M1,Right,M1,M4
T001743,E08,Faculty,Visual Harmony,IMG20260430103113,DDColor,M0,Right,M0,DDColor
T001744,E08,Faculty,Visual Harmony,IMG20260430104348,M0,DDColor,Right,DDColor,M0
T001745,E08,Faculty,Visual Harmony,IMG20260430103656,M1,DDColor,Right,DDColor,M1
T001746,E08,Faculty,Style Authenticity,IMG20260430104348,M1,Reinhard,Left,M1,Reinhard
T001747,E08,Faculty,Visual Harmony,IMG20260430103113,M1,M0,Right,M0,M1
T001748,E08,Faculty,Visual Harmony,IMG20260430103043,Reinhard,M0,Left,Reinhard,M0
T001749,E08,Faculty,Visual Harmony,IMG20260430104352,M4,M0,Right,M0,M4
T001750,E08,Faculty,Style Authenticity,IMG20260430103435,DDColor,M4,Right,M4,DDColor
T001751,E08,Faculty,Style Authenticity,IMG20260430104410,DDColor,M4,Left,DDColor,M4
T001752,E08,Faculty,Style Authenticity,IMG20260430102902,M4,M0,Left,M4,M0
T001753,E08,Faculty,Style Authenticity,IMG20260430104348,M4,M0,Left,M4,M0
T001754,E08,Faculty,Visual Harmony,IMG20260430104348,M1,M0,Left,M1,M0
T001755,E08,Faculty,Style Authenticity,IMG20260430103656,M4,DDColor,Left,M4,DDColor
T001756,E08,Faculty,Visual Harmony,IMG20260430103435,Reinhard,M0,Right,M0,Reinhard
T001757,E08,Faculty,Style Authenticity,IMG20260430102920,M0,Reinhard,Left,M0,Reinhard
T001758,E08,Faculty,Style Authenticity,IMG20260430103435,DDColor,M0,Right,M0,DDColor
T001759,E08,Faculty,Style Authenticity,IMG20260430110350,DDColor,M1,Left,DDColor,M1
T001760,E08,Faculty,Style Authenticity,IMG20260430103656,M4,Reinhard,Left,M4,Reinhard
T001761,E08,Faculty,Visual Harmony,IMG20260430110350,M1,M4,Right,M4,M1
T001762,E08,Faculty,Visual Harmony,IMG20260430110350,M4,Reinhard,Right,Reinhard,M4
T001763,E08,Faculty,Style Authenticity,IMG20260430103113,M0,M1,Left,M0,M1
T001764,E08,Faculty,Visual Harmony,IMG20260430103435,DDColor,M0,Right,M0,DDColor
T001765,E08,Faculty,Visual Harmony,IMG20260430103755,M0,DDColor,Left,M0,DDColor
T001766,E08,Faculty,Style Authenticity,IMG20260430102920,Reinhard,M1,Right,M1,Reinhard
T001767,E08,Faculty,Style Authenticity,IMG20260430110350,M4,M1,Right,M1,M4
T001768,E08,Faculty,Style Authenticity,IMG20260430102920,DDColor,M1,Right,M1,DDColor
T001769,E08,Faculty,Visual Harmony,IMG20260430103113,M0,Reinhard,Left,M0,Reinhard
T001770,E08,Faculty,Visual Harmony,IMG20260430103755,M1,M4,Right,M4,M1
T001771,E08,Faculty,Visual Harmony,IMG20260430103656,M4,Reinhard,Left,M4,Reinhard
T001772,E08,Faculty,Style Authenticity,IMG20260430104348,Reinhard,M4,Left,Reinhard,M4
T001773,E08,Faculty,Style Authenticity,IMG20260430103113,DDColor,M0,Right,M0,DDColor
T001774,E08,Faculty,Style Authenticity,IMG20260430103656,M4,M0,Left,M4,M0
T001775,E08,Faculty,Visual Harmony,IMG20260430103435,Reinhard,M1,Right,M1,Reinhard
T001776,E08,Faculty,Visual Harmony,IMG20260430102920,M0,M4,Right,M4,M0
T001777,E08,Faculty,Style Authenticity,IMG20260430103435,Reinhard,M0,Left,Reinhard,M0
T001778,E08,Faculty,Style Authenticity,IMG20260430110350,M4,DDColor,Left,M4,DDColor
T001779,E08,Faculty,Style Authenticity,IMG20260430104113,M4,DDColor,Left,M4,DDColor
T001780,E08,Faculty,Visual Harmony,IMG20260430102902,M0,M1,Left,M0,M1
T001781,E08,Faculty,Style Authenticity,IMG20260430104113,DDColor,Reinhard,Right,Reinhard,DDColor
T001782,E08,Faculty,Visual Harmony,IMG20260430102902,M4,DDColor,Left,M4,DDColor
T001783,E08,Faculty,Style Authenticity,IMG20260430104352,M4,M0,Right,M0,M4
T001784,E08,Faculty,Visual Harmony,IMG20260430103043,M1,DDColor,Right,DDColor,M1
T001785,E08,Faculty,Style Authenticity,IMG20260430103113,DDColor,Reinhard,Right,Reinhard,DDColor
T001786,E08,Faculty,Visual Harmony,IMG20260430103755,DDColor,M4,Right,M4,DDColor
T001787,E08,Faculty,Visual Harmony,IMG20260430104352,DDColor,M0,Right,M0,DDColor
T001788,E08,Faculty,Style Authenticity,IMG20260430103113,M4,M0,Left,M4,M0
T001789,E08,Faculty,Visual Harmony,IMG20260430104410,M1,M0,Left,M1,M0
T001790,E08,Faculty,Style Authenticity,IMG20260430103755,DDColor,M4,Right,M4,DDColor
T001791,E08,Faculty,Visual Harmony,IMG20260430103435,M1,DDColor,Left,M1,DDColor
T001792,E08,Faculty,Style Authenticity,IMG20260430104113,DDColor,M0,Left,DDColor,M0
T001793,E08,Faculty,Style Authenticity,IMG20260430104113,M4,M1,Left,M4,M1
T001794,E08,Faculty,Style Authenticity,IMG20260430102902,M1,M0,Right,M0,M1
T001795,E08,Faculty,Style Authenticity,IMG20260430110350,Reinhard,M1,Right,M1,Reinhard
T001796,E08,Faculty,Style Authenticity,IMG20260430104410,DDColor,Reinhard,Right,Reinhard,DDColor
T001797,E08,Faculty,Style Authenticity,IMG20260430104352,M1,M4,Right,M4,M1
T001798,E08,Faculty,Style Authenticity,IMG20260430103755,M0,M1,Left,M0,M1
T001799,E08,Faculty,Style Authenticity,IMG20260430103043,DDColor,M1,Right,M1,DDColor
T001800,E08,Faculty,Style Authenticity,IMG20260430103043,M4,DDColor,Left,M4,DDColor
T001801,E08,Faculty,Visual Harmony,IMG20260430103755,M0,M1,Left,M0,M1
T001802,E08,Faculty,Visual Harmony,IMG20260430104352,DDColor,M1,Right,M1,DDColor
T001803,E08,Faculty,Style Authenticity,IMG20260430103435,M4,M0,Right,M0,M4
T001804,E08,Faculty,Style Authenticity,IMG20260430104113,M0,M4,Left,M0,M4
T001805,E08,Faculty,Visual Harmony,IMG20260430104348,Reinhard,M4,Right,M4,Reinhard
T001806,E08,Faculty,Style Authenticity,IMG20260430103113,M4,M1,Left,M4,M1
T001807,E08,Faculty,Visual Harmony,IMG20260430103656,M1,M0,Left,M1,M0
T001808,E08,Faculty,Visual Harmony,IMG20260430104352,M1,M0,Left,M1,M0
T001809,E08,Faculty,Visual Harmony,IMG20260430104113,M1,DDColor,Right,DDColor,M1
T001810,E08,Faculty,Style Authenticity,IMG20260430104410,DDColor,M0,Right,M0,DDColor
T001811,E08,Faculty,Visual Harmony,IMG20260430104410,M1,Reinhard,Left,M1,Reinhard
T001812,E08,Faculty,Style Authenticity,IMG20260430103113,DDColor,M4,Right,M4,DDColor
T001813,E08,Faculty,Visual Harmony,IMG20260430103113,DDColor,Reinhard,Right,Reinhard,DDColor
T001814,E08,Faculty,Visual Harmony,IMG20260430103043,M1,Reinhard,Left,M1,Reinhard
T001815,E08,Faculty,Visual Harmony,IMG20260430103755,M4,Reinhard,Left,M4,Reinhard
T001816,E08,Faculty,Style Authenticity,IMG20260430103113,Reinhard,M1,Right,M1,Reinhard
T001817,E08,Faculty,Visual Harmony,IMG20260430104410,M4,DDColor,Left,M4,DDColor
T001818,E08,Faculty,Style Authenticity,IMG20260430103656,M1,M0,Right,M0,M1
T001819,E08,Faculty,Visual Harmony,IMG20260430103435,Reinhard,M4,Left,Reinhard,M4
T001820,E08,Faculty,Visual Harmony,IMG20260430104410,M0,DDColor,Left,M0,DDColor
T001821,E08,Faculty,Style Authenticity,IMG20260430104352,M1,M0,Right,M0,M1
T001822,E08,Faculty,Visual Harmony,IMG20260430103656,M0,Reinhard,Right,Reinhard,M0
T001823,E08,Faculty,Visual Harmony,IMG20260430110350,Reinhard,M1,Right,M1,Reinhard
T001824,E08,Faculty,Style Authenticity,IMG20260430102920,M0,M4,Left,M0,M4
T001825,E08,Faculty,Visual Harmony,IMG20260430104113,M1,M0,Right,M0,M1
T001826,E08,Faculty,Style Authenticity,IMG20260430103755,Reinhard,DDColor,Left,Reinhard,DDColor
T001827,E08,Faculty,Style Authenticity,IMG20260430103043,M0,DDColor,Left,M0,DDColor
T001828,E08,Faculty,Style Authenticity,IMG20260430102902,M1,DDColor,Right,DDColor,M1
T001829,E08,Faculty,Visual Harmony,IMG20260430102902,M0,M4,Right,M4,M0
T001830,E08,Faculty,Style Authenticity,IMG20260430104352,M1,DDColor,Left,M1,DDColor
T001831,E08,Faculty,Style Authenticity,IMG20260430104348,DDColor,M0,Right,M0,DDColor
T001832,E08,Faculty,Visual Harmony,IMG20260430110350,M1,DDColor,Left,M1,DDColor
T001833,E08,Faculty,Visual Harmony,IMG20260430104113,M4,DDColor,Left,M4,DDColor
T001834,E08,Faculty,Style Authenticity,IMG20260430103656,DDColor,M1,Right,M1,DDColor
T001835,E08,Faculty,Visual Harmony,IMG20260430104352,M0,Reinhard,Left,M0,Reinhard
T001836,E08,Faculty,Style Authenticity,IMG20260430103755,DDColor,M1,Right,M1,DDColor
T001837,E08,Faculty,Style Authenticity,IMG20260430104348,M1,M4,Right,M4,M1
T001838,E08,Faculty,Visual Harmony,IMG20260430102920,M4,Reinhard,Right,Reinhard,M4
T001839,E08,Faculty,Style Authenticity,IMG20260430103435,Reinhard,M4,Right,M4,Reinhard
T001840,E08,Faculty,Visual Harmony,IMG20260430104348,Reinhard,M0,Left,Reinhard,M0
T001841,E08,Faculty,Style Authenticity,IMG20260430104410,M4,M0,Left,M4,M0
T001842,E08,Faculty,Visual Harmony,IMG20260430103755,DDColor,Reinhard,Right,Reinhard,DDColor
T001843,E08,Faculty,Visual Harmony,IMG20260430104348,Reinhard,M1,Right,M1,Reinhard
T001844,E08,Faculty,Visual Harmony,IMG20260430104352,M4,Reinhard,Left,M4,Reinhard
T001845,E08,Faculty,Style Authenticity,IMG20260430104113,M1,M0,Right,M0,M1
T001846,E08,Faculty,Visual Harmony,IMG20260430104352,M1,Reinhard,Left,M1,Reinhard
T001847,E08,Faculty,Style Authenticity,IMG20260430103755,M1,M4,Left,M1,M4
T001848,E08,Faculty,Visual Harmony,IMG20260430110350,DDColor,Reinhard,Right,Reinhard,DDColor
T001849,E08,Faculty,Visual Harmony,IMG20260430104348,Reinhard,DDColor,Right,DDColor,Reinhard
T001850,E08,Faculty,Visual Harmony,IMG20260430103755,Reinhard,M0,Left,Reinhard,M0
T001851,E08,Faculty,Style Authenticity,IMG20260430102920,M1,M0,Right,M0,M1
T001852,E08,Faculty,Visual Harmony,IMG20260430104113,M4,M0,Left,M4,M0
T001853,E08,Faculty,Visual Harmony,IMG20260430102902,M4,Reinhard,Right,Reinhard,M4
T001854,E08,Faculty,Visual Harmony,IMG20260430102920,M1,M4,Right,M4,M1
T001855,E08,Faculty,Style Authenticity,IMG20260430104348,M1,DDColor,Left,M1,DDColor
T001856,E08,Faculty,Visual Harmony,IMG20260430103755,M1,Reinhard,Left,M1,Reinhard
T001857,E08,Faculty,Style Authenticity,IMG20260430104352,Reinhard,M1,Left,Reinhard,M1
T001858,E08,Faculty,Visual Harmony,IMG20260430104113,Reinhard,M0,Right,M0,Reinhard
T001859,E08,Faculty,Style Authenticity,IMG20260430104352,Reinhard,M0,Right,M0,Reinhard
T001860,E08,Faculty,Style Authenticity,IMG20260430103755,M0,DDColor,Left,M0,DDColor
T001861,E08,Faculty,Style Authenticity,IMG20260430104113,DDColor,M1,Left,DDColor,M1
T001862,E08,Faculty,Visual Harmony,IMG20260430103435,M0,M1,Left,M0,M1
T001863,E08,Faculty,Visual Harmony,IMG20260430104348,DDColor,M1,Right,M1,DDColor
T001864,E08,Faculty,Style Authenticity,IMG20260430104352,DDColor,Reinhard,Right,Reinhard,DDColor
T001865,E08,Faculty,Visual Harmony,IMG20260430104348,M0,M4,Right,M4,M0
T001866,E08,Faculty,Style Authenticity,IMG20260430102902,M4,M1,Left,M4,M1
T001867,E08,Faculty,Style Authenticity,IMG20260430103656,Reinhard,M0,Right,M0,Reinhard
T001868,E08,Faculty,Style Authenticity,IMG20260430103656,DDColor,M0,Right,M0,DDColor
T001869,E08,Faculty,Visual Harmony,IMG20260430110350,Reinhard,M0,Left,Reinhard,M0
T001870,E08,Faculty,Visual Harmony,IMG20260430110350,M1,M0,Right,M0,M1
T001871,E08,Faculty,Style Authenticity,IMG20260430104348,DDColor,M4,Right,M4,DDColor
T001872,E08,Faculty,Style Authenticity,IMG20260430104410,M0,Reinhard,Right,Reinhard,M0
T001873,E08,Faculty,Visual Harmony,IMG20260430103113,M4,M1,Right,M1,M4
T001874,E08,Faculty,Style Authenticity,IMG20260430103043,M4,M1,Left,M4,M1
T001875,E08,Faculty,Style Authenticity,IMG20260430103043,Reinhard,M0,Left,Reinhard,M0
T001876,E08,Faculty,Visual Harmony,IMG20260430103043,M0,DDColor,Left,M0,DDColor
T001877,E08,Faculty,Style Authenticity,IMG20260430104113,M0,Reinhard,Right,Reinhard,M0
T001878,E08,Faculty,Style Authenticity,IMG20260430103043,DDColor,Reinhard,Left,DDColor,Reinhard
T001879,E08,Faculty,Visual Harmony,IMG20260430103435,M0,M4,Right,M4,M0
T001880,E08,Faculty,Visual Harmony,IMG20260430104113,DDColor,M0,Left,DDColor,M0
T001881,E08,Faculty,Visual Harmony,IMG20260430104113,M1,M4,Right,M4,M1
T001882,E08,Faculty,Visual Harmony,IMG20260430102920,DDColor,M0,Left,DDColor,M0
T001883,E08,Faculty,Style Authenticity,IMG20260430102902,M1,Reinhard,Right,Reinhard,M1
T001884,E08,Faculty,Style Authenticity,IMG20260430102902,DDColor,Reinhard,Right,Reinhard,DDColor
T001885,E08,Faculty,Visual Harmony,IMG20260430103043,M4,M1,Left,M4,M1
T001886,E08,Faculty,Visual Harmony,IMG20260430104410,M1,M4,Right,M4,M1
T001887,E08,Faculty,Style Authenticity,IMG20260430103043,M1,Reinhard,Right,Reinhard,M1
T001888,E08,Faculty,Style Authenticity,IMG20260430103113,Reinhard,M0,Left,Reinhard,M0
T001889,E08,Faculty,Visual Harmony,IMG20260430103113,M0,M4,Left,M0,M4
T001890,E08,Faculty,Style Authenticity,IMG20260430103043,M1,M0,Left,M1,M0
T001891,E08,Faculty,Visual Harmony,IMG20260430104410,DDColor,M1,Left,DDColor,M1
T001892,E08,Faculty,Style Authenticity,IMG20260430103656,Reinhard,M1,Right,M1,Reinhard
T001893,E08,Faculty,Visual Harmony,IMG20260430103656,DDColor,M4,Left,DDColor,M4
T001894,E08,Faculty,Style Authenticity,IMG20260430104410,M4,M1,Left,M4,M1
T001895,E08,Faculty,Style Authenticity,IMG20260430103755,M1,Reinhard,Left,M1,Reinhard
T001896,E08,Faculty,Visual Harmony,IMG20260430104348,DDColor,M4,Right,M4,DDColor
T001897,E08,Faculty,Visual Harmony,IMG20260430103656,M0,DDColor,Left,M0,DDColor
T001898,E08,Faculty,Visual Harmony,IMG20260430102902,Reinhard,M1,Right,M1,Reinhard
T001899,E08,Faculty,Style Authenticity,IMG20260430104348,DDColor,Reinhard,Left,DDColor,Reinhard
T001900,E08,Faculty,Style Authenticity,IMG20260430110350,Reinhard,M4,Right,M4,Reinhard
T001901,E08,Faculty,Style Authenticity,IMG20260430102902,DDColor,M4,Left,DDColor,M4
T001902,E08,Faculty,Visual Harmony,IMG20260430103435,M1,M4,Left,M1,M4
T001903,E08,Faculty,Visual Harmony,IMG20260430103113,Reinhard,M1,Left,Reinhard,M1
T001904,E08,Faculty,Visual Harmony,IMG20260430103755,DDColor,M1,Right,M1,DDColor
T001905,E08,Faculty,Style Authenticity,IMG20260430102920,DDColor,M0,Right,M0,DDColor
T001906,E08,Faculty,Style Authenticity,IMG20260430103755,M4,M0,Left,M4,M0
T001907,E08,Faculty,Style Authenticity,IMG20260430103656,DDColor,Reinhard,Left,DDColor,Reinhard
T001908,E08,Faculty,Visual Harmony,IMG20260430104410,Reinhard,M0,Left,Reinhard,M0
T001909,E08,Faculty,Visual Harmony,IMG20260430104113,Reinhard,M1,Left,Reinhard,M1
T001910,E08,Faculty,Style Authenticity,IMG20260430110350,DDColor,M0,Left,DDColor,M0
T001911,E08,Faculty,Style Authenticity,IMG20260430103043,M4,Reinhard,Left,M4,Reinhard
T001912,E08,Faculty,Style Authenticity,IMG20260430110350,M0,Reinhard,Left,M0,Reinhard
T001913,E08,Faculty,Visual Harmony,IMG20260430103043,M0,M4,Right,M4,M0
T001914,E08,Faculty,Style Authenticity,IMG20260430102920,M4,M1,Left,M4,M1
T001915,E08,Faculty,Style Authenticity,IMG20260430110350,M0,M1,Left,M0,M1
T001916,E08,Faculty,Visual Harmony,IMG20260430103435,M4,DDColor,Left,M4,DDColor
T001917,E08,Faculty,Style Authenticity,IMG20260430102902,Reinhard,M4,Right,M4,Reinhard
T001918,E08,Faculty,Style Authenticity,IMG20260430104113,Reinhard,M1,Right,M1,Reinhard
T001919,E08,Faculty,Visual Harmony,IMG20260430102920,M0,M1,Right,M1,M0
T001920,E08,Faculty,Visual Harmony,IMG20260430104352,M1,M4,Right,M4,M1
T001921,N01,Student,Visual Harmony,IMG20260430104113,DDColor,M1,Left,DDColor,M1
T001922,N01,Student,Style Authenticity,IMG20260430104113,M4,M0,Left,M4,M0
T001923,N01,Student,Style Authenticity,IMG20260430103113,M0,M1,Left,M0,M1
T001924,N01,Student,Visual Harmony,IMG20260430102902,DDColor,M0,Right,M0,DDColor
T001925,N01,Student,Style Authenticity,IMG20260430103755,Reinhard,M0,Left,Reinhard,M0
T001926,N01,Student,Style Authenticity,IMG20260430110350,M0,M4,Right,M4,M0
T001927,N01,Student,Style Authenticity,IMG20260430102920,Reinhard,M1,Left,Reinhard,M1
T001928,N01,Student,Style Authenticity,IMG20260430102902,DDColor,Reinhard,Right,Reinhard,DDColor
T001929,N01,Student,Style Authenticity,IMG20260430104352,M0,M1,Left,M0,M1
T001930,N01,Student,Visual Harmony,IMG20260430102920,Reinhard,M4,Right,M4,Reinhard
T001931,N01,Student,Style Authenticity,IMG20260430104410,M0,DDColor,Left,M0,DDColor
T001932,N01,Student,Visual Harmony,IMG20260430104410,Reinhard,M0,Left,Reinhard,M0
T001933,N01,Student,Visual Harmony,IMG20260430104410,M4,DDColor,Left,M4,DDColor
T001934,N01,Student,Style Authenticity,IMG20260430110350,DDColor,M4,Right,M4,DDColor
T001935,N01,Student,Visual Harmony,IMG20260430102920,M1,M0,Right,M0,M1
T001936,N01,Student,Visual Harmony,IMG20260430102920,DDColor,Reinhard,Right,Reinhard,DDColor
T001937,N01,Student,Visual Harmony,IMG20260430103435,M0,Reinhard,Left,M0,Reinhard
T001938,N01,Student,Visual Harmony,IMG20260430104352,M1,M4,Right,M4,M1
T001939,N01,Student,Visual Harmony,IMG20260430104348,M1,M0,Left,M1,M0
T001940,N01,Student,Visual Harmony,IMG20260430103113,M0,M1,Left,M0,M1
T001941,N01,Student,Visual Harmony,IMG20260430103043,M4,M0,Left,M4,M0
T001942,N01,Student,Visual Harmony,IMG20260430104113,M4,Reinhard,Left,M4,Reinhard
T001943,N01,Student,Visual Harmony,IMG20260430102902,M1,M0,Left,M1,M0
T001944,N01,Student,Style Authenticity,IMG20260430104113,Reinhard,M1,Left,Reinhard,M1
T001945,N01,Student,Visual Harmony,IMG20260430104410,Reinhard,DDColor,Right,DDColor,Reinhard
T001946,N01,Student,Style Authenticity,IMG20260430110350,Reinhard,M1,Left,Reinhard,M1
T001947,N01,Student,Style Authenticity,IMG20260430104113,M4,M1,Left,M4,M1
T001948,N01,Student,Style Authenticity,IMG20260430104348,M1,M4,Right,M4,M1
T001949,N01,Student,Visual Harmony,IMG20260430103755,Reinhard,M1,Right,M1,Reinhard
T001950,N01,Student,Visual Harmony,IMG20260430103043,DDColor,M1,Left,DDColor,M1
T001951,N01,Student,Visual Harmony,IMG20260430103755,M4,Reinhard,Left,M4,Reinhard
T001952,N01,Student,Visual Harmony,IMG20260430104348,M4,Reinhard,Left,M4,Reinhard
T001953,N01,Student,Style Authenticity,IMG20260430110350,M1,M0,Right,M0,M1
T001954,N01,Student,Style Authenticity,IMG20260430103755,M4,M1,Left,M4,M1
T001955,N01,Student,Style Authenticity,IMG20260430110350,M4,Reinhard,Right,Reinhard,M4
T001956,N01,Student,Visual Harmony,IMG20260430104348,Reinhard,DDColor,Left,Reinhard,DDColor
T001957,N01,Student,Visual Harmony,IMG20260430103113,M4,DDColor,Right,DDColor,M4
T001958,N01,Student,Style Authenticity,IMG20260430104410,Reinhard,M1,Right,M1,Reinhard
T001959,N01,Student,Style Authenticity,IMG20260430104352,Reinhard,M1,Left,Reinhard,M1
T001960,N01,Student,Visual Harmony,IMG20260430103435,M1,DDColor,Right,DDColor,M1
T001961,N01,Student,Style Authenticity,IMG20260430103755,DDColor,M0,Right,M0,DDColor
T001962,N01,Student,Style Authenticity,IMG20260430104348,Reinhard,DDColor,Right,DDColor,Reinhard
T001963,N01,Student,Visual Harmony,IMG20260430110350,M0,DDColor,Left,M0,DDColor
T001964,N01,Student,Style Authenticity,IMG20260430102902,M4,Reinhard,Left,M4,Reinhard
T001965,N01,Student,Style Authenticity,IMG20260430104410,DDColor,M4,Right,M4,DDColor
T001966,N01,Student,Style Authenticity,IMG20260430103656,M1,DDColor,Left,M1,DDColor
T001967,N01,Student,Style Authenticity,IMG20260430102902,Reinhard,M1,Right,M1,Reinhard
T001968,N01,Student,Visual Harmony,IMG20260430104410,M1,M4,Right,M4,M1
T001969,N01,Student,Style Authenticity,IMG20260430102902,M0,M1,Left,M0,M1
T001970,N01,Student,Style Authenticity,IMG20260430102920,M0,M1,Left,M0,M1
T001971,N01,Student,Visual Harmony,IMG20260430104113,DDColor,M0,Left,DDColor,M0
T001972,N01,Student,Visual Harmony,IMG20260430103755,M0,M1,Left,M0,M1
T001973,N01,Student,Visual Harmony,IMG20260430104348,M1,DDColor,Left,M1,DDColor
T001974,N01,Student,Visual Harmony,IMG20260430103435,DDColor,M4,Right,M4,DDColor
T001975,N01,Student,Visual Harmony,IMG20260430104348,M1,M4,Right,M4,M1
T001976,N01,Student,Visual Harmony,IMG20260430103435,M0,M4,Left,M0,M4
T001977,N01,Student,Visual Harmony,IMG20260430103435,DDColor,M0,Right,M0,DDColor
T001978,N01,Student,Style Authenticity,IMG20260430110350,DDColor,M1,Right,M1,DDColor
T001979,N01,Student,Visual Harmony,IMG20260430104348,M0,DDColor,Right,DDColor,M0
T001980,N01,Student,Style Authenticity,IMG20260430104352,M0,DDColor,Left,M0,DDColor
T001981,N01,Student,Visual Harmony,IMG20260430103755,DDColor,M0,Right,M0,DDColor
T001982,N01,Student,Visual Harmony,IMG20260430104352,Reinhard,M4,Right,M4,Reinhard
T001983,N01,Student,Visual Harmony,IMG20260430103656,DDColor,M4,Left,DDColor,M4
T001984,N01,Student,Visual Harmony,IMG20260430104113,M4,M0,Right,M0,M4
T001985,N01,Student,Visual Harmony,IMG20260430110350,M1,M4,Right,M4,M1
T001986,N01,Student,Style Authenticity,IMG20260430110350,M1,M4,Right,M4,M1
T001987,N01,Student,Style Authenticity,IMG20260430103435,Reinhard,M4,Right,M4,Reinhard
T001988,N01,Student,Visual Harmony,IMG20260430110350,DDColor,M4,Right,M4,DDColor
T001989,N01,Student,Visual Harmony,IMG20260430103435,M4,M1,Left,M4,M1
T001990,N01,Student,Visual Harmony,IMG20260430103113,M0,Reinhard,Right,Reinhard,M0
T001991,N01,Student,Visual Harmony,IMG20260430102902,Reinhard,DDColor,Right,DDColor,Reinhard
T001992,N01,Student,Visual Harmony,IMG20260430102902,M1,M4,Right,M4,M1
T001993,N01,Student,Visual Harmony,IMG20260430103656,M1,M0,Left,M1,M0
T001994,N01,Student,Style Authenticity,IMG20260430104113,Reinhard,M4,Right,M4,Reinhard
T001995,N01,Student,Visual Harmony,IMG20260430103656,Reinhard,DDColor,Right,DDColor,Reinhard
T001996,N01,Student,Style Authenticity,IMG20260430103435,DDColor,M1,Right,M1,DDColor
T001997,N01,Student,Style Authenticity,IMG20260430103435,DDColor,M0,Right,M0,DDColor
T001998,N01,Student,Visual Harmony,IMG20260430102920,Reinhard,M0,Right,M0,Reinhard
T001999,N01,Student,Style Authenticity,IMG20260430104348,DDColor,M0,Right,M0,DDColor
T002000,N01,Student,Visual Harmony,IMG20260430102902,Reinhard,M4,Right,M4,Reinhard
T002001,N01,Student,Style Authenticity,IMG20260430102920,M0,M4,Right,M4,M0
T002002,N01,Student,Visual Harmony,IMG20260430103435,Reinhard,M1,Left,Reinhard,M1
T002003,N01,Student,Visual Harmony,IMG20260430104352,M1,DDColor,Right,DDColor,M1
T002004,N01,Student,Style Authenticity,IMG20260430103755,DDColor,M4,Left,DDColor,M4
T002005,N01,Student,Style Authenticity,IMG20260430102920,M4,M1,Left,M4,M1
T002006,N01,Student,Visual Harmony,IMG20260430104113,Reinhard,DDColor,Right,DDColor,Reinhard
T002007,N01,Student,Visual Harmony,IMG20260430103113,M4,M1,Right,M1,M4
T002008,N01,Student,Style Authenticity,IMG20260430104348,M0,M4,Right,M4,M0
T002009,N01,Student,Style Authenticity,IMG20260430104352,Reinhard,DDColor,Left,Reinhard,DDColor
T002010,N01,Student,Visual Harmony,IMG20260430102902,DDColor,M1,Left,DDColor,M1
T002011,N01,Student,Style Authenticity,IMG20260430103113,M4,M1,Left,M4,M1
T002012,N01,Student,Style Authenticity,IMG20260430104113,DDColor,M1,Right,M1,DDColor
T002013,N01,Student,Style Authenticity,IMG20260430103656,M1,M0,Right,M0,M1
T002014,N01,Student,Style Authenticity,IMG20260430104410,DDColor,M1,Left,DDColor,M1
T002015,N01,Student,Style Authenticity,IMG20260430103755,Reinhard,M4,Right,M4,Reinhard
T002016,N01,Student,Style Authenticity,IMG20260430103656,Reinhard,DDColor,Left,Reinhard,DDColor
T002017,N01,Student,Style Authenticity,IMG20260430110350,M0,Reinhard,Left,M0,Reinhard
T002018,N01,Student,Visual Harmony,IMG20260430103043,Reinhard,DDColor,Right,DDColor,Reinhard
T002019,N01,Student,Style Authenticity,IMG20260430103435,DDColor,Reinhard,Right,Reinhard,DDColor
T002020,N01,Student,Visual Harmony,IMG20260430103755,M0,M4,Right,M4,M0
T002021,N01,Student,Style Authenticity,IMG20260430103043,M4,M0,Right,M0,M4
T002022,N01,Student,Visual Harmony,IMG20260430103113,M0,DDColor,Left,M0,DDColor
T002023,N01,Student,Style Authenticity,IMG20260430103043,Reinhard,DDColor,Right,DDColor,Reinhard
T002024,N01,Student,Style Authenticity,IMG20260430104352,Reinhard,M0,Right,M0,Reinhard
T002025,N01,Student,Visual Harmony,IMG20260430104348,M4,M0,Right,M0,M4
T002026,N01,Student,Visual Harmony,IMG20260430103113,Reinhard,DDColor,Left,Reinhard,DDColor
T002027,N01,Student,Visual Harmony,IMG20260430104410,Reinhard,M4,Right,M4,Reinhard
T002028,N01,Student,Visual Harmony,IMG20260430110350,DDColor,M1,Right,M1,DDColor
T002029,N01,Student,Style Authenticity,IMG20260430102902,M1,M4,Right,M4,M1
T002030,N01,Student,Visual Harmony,IMG20260430103113,DDColor,M1,Left,DDColor,M1
T002031,N01,Student,Style Authenticity,IMG20260430104113,M1,M0,Left,M1,M0
T002032,N01,Student,Style Authenticity,IMG20260430103435,M0,M4,Left,M0,M4
T002033,N01,Student,Style Authenticity,IMG20260430103656,DDColor,M0,Right,M0,DDColor
T002034,N01,Student,Style Authenticity,IMG20260430104348,DDColor,M4,Right,M4,DDColor
T002035,N01,Student,Style Authenticity,IMG20260430104352,M1,M4,Right,M4,M1
T002036,N01,Student,Style Authenticity,IMG20260430103113,M4,DDColor,Left,M4,DDColor
T002037,N01,Student,Visual Harmony,IMG20260430104352,DDColor,M0,Left,DDColor,M0
T002038,N01,Student,Style Authenticity,IMG20260430103755,M1,Reinhard,Right,Reinhard,M1
T002039,N01,Student,Style Authenticity,IMG20260430103113,M4,M0,Right,M0,M4
T002040,N01,Student,Style Authenticity,IMG20260430104352,M1,DDColor,Left,M1,DDColor
T002041,N01,Student,Style Authenticity,IMG20260430104410,M4,M1,Left,M4,M1
T002042,N01,Student,Visual Harmony,IMG20260430104352,DDColor,M4,Right,M4,DDColor
T002043,N01,Student,Style Authenticity,IMG20260430103755,M1,M0,Right,M0,M1
T002044,N01,Student,Visual Harmony,IMG20260430102920,M1,M4,Right,M4,M1
T002045,N01,Student,Visual Harmony,IMG20260430104348,Reinhard,M1,Right,M1,Reinhard
T002046,N01,Student,Visual Harmony,IMG20260430102902,DDColor,M4,Left,DDColor,M4
T002047,N01,Student,Style Authenticity,IMG20260430103043,M1,M0,Right,M0,M1
T002048,N01,Student,Style Authenticity,IMG20260430102920,Reinhard,DDColor,Right,DDColor,Reinhard
T002049,N01,Student,Visual Harmony,IMG20260430102920,DDColor,M0,Left,DDColor,M0
T002050,N01,Student,Visual Harmony,IMG20260430103755,M4,DDColor,Left,M4,DDColor
T002051,N01,Student,Visual Harmony,IMG20260430103755,DDColor,M1,Right,M1,DDColor
T002052,N01,Student,Style Authenticity,IMG20260430103113,Reinhard,M1,Left,Reinhard,M1
T002053,N01,Student,Style Authenticity,IMG20260430103043,M4,DDColor,Left,M4,DDColor
T002054,N01,Student,Visual Harmony,IMG20260430103043,DDColor,M4,Right,M4,DDColor
T002055,N01,Student,Style Authenticity,IMG20260430104113,M4,DDColor,Left,M4,DDColor
T002056,N01,Student,Style Authenticity,IMG20260430103755,M1,DDColor,Left,M1,DDColor
T002057,N01,Student,Visual Harmony,IMG20260430104113,M1,Reinhard,Left,M1,Reinhard
T002058,N01,Student,Style Authenticity,IMG20260430103435,M0,Reinhard,Left,M0,Reinhard
T002059,N01,Student,Visual Harmony,IMG20260430110350,M4,Reinhard,Left,M4,Reinhard
T002060,N01,Student,Visual Harmony,IMG20260430103656,M4,Reinhard,Left,M4,Reinhard
T002061,N01,Student,Visual Harmony,IMG20260430103656,Reinhard,M1,Right,M1,Reinhard
T002062,N01,Student,Visual Harmony,IMG20260430103043,Reinhard,M0,Left,Reinhard,M0
T002063,N01,Student,Style Authenticity,IMG20260430103043,M4,M1,Left,M4,M1
T002064,N01,Student,Visual Harmony,IMG20260430103656,M1,DDColor,Right,DDColor,M1
T002065,N01,Student,Visual Harmony,IMG20260430110350,Reinhard,M0,Left,Reinhard,M0
T002066,N01,Student,Style Authenticity,IMG20260430104352,DDColor,M4,Right,M4,DDColor
T002067,N01,Student,Style Authenticity,IMG20260430103435,M4,M1,Left,M4,M1
T002068,N01,Student,Visual Harmony,IMG20260430102920,M4,M0,Left,M4,M0
T002069,N01,Student,Visual Harmony,IMG20260430104348,M0,Reinhard,Left,M0,Reinhard
T002070,N01,Student,Visual Harmony,IMG20260430103113,M0,M4,Left,M0,M4
T002071,N01,Student,Visual Harmony,IMG20260430104348,M4,DDColor,Left,M4,DDColor
T002072,N01,Student,Style Authenticity,IMG20260430103656,M4,M0,Left,M4,M0
T002073,N01,Student,Style Authenticity,IMG20260430104348,M1,DDColor,Left,M1,DDColor
T002074,N01,Student,Style Authenticity,IMG20260430103113,M4,Reinhard,Right,Reinhard,M4
T002075,N01,Student,Visual Harmony,IMG20260430104352,Reinhard,M0,Right,M0,Reinhard
T002076,N01,Student,Visual Harmony,IMG20260430103043,DDColor,M0,Right,M0,DDColor
T002077,N01,Student,Style Authenticity,IMG20260430104113,Reinhard,M0,Left,Reinhard,M0
T002078,N01,Student,Style Authenticity,IMG20260430110350,DDColor,Reinhard,Right,Reinhard,DDColor
T002079,N01,Student,Style Authenticity,IMG20260430103043,M4,Reinhard,Left,M4,Reinhard
T002080,N01,Student,Style Authenticity,IMG20260430103435,M4,DDColor,Left,M4,DDColor
T002081,N01,Student,Visual Harmony,IMG20260430110350,M1,M0,Right,M0,M1
T002082,N01,Student,Style Authenticity,IMG20260430104410,M0,M4,Right,M4,M0
T002083,N01,Student,Visual Harmony,IMG20260430103435,Reinhard,M4,Right,M4,Reinhard
T002084,N01,Student,Style Authenticity,IMG20260430103755,M0,M4,Right,M4,M0
T002085,N01,Student,Visual Harmony,IMG20260430102920,DDColor,M4,Right,M4,DDColor
T002086,N01,Student,Visual Harmony,IMG20260430103656,M0,Reinhard,Left,M0,Reinhard
T002087,N01,Student,Visual Harmony,IMG20260430102920,M1,Reinhard,Left,M1,Reinhard
T002088,N01,Student,Visual Harmony,IMG20260430104352,M1,M0,Right,M0,M1
T002089,N01,Student,Visual Harmony,IMG20260430104352,Reinhard,M1,Left,Reinhard,M1
T002090,N01,Student,Style Authenticity,IMG20260430104352,M4,M0,Right,M0,M4
T002091,N01,Student,Style Authenticity,IMG20260430102920,M0,DDColor,Left,M0,DDColor
T002092,N01,Student,Style Authenticity,IMG20260430102902,DDColor,M4,Right,M4,DDColor
T002093,N01,Student,Visual Harmony,IMG20260430104410,M4,M0,Left,M4,M0
T002094,N01,Student,Style Authenticity,IMG20260430102902,M1,DDColor,Left,M1,DDColor
T002095,N01,Student,Style Authenticity,IMG20260430103656,DDColor,M4,Right,M4,DDColor
T002096,N01,Student,Visual Harmony,IMG20260430103656,M1,M4,Right,M4,M1
T002097,N01,Student,Style Authenticity,IMG20260430104113,DDColor,M0,Right,M0,DDColor
T002098,N01,Student,Style Authenticity,IMG20260430104410,M1,M0,Left,M1,M0
T002099,N01,Student,Visual Harmony,IMG20260430104352,M0,M4,Right,M4,M0
T002100,N01,Student,Style Authenticity,IMG20260430103113,M1,DDColor,Right,DDColor,M1
T002101,N01,Student,Style Authenticity,IMG20260430103435,Reinhard,M1,Left,Reinhard,M1
T002102,N01,Student,Visual Harmony,IMG20260430110350,Reinhard,DDColor,Right,DDColor,Reinhard
T002103,N01,Student,Visual Harmony,IMG20260430103043,M1,Reinhard,Right,Reinhard,M1
T002104,N01,Student,Style Authenticity,IMG20260430103656,Reinhard,M4,Left,Reinhard,M4
T002105,N01,Student,Style Authenticity,IMG20260430102902,M0,Reinhard,Left,M0,Reinhard
T002106,N01,Student,Style Authenticity,IMG20260430102920,M4,DDColor,Right,DDColor,M4
T002107,N01,Student,Style Authenticity,IMG20260430104410,Reinhard,M0,Right,M0,Reinhard
T002108,N01,Student,Style Authenticity,IMG20260430104410,M4,Reinhard,Left,M4,Reinhard
T002109,N01,Student,Style Authenticity,IMG20260430104410,Reinhard,DDColor,Right,DDColor,Reinhard
T002110,N01,Student,Style Authenticity,IMG20260430103113,Reinhard,DDColor,Right,DDColor,Reinhard
T002111,N01,Student,Style Authenticity,IMG20260430102920,Reinhard,M4,Right,M4,Reinhard
T002112,N01,Student,Visual Harmony,IMG20260430103043,M4,M1,Left,M4,M1
T002113,N01,Student,Visual Harmony,IMG20260430103113,Reinhard,M1,Left,Reinhard,M1
T002114,N01,Student,Visual Harmony,IMG20260430104352,Reinhard,DDColor,Left,Reinhard,DDColor
T002115,N01,Student,Style Authenticity,IMG20260430104348,Reinhard,M4,Right,M4,Reinhard
T002116,N01,Student,Visual Harmony,IMG20260430103656,M0,DDColor,Right,DDColor,M0
T002117,N01,Student,Style Authenticity,IMG20260430103043,Reinhard,M1,Right,M1,Reinhard
T002118,N01,Student,Visual Harmony,IMG20260430104410,DDColor,M1,Right,M1,DDColor
T002119,N01,Student,Style Authenticity,IMG20260430103043,Reinhard,M0,Right,M0,Reinhard
T002120,N01,Student,Style Authenticity,IMG20260430103043,DDColor,M0,Right,M0,DDColor
T002121,N01,Student,Style Authenticity,IMG20260430103113,M0,DDColor,Left,M0,DDColor
T002122,N01,Student,Style Authenticity,IMG20260430102902,DDColor,M0,Left,DDColor,M0
T002123,N01,Student,Style Authenticity,IMG20260430104352,M4,Reinhard,Left,M4,Reinhard
T002124,N01,Student,Visual Harmony,IMG20260430102902,M0,Reinhard,Left,M0,Reinhard
T002125,N01,Student,Visual Harmony,IMG20260430103043,Reinhard,M4,Right,M4,Reinhard
T002126,N01,Student,Visual Harmony,IMG20260430103435,Reinhard,DDColor,Right,DDColor,Reinhard
T002127,N01,Student,Visual Harmony,IMG20260430104410,M1,Reinhard,Right,Reinhard,M1
T002128,N01,Student,Style Authenticity,IMG20260430102902,M4,M0,Left,M4,M0
T002129,N01,Student,Style Authenticity,IMG20260430103755,DDColor,Reinhard,Right,Reinhard,DDColor
T002130,N01,Student,Visual Harmony,IMG20260430102902,M0,M4,Left,M0,M4
T002131,N01,Student,Style Authenticity,IMG20260430103043,DDColor,M1,Right,M1,DDColor
T002132,N01,Student,Visual Harmony,IMG20260430104113,M4,M1,Left,M4,M1
T002133,N01,Student,Visual Harmony,IMG20260430102920,M1,DDColor,Right,DDColor,M1
T002134,N01,Student,Style Authenticity,IMG20260430103435,M0,M1,Left,M0,M1
T002135,N01,Student,Visual Harmony,IMG20260430102902,Reinhard,M1,Right,M1,Reinhard
T002136,N01,Student,Visual Harmony,IMG20260430103043,M1,M0,Right,M0,M1
T002137,N01,Student,Visual Harmony,IMG20260430104113,DDColor,M4,Right,M4,DDColor
T002138,N01,Student,Visual Harmony,IMG20260430104113,M0,M1,Left,M0,M1
T002139,N01,Student,Visual Harmony,IMG20260430104113,Reinhard,M0,Right,M0,Reinhard
T002140,N01,Student,Visual Harmony,IMG20260430104410,M1,M0,Left,M1,M0
T002141,N01,Student,Style Authenticity,IMG20260430110350,M0,DDColor,Right,DDColor,M0
T002142,N01,Student,Visual Harmony,IMG20260430103755,M1,M4,Left,M1,M4
T002143,N01,Student,Style Authenticity,IMG20260430103113,M0,Reinhard,Left,M0,Reinhard
T002144,N01,Student,Visual Harmony,IMG20260430110350,M0,M4,Right,M4,M0
T002145,N01,Student,Style Authenticity,IMG20260430102920,DDColor,M1,Right,M1,DDColor
T002146,N01,Student,Visual Harmony,IMG20260430103435,M0,M1,Left,M0,M1
T002147,N01,Student,Visual Harmony,IMG20260430103755,Reinhard,M0,Left,Reinhard,M0
T002148,N01,Student,Style Authenticity,IMG20260430103656,M1,Reinhard,Right,Reinhard,M1
T002149,N01,Student,Style Authenticity,IMG20260430104348,M1,M0,Right,M0,M1
T002150,N01,Student,Style Authenticity,IMG20260430104348,Reinhard,M1,Right,M1,Reinhard
T002151,N01,Student,Visual Harmony,IMG20260430104410,M0,DDColor,Right,DDColor,M0
T002152,N01,Student,Style Authenticity,IMG20260430103656,M1,M4,Right,M4,M1
T002153,N01,Student,Visual Harmony,IMG20260430103755,DDColor,Reinhard,Right,Reinhard,DDColor
T002154,N01,Student,Visual Harmony,IMG20260430103113,Reinhard,M4,Right,M4,Reinhard
T002155,N01,Student,Visual Harmony,IMG20260430103656,M0,M4,Right,M4,M0
T002156,N01,Student,Visual Harmony,IMG20260430110350,Reinhard,M1,Right,M1,Reinhard
T002157,N01,Student,Style Authenticity,IMG20260430104113,Reinhard,DDColor,Right,DDColor,Reinhard
T002158,N01,Student,Style Authenticity,IMG20260430104348,Reinhard,M0,Right,M0,Reinhard
T002159,N01,Student,Style Authenticity,IMG20260430103656,Reinhard,M0,Right,M0,Reinhard
T002160,N01,Student,Style Authenticity,IMG20260430102920,Reinhard,M0,Right,M0,Reinhard
T002161,N02,Student,Visual Harmony,IMG20260430103113,Reinhard,M4,Left,Reinhard,M4
T002162,N02,Student,Style Authenticity,IMG20260430103043,DDColor,M1,Right,M1,DDColor
T002163,N02,Student,Style Authenticity,IMG20260430103755,DDColor,M4,Right,M4,DDColor
T002164,N02,Student,Style Authenticity,IMG20260430104348,DDColor,M1,Left,DDColor,M1
T002165,N02,Student,Visual Harmony,IMG20260430103435,Reinhard,M4,Right,M4,Reinhard
T002166,N02,Student,Style Authenticity,IMG20260430104352,DDColor,M4,Left,DDColor,M4
T002167,N02,Student,Style Authenticity,IMG20260430103755,M4,Reinhard,Right,Reinhard,M4
T002168,N02,Student,Visual Harmony,IMG20260430102902,M0,M4,Left,M0,M4
T002169,N02,Student,Style Authenticity,IMG20260430103656,M0,Reinhard,Left,M0,Reinhard
T002170,N02,Student,Style Authenticity,IMG20260430110350,M4,M1,Left,M4,M1
T002171,N02,Student,Style Authenticity,IMG20260430104348,M0,DDColor,Right,DDColor,M0
T002172,N02,Student,Style Authenticity,IMG20260430104352,M1,M4,Right,M4,M1
T002173,N02,Student,Visual Harmony,IMG20260430103755,M1,Reinhard,Left,M1,Reinhard
T002174,N02,Student,Visual Harmony,IMG20260430103043,M1,Reinhard,Left,M1,Reinhard
T002175,N02,Student,Style Authenticity,IMG20260430104410,M0,DDColor,Left,M0,DDColor
T002176,N02,Student,Style Authenticity,IMG20260430103043,M4,Reinhard,Left,M4,Reinhard
T002177,N02,Student,Visual Harmony,IMG20260430104113,Reinhard,M0,Left,Reinhard,M0
T002178,N02,Student,Style Authenticity,IMG20260430102902,M4,M0,Right,M0,M4
T002179,N02,Student,Visual Harmony,IMG20260430103043,M4,M1,Left,M4,M1
T002180,N02,Student,Style Authenticity,IMG20260430102920,M1,DDColor,Left,M1,DDColor
T002181,N02,Student,Style Authenticity,IMG20260430102920,M4,M1,Left,M4,M1
T002182,N02,Student,Visual Harmony,IMG20260430104113,M4,Reinhard,Left,M4,Reinhard
T002183,N02,Student,Style Authenticity,IMG20260430102902,M0,DDColor,Left,M0,DDColor
T002184,N02,Student,Style Authenticity,IMG20260430102902,Reinhard,M1,Right,M1,Reinhard
T002185,N02,Student,Visual Harmony,IMG20260430103113,M1,DDColor,Left,M1,DDColor
T002186,N02,Student,Style Authenticity,IMG20260430103113,DDColor,Reinhard,Left,DDColor,Reinhard
T002187,N02,Student,Style Authenticity,IMG20260430102902,DDColor,M4,Left,DDColor,M4
T002188,N02,Student,Visual Harmony,IMG20260430104348,M4,M0,Left,M4,M0
T002189,N02,Student,Visual Harmony,IMG20260430110350,DDColor,Reinhard,Left,DDColor,Reinhard
T002190,N02,Student,Visual Harmony,IMG20260430102902,M0,M1,Right,M1,M0
T002191,N02,Student,Visual Harmony,IMG20260430104113,M1,DDColor,Right,DDColor,M1
T002192,N02,Student,Style Authenticity,IMG20260430102920,Reinhard,DDColor,Right,DDColor,Reinhard
T002193,N02,Student,Visual Harmony,IMG20260430103656,Reinhard,M4,Left,Reinhard,M4
T002194,N02,Student,Style Authenticity,IMG20260430104410,Reinhard,M1,Left,Reinhard,M1
T002195,N02,Student,Visual Harmony,IMG20260430102920,M1,DDColor,Left,M1,DDColor
T002196,N02,Student,Style Authenticity,IMG20260430104410,M4,M1,Left,M4,M1
T002197,N02,Student,Style Authenticity,IMG20260430103656,M4,DDColor,Left,M4,DDColor
T002198,N02,Student,Visual Harmony,IMG20260430104352,M0,Reinhard,Left,M0,Reinhard
T002199,N02,Student,Visual Harmony,IMG20260430103043,M4,M0,Left,M4,M0
T002200,N02,Student,Visual Harmony,IMG20260430103656,DDColor,M4,Right,M4,DDColor
T002201,N02,Student,Style Authenticity,IMG20260430102902,Reinhard,M4,Right,M4,Reinhard
T002202,N02,Student,Visual Harmony,IMG20260430102920,M1,Reinhard,Left,M1,Reinhard
T002203,N02,Student,Style Authenticity,IMG20260430104113,M4,M1,Left,M4,M1
T002204,N02,Student,Visual Harmony,IMG20260430103113,Reinhard,M0,Right,M0,Reinhard
T002205,N02,Student,Visual Harmony,IMG20260430104348,M0,Reinhard,Right,Reinhard,M0
T002206,N02,Student,Style Authenticity,IMG20260430103656,DDColor,M1,Right,M1,DDColor
T002207,N02,Student,Visual Harmony,IMG20260430104410,M0,Reinhard,Right,Reinhard,M0
T002208,N02,Student,Visual Harmony,IMG20260430103043,Reinhard,M4,Left,Reinhard,M4
T002209,N02,Student,Style Authenticity,IMG20260430104113,M0,Reinhard,Left,M0,Reinhard
T002210,N02,Student,Style Authenticity,IMG20260430103755,M1,DDColor,Left,M1,DDColor
T002211,N02,Student,Visual Harmony,IMG20260430103656,M0,Reinhard,Left,M0,Reinhard
T002212,N02,Student,Visual Harmony,IMG20260430104352,M0,M1,Right,M1,M0
T002213,N02,Student,Style Authenticity,IMG20260430104113,M0,M4,Right,M4,M0
T002214,N02,Student,Visual Harmony,IMG20260430104410,M1,M0,Right,M0,M1
T002215,N02,Student,Visual Harmony,IMG20260430104113,Reinhard,DDColor,Right,DDColor,Reinhard
T002216,N02,Student,Visual Harmony,IMG20260430103435,M1,Reinhard,Left,M1,Reinhard
T002217,N02,Student,Visual Harmony,IMG20260430110350,Reinhard,M0,Right,M0,Reinhard
T002218,N02,Student,Visual Harmony,IMG20260430102902,M0,Reinhard,Left,M0,Reinhard
T002219,N02,Student,Visual Harmony,IMG20260430103656,M1,M4,Left,M1,M4
T002220,N02,Student,Style Authenticity,IMG20260430103043,M1,M4,Right,M4,M1
T002221,N02,Student,Visual Harmony,IMG20260430110350,M0,M1,Left,M0,M1
T002222,N02,Student,Visual Harmony,IMG20260430102920,M1,M0,Right,M0,M1
T002223,N02,Student,Style Authenticity,IMG20260430103755,M4,M0,Left,M4,M0
T002224,N02,Student,Style Authenticity,IMG20260430104113,Reinhard,M4,Left,Reinhard,M4
T002225,N02,Student,Visual Harmony,IMG20260430104410,DDColor,M4,Right,M4,DDColor
T002226,N02,Student,Visual Harmony,IMG20260430103755,M4,M1,Right,M1,M4
T002227,N02,Student,Visual Harmony,IMG20260430103656,M1,DDColor,Left,M1,DDColor
T002228,N02,Student,Style Authenticity,IMG20260430103113,Reinhard,M0,Right,M0,Reinhard
T002229,N02,Student,Style Authenticity,IMG20260430103113,Reinhard,M1,Right,M1,Reinhard
T002230,N02,Student,Style Authenticity,IMG20260430102920,M0,M4,Right,M4,M0
T002231,N02,Student,Visual Harmony,IMG20260430104352,M0,M4,Right,M4,M0
T002232,N02,Student,Visual Harmony,IMG20260430110350,Reinhard,M1,Right,M1,Reinhard
T002233,N02,Student,Style Authenticity,IMG20260430102902,Reinhard,M0,Left,Reinhard,M0
T002234,N02,Student,Visual Harmony,IMG20260430103755,M0,Reinhard,Right,Reinhard,M0
T002235,N02,Student,Visual Harmony,IMG20260430103435,M1,M0,Left,M1,M0
T002236,N02,Student,Style Authenticity,IMG20260430103113,DDColor,M4,Right,M4,DDColor
T002237,N02,Student,Style Authenticity,IMG20260430103656,M1,Reinhard,Left,M1,Reinhard
T002238,N02,Student,Visual Harmony,IMG20260430102920,M4,Reinhard,Left,M4,Reinhard
T002239,N02,Student,Style Authenticity,IMG20260430103435,M1,M4,Right,M4,M1
T002240,N02,Student,Visual Harmony,IMG20260430104348,DDColor,Reinhard,Left,DDColor,Reinhard
T002241,N02,Student,Visual Harmony,IMG20260430102902,M0,DDColor,Left,M0,DDColor
T002242,N02,Student,Style Authenticity,IMG20260430103043,Reinhard,DDColor,Left,Reinhard,DDColor
T002243,N02,Student,Style Authenticity,IMG20260430104410,M4,Reinhard,Right,Reinhard,M4
T002244,N02,Student,Visual Harmony,IMG20260430103656,M1,M0,Right,M0,M1
T002245,N02,Student,Visual Harmony,IMG20260430103113,M4,M0,Left,M4,M0
T002246,N02,Student,Visual Harmony,IMG20260430103755,M4,Reinhard,Left,M4,Reinhard
T002247,N02,Student,Style Authenticity,IMG20260430102902,DDColor,M1,Left,DDColor,M1
T002248,N02,Student,Style Authenticity,IMG20260430103113,DDColor,M0,Right,M0,DDColor
T002249,N02,Student,Style Authenticity,IMG20260430104352,M0,M4,Left,M0,M4
T002250,N02,Student,Visual Harmony,IMG20260430104113,M0,M4,Right,M4,M0
T002251,N02,Student,Style Authenticity,IMG20260430102902,M1,M4,Left,M1,M4
T002252,N02,Student,Style Authenticity,IMG20260430103435,Reinhard,M4,Right,M4,Reinhard
T002253,N02,Student,Style Authenticity,IMG20260430104410,M1,M0,Left,M1,M0
T002254,N02,Student,Style Authenticity,IMG20260430104113,M1,DDColor,Right,DDColor,M1
T002255,N02,Student,Visual Harmony,IMG20260430103113,Reinhard,DDColor,Right,DDColor,Reinhard
T002256,N02,Student,Visual Harmony,IMG20260430104348,M4,DDColor,Left,M4,DDColor
T002257,N02,Student,Visual Harmony,IMG20260430104410,M4,M0,Left,M4,M0
T002258,N02,Student,Style Authenticity,IMG20260430104348,DDColor,Reinhard,Left,DDColor,Reinhard
T002259,N02,Student,Visual Harmony,IMG20260430103435,M4,M1,Left,M4,M1
T002260,N02,Student,Visual Harmony,IMG20260430110350,Reinhard,M4,Right,M4,Reinhard
T002261,N02,Student,Style Authenticity,IMG20260430103755,M0,Reinhard,Left,M0,Reinhard
T002262,N02,Student,Visual Harmony,IMG20260430102902,M4,DDColor,Left,M4,DDColor
T002263,N02,Student,Visual Harmony,IMG20260430102902,M1,M4,Right,M4,M1
T002264,N02,Student,Style Authenticity,IMG20260430103043,M1,Reinhard,Left,M1,Reinhard
T002265,N02,Student,Visual Harmony,IMG20260430102920,M4,DDColor,Left,M4,DDColor
T002266,N02,Student,Style Authenticity,IMG20260430103113,M0,M1,Right,M1,M0
T002267,N02,Student,Style Authenticity,IMG20260430103656,M4,M0,Left,M4,M0
T002268,N02,Student,Style Authenticity,IMG20260430104348,DDColor,M4,Left,DDColor,M4
T002269,N02,Student,Visual Harmony,IMG20260430102920,DDColor,M0,Right,M0,DDColor
T002270,N02,Student,Style Authenticity,IMG20260430103656,M1,M4,Right,M4,M1
T002271,N02,Student,Visual Harmony,IMG20260430104348,M0,M1,Left,M0,M1
T002272,N02,Student,Style Authenticity,IMG20260430103435,M1,DDColor,Right,DDColor,M1
T002273,N02,Student,Visual Harmony,IMG20260430104348,M4,M1,Left,M4,M1
T002274,N02,Student,Style Authenticity,IMG20260430110350,DDColor,Reinhard,Left,DDColor,Reinhard
T002275,N02,Student,Visual Harmony,IMG20260430104410,Reinhard,M1,Right,M1,Reinhard
T002276,N02,Student,Visual Harmony,IMG20260430110350,M4,M0,Left,M4,M0
T002277,N02,Student,Style Authenticity,IMG20260430104348,Reinhard,M1,Right,M1,Reinhard
T002278,N02,Student,Visual Harmony,IMG20260430102920,M4,M0,Left,M4,M0
T002279,N02,Student,Visual Harmony,IMG20260430103435,M4,DDColor,Left,M4,DDColor
T002280,N02,Student,Visual Harmony,IMG20260430103435,DDColor,M0,Right,M0,DDColor
T002281,N02,Student,Visual Harmony,IMG20260430102902,Reinhard,M4,Right,M4,Reinhard
T002282,N02,Student,Visual Harmony,IMG20260430104410,DDColor,M1,Right,M1,DDColor
T002283,N02,Student,Visual Harmony,IMG20260430103043,M0,DDColor,Left,M0,DDColor
T002284,N02,Student,Visual Harmony,IMG20260430103435,M0,M4,Left,M0,M4
T002285,N02,Student,Visual Harmony,IMG20260430103755,M4,DDColor,Left,M4,DDColor
T002286,N02,Student,Visual Harmony,IMG20260430110350,M0,DDColor,Left,M0,DDColor
T002287,N02,Student,Style Authenticity,IMG20260430104410,DDColor,M4,Right,M4,DDColor
T002288,N02,Student,Style Authenticity,IMG20260430103113,M4,M1,Left,M4,M1
T002289,N02,Student,Style Authenticity,IMG20260430110350,Reinhard,M0,Right,M0,Reinhard
T002290,N02,Student,Visual Harmony,IMG20260430104352,Reinhard,M1,Right,M1,Reinhard
T002291,N02,Student,Visual Harmony,IMG20260430102902,M1,DDColor,Right,DDColor,M1
T002292,N02,Student,Style Authenticity,IMG20260430103043,Reinhard,M0,Right,M0,Reinhard
T002293,N02,Student,Visual Harmony,IMG20260430104352,M1,DDColor,Left,M1,DDColor
T002294,N02,Student,Style Authenticity,IMG20260430102920,M4,Reinhard,Left,M4,Reinhard
T002295,N02,Student,Style Authenticity,IMG20260430110350,M0,DDColor,Left,M0,DDColor
T002296,N02,Student,Style Authenticity,IMG20260430103656,Reinhard,DDColor,Left,Reinhard,DDColor
T002297,N02,Student,Visual Harmony,IMG20260430103755,M0,M1,Right,M1,M0
T002298,N02,Student,Style Authenticity,IMG20260430103755,M0,M1,Right,M1,M0
T002299,N02,Student,Visual Harmony,IMG20260430103113,Reinhard,M1,Right,M1,Reinhard
T002300,N02,Student,Visual Harmony,IMG20260430104348,DDColor,M0,Right,M0,DDColor
T002301,N02,Student,Style Authenticity,IMG20260430103656,M0,DDColor,Left,M0,DDColor
T002302,N02,Student,Style Authenticity,IMG20260430104348,Reinhard,M4,Right,M4,Reinhard
T002303,N02,Student,Visual Harmony,IMG20260430103113,M1,M0,Left,M1,M0
T002304,N02,Student,Style Authenticity,IMG20260430104113,Reinhard,M1,Right,M1,Reinhard
T002305,N02,Student,Visual Harmony,IMG20260430110350,M1,M4,Right,M4,M1
T002306,N02,Student,Style Authenticity,IMG20260430110350,M4,Reinhard,Left,M4,Reinhard
T002307,N02,Student,Visual Harmony,IMG20260430104410,Reinhard,M4,Left,Reinhard,M4
T002308,N02,Student,Visual Harmony,IMG20260430103043,M0,Reinhard,Right,Reinhard,M0
T002309,N02,Student,Visual Harmony,IMG20260430104113,Reinhard,M1,Right,M1,Reinhard
T002310,N02,Student,Visual Harmony,IMG20260430103435,Reinhard,M0,Left,Reinhard,M0
T002311,N02,Student,Style Authenticity,IMG20260430104410,M1,DDColor,Right,DDColor,M1
T002312,N02,Student,Style Authenticity,IMG20260430110350,Reinhard,M1,Right,M1,Reinhard
T002313,N02,Student,Visual Harmony,IMG20260430110350,M1,DDColor,Right,DDColor,M1
T002314,N02,Student,Visual Harmony,IMG20260430104410,Reinhard,DDColor,Right,DDColor,Reinhard
T002315,N02,Student,Style Authenticity,IMG20260430103435,M4,M0,Left,M4,M0
T002316,N02,Student,Style Authenticity,IMG20260430104113,M0,DDColor,Left,M0,DDColor
T002317,N02,Student,Style Authenticity,IMG20260430104348,M0,Reinhard,Left,M0,Reinhard
T002318,N02,Student,Visual Harmony,IMG20260430104352,DDColor,M0,Left,DDColor,M0
T002319,N02,Student,Style Authenticity,IMG20260430103435,DDColor,Reinhard,Right,Reinhard,DDColor
T002320,N02,Student,Visual Harmony,IMG20260430102920,Reinhard,M0,Right,M0,Reinhard
T002321,N02,Student,Visual Harmony,IMG20260430102920,DDColor,Reinhard,Left,DDColor,Reinhard
T002322,N02,Student,Style Authenticity,IMG20260430110350,DDColor,M1,Right,M1,DDColor
T002323,N02,Student,Visual Harmony,IMG20260430103656,DDColor,M0,Right,M0,DDColor
T002324,N02,Student,Visual Harmony,IMG20260430103113,M4,M1,Left,M4,M1
T002325,N02,Student,Style Authenticity,IMG20260430104352,M0,Reinhard,Right,Reinhard,M0
T002326,N02,Student,Style Authenticity,IMG20260430104113,DDColor,M4,Right,M4,DDColor
T002327,N02,Student,Style Authenticity,IMG20260430103435,M0,Reinhard,Left,M0,Reinhard
T002328,N02,Student,Visual Harmony,IMG20260430104352,M4,DDColor,Right,DDColor,M4
T002329,N02,Student,Style Authenticity,IMG20260430104352,M1,DDColor,Right,DDColor,M1
T002330,N02,Student,Visual Harmony,IMG20260430103755,Reinhard,DDColor,Left,Reinhard,DDColor
T002331,N02,Student,Visual Harmony,IMG20260430103043,M1,M0,Right,M0,M1
T002332,N02,Student,Style Authenticity,IMG20260430110350,M4,M0,Left,M4,M0
T002333,N02,Student,Style Authenticity,IMG20260430104352,Reinhard,M4,Right,M4,Reinhard
T002334,N02,Student,Style Authenticity,IMG20260430103043,M0,DDColor,Left,M0,DDColor
T002335,N02,Student,Style Authenticity,IMG20260430103435,M0,M1,Left,M0,M1
T002336,N02,Student,Style Authenticity,IMG20260430103755,M4,M1,Left,M4,M1
T002337,N02,Student,Style Authenticity,IMG20260430104352,DDColor,Reinhard,Left,DDColor,Reinhard
T002338,N02,Student,Style Authenticity,IMG20260430103113,DDColor,M1,Left,DDColor,M1
T002339,N02,Student,Visual Harmony,IMG20260430102902,Reinhard,DDColor,Left,Reinhard,DDColor
T002340,N02,Student,Style Authenticity,IMG20260430110350,M4,DDColor,Left,M4,DDColor
T002341,N02,Student,Style Authenticity,IMG20260430104352,DDColor,M0,Right,M0,DDColor
T002342,N02,Student,Visual Harmony,IMG20260430110350,DDColor,M4,Right,M4,DDColor
T002343,N02,Student,Visual Harmony,IMG20260430104113,M4,M1,Right,M1,M4
T002344,N02,Student,Visual Harmony,IMG20260430103755,M0,DDColor,Left,M0,DDColor
T002345,N02,Student,Visual Harmony,IMG20260430104348,Reinhard,M4,Right,M4,Reinhard
T002346,N02,Student,Style Authenticity,IMG20260430103435,DDColor,M4,Right,M4,DDColor
T002347,N02,Student,Style Authenticity,IMG20260430103113,M4,Reinhard,Left,M4,Reinhard
T002348,N02,Student,Style Authenticity,IMG20260430103113,M4,M0,Left,M4,M0
T002349,N02,Student,Visual Harmony,IMG20260430103755,M1,DDColor,Left,M1,DDColor
T002350,N02,Student,Style Authenticity,IMG20260430104113,M1,M0,Right,M0,M1
T002351,N02,Student,Visual Harmony,IMG20260430103113,DDColor,M4,Right,M4,DDColor
T002352,N02,Student,Style Authenticity,IMG20260430102920,M0,DDColor,Left,M0,DDColor
T002353,N02,Student,Style Authenticity,IMG20260430103043,M4,M0,Left,M4,M0
T002354,N02,Student,Style Authenticity,IMG20260430103656,M4,Reinhard,Left,M4,Reinhard
T002355,N02,Student,Visual Harmony,IMG20260430103435,Reinhard,DDColor,Right,DDColor,Reinhard
T002356,N02,Student,Visual Harmony,IMG20260430104348,M1,DDColor,Right,DDColor,M1
T002357,N02,Student,Style Authenticity,IMG20260430104348,M1,M0,Left,M1,M0
T002358,N02,Student,Style Authenticity,IMG20260430102920,Reinhard,M0,Right,M0,Reinhard
T002359,N02,Student,Visual Harmony,IMG20260430103043,DDColor,M4,Right,M4,DDColor
T002360,N02,Student,Visual Harmony,IMG20260430104410,M0,DDColor,Left,M0,DDColor
T002361,N02,Student,Style Authenticity,IMG20260430104113,Reinhard,DDColor,Right,DDColor,Reinhard
T002362,N02,Student,Visual Harmony,IMG20260430102920,M4,M1,Left,M4,M1
T002363,N02,Student,Visual Harmony,IMG20260430103043,DDColor,Reinhard,Left,DDColor,Reinhard
T002364,N02,Student,Style Authenticity,IMG20260430102920,M4,DDColor,Left,M4,DDColor
T002365,N02,Student,Visual Harmony,IMG20260430103656,DDColor,Reinhard,Left,DDColor,Reinhard
T002366,N02,Student,Style Authenticity,IMG20260430103435,M1,Reinhard,Left,M1,Reinhard
T002367,N02,Student,Visual Harmony,IMG20260430103656,M1,Reinhard,Left,M1,Reinhard
T002368,N02,Student,Visual Harmony,IMG20260430104113,M4,DDColor,Left,M4,DDColor
T002369,N02,Student,Style Authenticity,IMG20260430103755,M1,Reinhard,Right,Reinhard,M1
T002370,N02,Student,Style Authenticity,IMG20260430103435,DDColor,M0,Right,M0,DDColor
T002371,N02,Student,Style Authenticity,IMG20260430102902,M0,M1,Right,M1,M0
T002372,N02,Student,Visual Harmony,IMG20260430103755,M4,M0,Left,M4,M0
T002373,N02,Student,Style Authenticity,IMG20260430104410,DDColor,Reinhard,Left,DDColor,Reinhard
T002374,N02,Student,Visual Harmony,IMG20260430104352,M1,M4,Left,M1,M4
T002375,N02,Student,Style Authenticity,IMG20260430104348,M4,M1,Left,M4,M1
T002376,N02,Student,Style Authenticity,IMG20260430104348,M4,M0,Left,M4,M0
T002377,N02,Student,Style Authenticity,IMG20260430103043,DDColor,M4,Right,M4,DDColor
T002378,N02,Student,Visual Harmony,IMG20260430103113,M0,DDColor,Right,DDColor,M0
T002379,N02,Student,Visual Harmony,IMG20260430104410,M4,M1,Left,M4,M1
T002380,N02,Student,Style Authenticity,IMG20260430104410,M0,Reinhard,Left,M0,Reinhard
T002381,N02,Student,Style Authenticity,IMG20260430103043,M1,M0,Left,M1,M0
T002382,N02,Student,Visual Harmony,IMG20260430104348,M1,Reinhard,Right,Reinhard,M1
T002383,N02,Student,Style Authenticity,IMG20260430104352,Reinhard,M1,Left,Reinhard,M1
T002384,N02,Student,Style Authenticity,IMG20260430110350,M1,M0,Left,M1,M0
T002385,N02,Student,Visual Harmony,IMG20260430104352,Reinhard,M4,Right,M4,Reinhard
T002386,N02,Student,Style Authenticity,IMG20260430103755,DDColor,Reinhard,Left,DDColor,Reinhard
T002387,N02,Student,Visual Harmony,IMG20260430104113,M1,M0,Right,M0,M1
T002388,N02,Student,Style Authenticity,IMG20260430104410,M0,M4,Left,M0,M4
T002389,N02,Student,Visual Harmony,IMG20260430102902,Reinhard,M1,Left,Reinhard,M1
T002390,N02,Student,Style Authenticity,IMG20260430104352,M1,M0,Right,M0,M1
T002391,N02,Student,Style Authenticity,IMG20260430102902,DDColor,Reinhard,Right,Reinhard,DDColor
T002392,N02,Student,Visual Harmony,IMG20260430104113,M0,DDColor,Left,M0,DDColor
T002393,N02,Student,Style Authenticity,IMG20260430103656,M1,M0,Right,M0,M1
T002394,N02,Student,Style Authenticity,IMG20260430102920,M0,M1,Left,M0,M1
T002395,N02,Student,Style Authenticity,IMG20260430103755,DDColor,M0,Right,M0,DDColor
T002396,N02,Student,Visual Harmony,IMG20260430104352,Reinhard,DDColor,Right,DDColor,Reinhard
T002397,N02,Student,Visual Harmony,IMG20260430103656,M0,M4,Right,M4,M0
T002398,N02,Student,Visual Harmony,IMG20260430103435,DDColor,M1,Right,M1,DDColor
T002399,N02,Student,Style Authenticity,IMG20260430102920,Reinhard,M1,Right,M1,Reinhard
T002400,N02,Student,Visual Harmony,IMG20260430103043,M1,DDColor,Right,DDColor,M1
T002401,N03,Student,Style Authenticity,IMG20260430103113,Reinhard,DDColor,Right,DDColor,Reinhard
T002402,N03,Student,Style Authenticity,IMG20260430104352,DDColor,M4,Right,M4,DDColor
T002403,N03,Student,Visual Harmony,IMG20260430103043,M1,DDColor,Left,M1,DDColor
T002404,N03,Student,Visual Harmony,IMG20260430102902,M4,Reinhard,Left,M4,Reinhard
T002405,N03,Student,Visual Harmony,IMG20260430104410,M1,M4,Right,M4,M1
T002406,N03,Student,Style Authenticity,IMG20260430103113,M0,M1,Left,M0,M1
T002407,N03,Student,Style Authenticity,IMG20260430104410,M1,Reinhard,Left,M1,Reinhard
T002408,N03,Student,Visual Harmony,IMG20260430104352,M0,DDColor,Right,DDColor,M0
T002409,N03,Student,Style Authenticity,IMG20260430104352,Reinhard,M4,Left,Reinhard,M4
T002410,N03,Student,Style Authenticity,IMG20260430104410,M4,M1,Right,M1,M4
T002411,N03,Student,Style Authenticity,IMG20260430103113,M4,M0,Left,M4,M0
T002412,N03,Student,Visual Harmony,IMG20260430104352,M4,DDColor,Left,M4,DDColor
T002413,N03,Student,Visual Harmony,IMG20260430103435,M4,Reinhard,Left,M4,Reinhard
T002414,N03,Student,Style Authenticity,IMG20260430103435,M4,Reinhard,Left,M4,Reinhard
T002415,N03,Student,Visual Harmony,IMG20260430103435,M1,Reinhard,Right,Reinhard,M1
T002416,N03,Student,Style Authenticity,IMG20260430103043,DDColor,M4,Right,M4,DDColor
T002417,N03,Student,Visual Harmony,IMG20260430110350,Reinhard,M1,Left,Reinhard,M1
T002418,N03,Student,Style Authenticity,IMG20260430103656,M1,DDColor,Right,DDColor,M1
T002419,N03,Student,Visual Harmony,IMG20260430104410,DDColor,M1,Right,M1,DDColor
T002420,N03,Student,Visual Harmony,IMG20260430104352,M1,M0,Right,M0,M1
T002421,N03,Student,Style Authenticity,IMG20260430110350,M0,Reinhard,Left,M0,Reinhard
T002422,N03,Student,Style Authenticity,IMG20260430103043,M4,M1,Left,M4,M1
T002423,N03,Student,Visual Harmony,IMG20260430103043,DDColor,Reinhard,Left,DDColor,Reinhard
T002424,N03,Student,Style Authenticity,IMG20260430103755,M1,M0,Right,M0,M1
T002425,N03,Student,Style Authenticity,IMG20260430104113,M1,DDColor,Left,M1,DDColor
T002426,N03,Student,Style Authenticity,IMG20260430104410,M4,M0,Left,M4,M0
T002427,N03,Student,Style Authenticity,IMG20260430103755,DDColor,M1,Right,M1,DDColor
T002428,N03,Student,Visual Harmony,IMG20260430104348,M4,DDColor,Left,M4,DDColor
T002429,N03,Student,Style Authenticity,IMG20260430102902,M4,M0,Right,M0,M4
T002430,N03,Student,Style Authenticity,IMG20260430102902,Reinhard,M0,Left,Reinhard,M0
T002431,N03,Student,Style Authenticity,IMG20260430104348,DDColor,M4,Right,M4,DDColor
T002432,N03,Student,Style Authenticity,IMG20260430104352,M4,M0,Left,M4,M0
T002433,N03,Student,Style Authenticity,IMG20260430104348,Reinhard,M0,Right,M0,Reinhard
T002434,N03,Student,Style Authenticity,IMG20260430102902,M4,DDColor,Left,M4,DDColor
T002435,N03,Student,Style Authenticity,IMG20260430104113,Reinhard,M0,Right,M0,Reinhard
T002436,N03,Student,Style Authenticity,IMG20260430103435,M0,M1,Right,M1,M0
T002437,N03,Student,Style Authenticity,IMG20260430104352,M1,M0,Right,M0,M1
T002438,N03,Student,Visual Harmony,IMG20260430104113,Reinhard,M4,Right,M4,Reinhard
T002439,N03,Student,Visual Harmony,IMG20260430104348,Reinhard,M4,Right,M4,Reinhard
T002440,N03,Student,Style Authenticity,IMG20260430102920,DDColor,M4,Left,DDColor,M4
T002441,N03,Student,Visual Harmony,IMG20260430104410,M0,M4,Right,M4,M0
T002442,N03,Student,Visual Harmony,IMG20260430104348,DDColor,Reinhard,Right,Reinhard,DDColor
T002443,N03,Student,Visual Harmony,IMG20260430104410,M4,Reinhard,Left,M4,Reinhard
T002444,N03,Student,Style Authenticity,IMG20260430103656,M0,DDColor,Left,M0,DDColor
T002445,N03,Student,Visual Harmony,IMG20260430103113,M1,Reinhard,Left,M1,Reinhard
T002446,N03,Student,Style Authenticity,IMG20260430102920,M4,M1,Left,M4,M1
T002447,N03,Student,Visual Harmony,IMG20260430103043,M0,M4,Right,M4,M0
T002448,N03,Student,Visual Harmony,IMG20260430104410,Reinhard,M1,Right,M1,Reinhard
T002449,N03,Student,Style Authenticity,IMG20260430103113,DDColor,M1,Right,M1,DDColor
T002450,N03,Student,Style Authenticity,IMG20260430102920,M0,DDColor,Left,M0,DDColor
T002451,N03,Student,Visual Harmony,IMG20260430104348,Reinhard,M1,Right,M1,Reinhard
T002452,N03,Student,Visual Harmony,IMG20260430103435,M4,DDColor,Left,M4,DDColor
T002453,N03,Student,Visual Harmony,IMG20260430103755,DDColor,M1,Right,M1,DDColor
T002454,N03,Student,Style Authenticity,IMG20260430104410,M0,M1,Right,M1,M0
T002455,N03,Student,Visual Harmony,IMG20260430104410,M0,M1,Left,M0,M1
T002456,N03,Student,Style Authenticity,IMG20260430104348,DDColor,M1,Left,DDColor,M1
T002457,N03,Student,Style Authenticity,IMG20260430102902,M4,M1,Left,M4,M1
T002458,N03,Student,Style Authenticity,IMG20260430103113,DDColor,M4,Right,M4,DDColor
T002459,N03,Student,Style Authenticity,IMG20260430104113,Reinhard,M4,Right,M4,Reinhard
T002460,N03,Student,Visual Harmony,IMG20260430103656,M4,DDColor,Left,M4,DDColor
T002461,N03,Student,Style Authenticity,IMG20260430104113,M1,Reinhard,Right,Reinhard,M1
T002462,N03,Student,Visual Harmony,IMG20260430104410,DDColor,M0,Left,DDColor,M0
T002463,N03,Student,Style Authenticity,IMG20260430102902,M0,M1,Left,M0,M1
T002464,N03,Student,Style Authenticity,IMG20260430104352,Reinhard,M0,Right,M0,Reinhard
T002465,N03,Student,Visual Harmony,IMG20260430104352,DDColor,Reinhard,Left,DDColor,Reinhard
T002466,N03,Student,Visual Harmony,IMG20260430104352,M1,Reinhard,Left,M1,Reinhard
T002467,N03,Student,Style Authenticity,IMG20260430103113,DDColor,M0,Right,M0,DDColor
T002468,N03,Student,Style Authenticity,IMG20260430103435,M4,DDColor,Left,M4,DDColor
T002469,N03,Student,Visual Harmony,IMG20260430104113,M0,DDColor,Left,M0,DDColor
T002470,N03,Student,Style Authenticity,IMG20260430103043,M0,M1,Right,M1,M0
T002471,N03,Student,Style Authenticity,IMG20260430103755,DDColor,Reinhard,Left,DDColor,Reinhard
T002472,N03,Student,Visual Harmony,IMG20260430104352,M4,M1,Left,M4,M1
T002473,N03,Student,Style Authenticity,IMG20260430110350,M0,DDColor,Left,M0,DDColor
T002474,N03,Student,Visual Harmony,IMG20260430104113,Reinhard,DDColor,Left,Reinhard,DDColor
T002475,N03,Student,Style Authenticity,IMG20260430104410,M0,Reinhard,Left,M0,Reinhard
T002476,N03,Student,Visual Harmony,IMG20260430104352,M0,Reinhard,Right,Reinhard,M0
T002477,N03,Student,Style Authenticity,IMG20260430104352,M4,M1,Left,M4,M1
T002478,N03,Student,Visual Harmony,IMG20260430104348,M0,DDColor,Right,DDColor,M0
T002479,N03,Student,Style Authenticity,IMG20260430103435,DDColor,M1,Right,M1,DDColor
T002480,N03,Student,Visual Harmony,IMG20260430110350,M0,M1,Left,M0,M1
T002481,N03,Student,Visual Harmony,IMG20260430104348,M1,DDColor,Right,DDColor,M1
T002482,N03,Student,Visual Harmony,IMG20260430103043,DDColor,M0,Right,M0,DDColor
T002483,N03,Student,Style Authenticity,IMG20260430104113,DDColor,Reinhard,Left,DDColor,Reinhard
T002484,N03,Student,Visual Harmony,IMG20260430103435,M4,M1,Left,M4,M1
T002485,N03,Student,Style Authenticity,IMG20260430110350,Reinhard,M4,Right,M4,Reinhard
T002486,N03,Student,Style Authenticity,IMG20260430104113,M0,M1,Left,M0,M1
T002487,N03,Student,Style Authenticity,IMG20260430103656,DDColor,Reinhard,Left,DDColor,Reinhard
T002488,N03,Student,Style Authenticity,IMG20260430104348,DDColor,M0,Right,M0,DDColor
T002489,N03,Student,Visual Harmony,IMG20260430103113,DDColor,Reinhard,Left,DDColor,Reinhard
T002490,N03,Student,Visual Harmony,IMG20260430102902,M1,DDColor,Right,DDColor,M1
T002491,N03,Student,Style Authenticity,IMG20260430103043,DDColor,M1,Right,M1,DDColor
T002492,N03,Student,Style Authenticity,IMG20260430104348,DDColor,Reinhard,Left,DDColor,Reinhard
T002493,N03,Student,Style Authenticity,IMG20260430104348,M4,M1,Left,M4,M1
T002494,N03,Student,Visual Harmony,IMG20260430102920,M4,Reinhard,Left,M4,Reinhard
T002495,N03,Student,Visual Harmony,IMG20260430102902,M4,DDColor,Left,M4,DDColor
T002496,N03,Student,Visual Harmony,IMG20260430102920,M0,M4,Right,M4,M0
T002497,N03,Student,Visual Harmony,IMG20260430103043,M1,M0,Left,M1,M0
T002498,N03,Student,Style Authenticity,IMG20260430104352,DDColor,M0,Right,M0,DDColor
T002499,N03,Student,Style Authenticity,IMG20260430103656,M4,M1,Left,M4,M1
T002500,N03,Student,Style Authenticity,IMG20260430103656,Reinhard,M4,Left,Reinhard,M4
T002501,N03,Student,Style Authenticity,IMG20260430103043,Reinhard,DDColor,Right,DDColor,Reinhard
T002502,N03,Student,Style Authenticity,IMG20260430110350,M0,M1,Left,M0,M1
T002503,N03,Student,Visual Harmony,IMG20260430103656,M1,Reinhard,Right,Reinhard,M1
T002504,N03,Student,Visual Harmony,IMG20260430103755,DDColor,Reinhard,Left,DDColor,Reinhard
T002505,N03,Student,Visual Harmony,IMG20260430104348,M1,M4,Right,M4,M1
T002506,N03,Student,Style Authenticity,IMG20260430110350,M0,M4,Left,M0,M4
T002507,N03,Student,Visual Harmony,IMG20260430103113,DDColor,M4,Right,M4,DDColor
T002508,N03,Student,Visual Harmony,IMG20260430104410,DDColor,Reinhard,Left,DDColor,Reinhard
T002509,N03,Student,Style Authenticity,IMG20260430104348,M1,M0,Left,M1,M0
T002510,N03,Student,Visual Harmony,IMG20260430103755,M1,M4,Right,M4,M1
T002511,N03,Student,Visual Harmony,IMG20260430103043,M4,Reinhard,Right,Reinhard,M4
T002512,N03,Student,Style Authenticity,IMG20260430103656,M0,Reinhard,Left,M0,Reinhard
T002513,N03,Student,Style Authenticity,IMG20260430103755,DDColor,M0,Right,M0,DDColor
T002514,N03,Student,Visual Harmony,IMG20260430104113,M0,M4,Right,M4,M0
T002515,N03,Student,Style Authenticity,IMG20260430103656,M4,DDColor,Left,M4,DDColor
T002516,N03,Student,Visual Harmony,IMG20260430110350,M0,Reinhard,Left,M0,Reinhard
T002517,N03,Student,Style Authenticity,IMG20260430103043,M4,Reinhard,Left,M4,Reinhard
T002518,N03,Student,Visual Harmony,IMG20260430103755,M4,Reinhard,Left,M4,Reinhard
T002519,N03,Student,Visual Harmony,IMG20260430103113,M1,M0,Right,M0,M1
T002520,N03,Student,Style Authenticity,IMG20260430102920,M1,Reinhard,Left,M1,Reinhard
T002521,N03,Student,Visual Harmony,IMG20260430104348,Reinhard,M0,Right,M0,Reinhard
T002522,N03,Student,Visual Harmony,IMG20260430110350,M4,M1,Left,M4,M1
T002523,N03,Student,Style Authenticity,IMG20260430103043,M0,Reinhard,Left,M0,Reinhard
T002524,N03,Student,Visual Harmony,IMG20260430102902,M0,M1,Right,M1,M0
T002525,N03,Student,Style Authenticity,IMG20260430104113,M0,M4,Right,M4,M0
T002526,N03,Student,Style Authenticity,IMG20260430102920,M4,M0,Left,M4,M0
T002527,N03,Student,Style Authenticity,IMG20260430102920,Reinhard,DDColor,Right,DDColor,Reinhard
T002528,N03,Student,Style Authenticity,IMG20260430103435,M0,Reinhard,Right,Reinhard,M0
T002529,N03,Student,Visual Harmony,IMG20260430104113,M1,Reinhard,Left,M1,Reinhard
T002530,N03,Student,Style Authenticity,IMG20260430104113,M4,M1,Left,M4,M1
T002531,N03,Student,Visual Harmony,IMG20260430104348,M0,M4,Right,M4,M0
T002532,N03,Student,Visual Harmony,IMG20260430102920,DDColor,M4,Right,M4,DDColor
T002533,N03,Student,Style Authenticity,IMG20260430102902,Reinhard,M4,Right,M4,Reinhard
T002534,N03,Student,Style Authenticity,IMG20260430103656,Reinhard,M1,Left,Reinhard,M1
T002535,N03,Student,Visual Harmony,IMG20260430104410,Reinhard,M0,Left,Reinhard,M0
T002536,N03,Student,Visual Harmony,IMG20260430104113,M0,M1,Left,M0,M1
T002537,N03,Student,Visual Harmony,IMG20260430103113,DDColor,M1,Right,M1,DDColor
T002538,N03,Student,Visual Harmony,IMG20260430103043,M4,M1,Right,M1,M4
T002539,N03,Student,Style Authenticity,IMG20260430104410,DDColor,Reinhard,Left,DDColor,Reinhard
T002540,N03,Student,Visual Harmony,IMG20260430104352,M0,M4,Right,M4,M0
T002541,N03,Student,Style Authenticity,IMG20260430102902,Reinhard,M1,Right,M1,Reinhard
T002542,N03,Student,Visual Harmony,IMG20260430103656,Reinhard,M0,Right,M0,Reinhard
T002543,N03,Student,Style Authenticity,IMG20260430104410,DDColor,M0,Right,M0,DDColor
T002544,N03,Student,Style Authenticity,IMG20260430102902,Reinhard,DDColor,Left,Reinhard,DDColor
T002545,N03,Student,Style Authenticity,IMG20260430103755,M4,M0,Right,M0,M4
T002546,N03,Student,Visual Harmony,IMG20260430103113,M0,M4,Left,M0,M4
T002547,N03,Student,Visual Harmony,IMG20260430102920,Reinhard,M0,Left,Reinhard,M0
T002548,N03,Student,Visual Harmony,IMG20260430103113,DDColor,M0,Right,M0,DDColor
T002549,N03,Student,Style Authenticity,IMG20260430104410,M1,DDColor,Right,DDColor,M1
T002550,N03,Student,Visual Harmony,IMG20260430102920,M1,DDColor,Right,DDColor,M1
T002551,N03,Student,Style Authenticity,IMG20260430103043,M0,DDColor,Left,M0,DDColor
T002552,N03,Student,Visual Harmony,IMG20260430103755,M4,DDColor,Left,M4,DDColor
T002553,N03,Student,Visual Harmony,IMG20260430102920,DDColor,M0,Left,DDColor,M0
T002554,N03,Student,Visual Harmony,IMG20260430102920,M4,M1,Left,M4,M1
T002555,N03,Student,Visual Harmony,IMG20260430103656,M4,M1,Left,M4,M1
T002556,N03,Student,Visual Harmony,IMG20260430103755,M0,M4,Right,M4,M0
T002557,N03,Student,Visual Harmony,IMG20260430103435,Reinhard,DDColor,Right,DDColor,Reinhard
T002558,N03,Student,Visual Harmony,IMG20260430103755,M1,Reinhard,Left,M1,Reinhard
T002559,N03,Student,Style Authenticity,IMG20260430102902,M1,DDColor,Right,DDColor,M1
T002560,N03,Student,Style Authenticity,IMG20260430103755,Reinhard,M0,Left,Reinhard,M0
T002561,N03,Student,Style Authenticity,IMG20260430110350,M1,Reinhard,Right,Reinhard,M1
T002562,N03,Student,Visual Harmony,IMG20260430104352,DDColor,M1,Right,M1,DDColor
T002563,N03,Student,Visual Harmony,IMG20260430103113,M4,M1,Right,M1,M4
T002564,N03,Student,Style Authenticity,IMG20260430104348,Reinhard,M1,Right,M1,Reinhard
T002565,N03,Student,Visual Harmony,IMG20260430103656,M0,DDColor,Right,DDColor,M0
T002566,N03,Student,Visual Harmony,IMG20260430110350,M4,M0,Left,M4,M0
T002567,N03,Student,Visual Harmony,IMG20260430110350,Reinhard,M4,Right,M4,Reinhard
T002568,N03,Student,Visual Harmony,IMG20260430103435,DDColor,M1,Left,DDColor,M1
T002569,N03,Student,Visual Harmony,IMG20260430110350,M1,DDColor,Right,DDColor,M1
T002570,N03,Student,Visual Harmony,IMG20260430102920,Reinhard,M1,Left,Reinhard,M1
T002571,N03,Student,Visual Harmony,IMG20260430103113,Reinhard,M0,Right,M0,Reinhard
T002572,N03,Student,Visual Harmony,IMG20260430103043,M4,DDColor,Left,M4,DDColor
T002573,N03,Student,Visual Harmony,IMG20260430103755,Reinhard,M0,Right,M0,Reinhard
T002574,N03,Student,Style Authenticity,IMG20260430103435,Reinhard,DDColor,Left,Reinhard,DDColor
T002575,N03,Student,Visual Harmony,IMG20260430104113,M4,DDColor,Left,M4,DDColor
T002576,N03,Student,Visual Harmony,IMG20260430102902,M1,M4,Right,M4,M1
T002577,N03,Student,Visual Harmony,IMG20260430102902,M0,M4,Right,M4,M0
T002578,N03,Student,Style Authenticity,IMG20260430104410,Reinhard,M4,Right,M4,Reinhard
T002579,N03,Student,Style Authenticity,IMG20260430103755,M1,M4,Left,M1,M4
T002580,N03,Student,Style Authenticity,IMG20260430104352,Reinhard,M1,Right,M1,Reinhard
T002581,N03,Student,Visual Harmony,IMG20260430103755,M0,M1,Right,M1,M0
T002582,N03,Student,Visual Harmony,IMG20260430104113,M1,DDColor,Left,M1,DDColor
T002583,N03,Student,Visual Harmony,IMG20260430103043,Reinhard,M0,Left,Reinhard,M0
T002584,N03,Student,Visual Harmony,IMG20260430103435,Reinhard,M0,Left,Reinhard,M0
T002585,N03,Student,Style Authenticity,IMG20260430104352,M1,DDColor,Right,DDColor,M1
T002586,N03,Student,Visual Harmony,IMG20260430102902,DDColor,M0,Left,DDColor,M0
T002587,N03,Student,Style Authenticity,IMG20260430110350,M4,DDColor,Left,M4,DDColor
T002588,N03,Student,Style Authenticity,IMG20260430110350,M4,M1,Left,M4,M1
T002589,N03,Student,Visual Harmony,IMG20260430102902,Reinhard,M0,Right,M0,Reinhard
T002590,N03,Student,Visual Harmony,IMG20260430110350,DDColor,M4,Left,DDColor,M4
T002591,N03,Student,Visual Harmony,IMG20260430104113,M1,M4,Right,M4,M1
T002592,N03,Student,Style Authenticity,IMG20260430102920,M4,Reinhard,Left,M4,Reinhard
T002593,N03,Student,Visual Harmony,IMG20260430104410,M4,DDColor,Left,M4,DDColor
T002594,N03,Student,Style Authenticity,IMG20260430103755,M1,Reinhard,Left,M1,Reinhard
T002595,N03,Student,Style Authenticity,IMG20260430103113,Reinhard,M1,Right,M1,Reinhard
T002596,N03,Student,Visual Harmony,IMG20260430103435,M0,M1,Right,M1,M0
T002597,N03,Student,Visual Harmony,IMG20260430103043,M1,Reinhard,Right,Reinhard,M1
T002598,N03,Student,Visual Harmony,IMG20260430103435,M4,M0,Right,M0,M4
T002599,N03,Student,Visual Harmony,IMG20260430104113,Reinhard,M0,Right,M0,Reinhard
T002600,N03,Student,Style Authenticity,IMG20260430104410,DDColor,M4,Right,M4,DDColor
T002601,N03,Student,Style Authenticity,IMG20260430103113,Reinhard,M4,Right,M4,Reinhard
T002602,N03,Student,Style Authenticity,IMG20260430103755,Reinhard,M4,Right,M4,Reinhard
T002603,N03,Student,Visual Harmony,IMG20260430110350,Reinhard,DDColor,Right,DDColor,Reinhard
T002604,N03,Student,Style Authenticity,IMG20260430102920,Reinhard,M0,Left,Reinhard,M0
T002605,N03,Student,Visual Harmony,IMG20260430103656,M4,M0,Right,M0,M4
T002606,N03,Student,Style Authenticity,IMG20260430103435,M0,M4,Right,M4,M0
T002607,N03,Student,Style Authenticity,IMG20260430103435,Reinhard,M1,Right,M1,Reinhard
T002608,N03,Student,Style Authenticity,IMG20260430102902,DDColor,M0,Right,M0,DDColor
T002609,N03,Student,Visual Harmony,IMG20260430104348,M1,M0,Left,M1,M0
T002610,N03,Student,Visual Harmony,IMG20260430103656,M4,Reinhard,Left,M4,Reinhard
T002611,N03,Student,Style Authenticity,IMG20260430110350,DDColor,Reinhard,Right,Reinhard,DDColor
T002612,N03,Student,Visual Harmony,IMG20260430110350,M0,DDColor,Right,DDColor,M0
T002613,N03,Student,Style Authenticity,IMG20260430104348,M4,Reinhard,Left,M4,Reinhard
T002614,N03,Student,Visual Harmony,IMG20260430102902,Reinhard,DDColor,Left,Reinhard,DDColor
T002615,N03,Student,Style Authenticity,IMG20260430103043,M1,Reinhard,Right,Reinhard,M1
T002616,N03,Student,Style Authenticity,IMG20260430103656,M1,M0,Left,M1,M0
T002617,N03,Student,Style Authenticity,IMG20260430102920,DDColor,M1,Left,DDColor,M1
T002618,N03,Student,Style Authenticity,IMG20260430104113,DDColor,M0,Left,DDColor,M0
T002619,N03,Student,Visual Harmony,IMG20260430103755,M0,DDColor,Right,DDColor,M0
T002620,N03,Student,Visual Harmony,IMG20260430103113,Reinhard,M4,Right,M4,Reinhard
T002621,N03,Student,Visual Harmony,IMG20260430104352,M4,Reinhard,Left,M4,Reinhard
T002622,N03,Student,Style Authenticity,IMG20260430103755,M4,DDColor,Left,M4,DDColor
T002623,N03,Student,Style Authenticity,IMG20260430110350,DDColor,M1,Left,DDColor,M1
T002624,N03,Student,Visual Harmony,IMG20260430103656,DDColor,M1,Right,M1,DDColor
T002625,N03,Student,Style Authenticity,IMG20260430104348,M0,M4,Right,M4,M0
T002626,N03,Student,Style Authenticity,IMG20260430103656,M0,M4,Right,M4,M0
T002627,N03,Student,Visual Harmony,IMG20260430102902,Reinhard,M1,Right,M1,Reinhard
T002628,N03,Student,Style Authenticity,IMG20260430103435,DDColor,M0,Right,M0,DDColor
T002629,N03,Student,Style Authenticity,IMG20260430103043,M4,M0,Left,M4,M0
T002630,N03,Student,Visual Harmony,IMG20260430103656,M0,M1,Left,M0,M1
T002631,N03,Student,Visual Harmony,IMG20260430103435,DDColor,M0,Right,M0,DDColor
T002632,N03,Student,Visual Harmony,IMG20260430103656,Reinhard,DDColor,Right,DDColor,Reinhard
T002633,N03,Student,Style Authenticity,IMG20260430104352,Reinhard,DDColor,Left,Reinhard,DDColor
T002634,N03,Student,Style Authenticity,IMG20260430103113,M1,M4,Right,M4,M1
T002635,N03,Student,Visual Harmony,IMG20260430102920,DDColor,Reinhard,Left,DDColor,Reinhard
T002636,N03,Student,Style Authenticity,IMG20260430103113,M0,Reinhard,Left,M0,Reinhard
T002637,N03,Student,Style Authenticity,IMG20260430104113,M4,DDColor,Right,DDColor,M4
T002638,N03,Student,Style Authenticity,IMG20260430102920,M0,M1,Right,M1,M0
T002639,N03,Student,Style Authenticity,IMG20260430103435,M4,M1,Left,M4,M1
T002640,N03,Student,Visual Harmony,IMG20260430102920,M0,M1,Left,M0,M1
T002641,N04,Student,Visual Harmony,IMG20260430103113,DDColor,M0,Right,M0,DDColor
T002642,N04,Student,Style Authenticity,IMG20260430104410,M0,M1,Left,M0,M1
T002643,N04,Student,Visual Harmony,IMG20260430104113,M0,Reinhard,Left,M0,Reinhard
T002644,N04,Student,Style Authenticity,IMG20260430103435,DDColor,M1,Right,M1,DDColor
T002645,N04,Student,Style Authenticity,IMG20260430103656,M0,M4,Right,M4,M0
T002646,N04,Student,Style Authenticity,IMG20260430104348,M4,Reinhard,Left,M4,Reinhard
T002647,N04,Student,Visual Harmony,IMG20260430103755,M1,M4,Right,M4,M1
T002648,N04,Student,Style Authenticity,IMG20260430104352,Reinhard,M0,Left,Reinhard,M0
T002649,N04,Student,Style Authenticity,IMG20260430104113,M4,DDColor,Left,M4,DDColor
T002650,N04,Student,Style Authenticity,IMG20260430103656,M0,M1,Right,M1,M0
T002651,N04,Student,Visual Harmony,IMG20260430110350,DDColor,M1,Left,DDColor,M1
T002652,N04,Student,Style Authenticity,IMG20260430103435,M0,Reinhard,Left,M0,Reinhard
T002653,N04,Student,Style Authenticity,IMG20260430104352,DDColor,M1,Left,DDColor,M1
T002654,N04,Student,Visual Harmony,IMG20260430103113,Reinhard,M4,Right,M4,Reinhard
T002655,N04,Student,Visual Harmony,IMG20260430103755,M0,Reinhard,Left,M0,Reinhard
T002656,N04,Student,Visual Harmony,IMG20260430103113,DDColor,M4,Right,M4,DDColor
T002657,N04,Student,Style Authenticity,IMG20260430104410,M4,M0,Right,M0,M4
T002658,N04,Student,Style Authenticity,IMG20260430103043,M4,M0,Right,M0,M4
T002659,N04,Student,Visual Harmony,IMG20260430104113,M1,M0,Right,M0,M1
T002660,N04,Student,Style Authenticity,IMG20260430104348,Reinhard,M1,Right,M1,Reinhard
T002661,N04,Student,Style Authenticity,IMG20260430103435,M0,M1,Left,M0,M1
T002662,N04,Student,Visual Harmony,IMG20260430110350,Reinhard,M4,Left,Reinhard,M4
T002663,N04,Student,Style Authenticity,IMG20260430102902,M0,M1,Left,M0,M1
T002664,N04,Student,Visual Harmony,IMG20260430104410,M1,Reinhard,Left,M1,Reinhard
T002665,N04,Student,Style Authenticity,IMG20260430103656,M4,M1,Left,M4,M1
T002666,N04,Student,Visual Harmony,IMG20260430110350,DDColor,M4,Right,M4,DDColor
T002667,N04,Student,Style Authenticity,IMG20260430103755,M0,M1,Left,M0,M1
T002668,N04,Student,Visual Harmony,IMG20260430103113,DDColor,Reinhard,Right,Reinhard,DDColor
T002669,N04,Student,Visual Harmony,IMG20260430103656,M1,M4,Right,M4,M1
T002670,N04,Student,Style Authenticity,IMG20260430104348,M4,M1,Left,M4,M1
T002671,N04,Student,Visual Harmony,IMG20260430104410,Reinhard,M4,Right,M4,Reinhard
T002672,N04,Student,Visual Harmony,IMG20260430103755,M0,M1,Right,M1,M0
T002673,N04,Student,Style Authenticity,IMG20260430104352,M4,M1,Left,M4,M1
T002674,N04,Student,Style Authenticity,IMG20260430103043,M0,Reinhard,Left,M0,Reinhard
T002675,N04,Student,Visual Harmony,IMG20260430103043,M4,Reinhard,Left,M4,Reinhard
T002676,N04,Student,Visual Harmony,IMG20260430103043,Reinhard,M1,Left,Reinhard,M1
T002677,N04,Student,Visual Harmony,IMG20260430104352,M4,M0,Right,M0,M4
T002678,N04,Student,Style Authenticity,IMG20260430104348,M4,M0,Left,M4,M0
T002679,N04,Student,Style Authenticity,IMG20260430110350,M0,M4,Right,M4,M0
T002680,N04,Student,Style Authenticity,IMG20260430103043,DDColor,M4,Left,DDColor,M4
T002681,N04,Student,Style Authenticity,IMG20260430103043,DDColor,M0,Right,M0,DDColor
T002682,N04,Student,Style Authenticity,IMG20260430102902,Reinhard,M1,Right,M1,Reinhard
T002683,N04,Student,Visual Harmony,IMG20260430103755,Reinhard,M4,Right,M4,Reinhard
T002684,N04,Student,Style Authenticity,IMG20260430103656,Reinhard,M0,Right,M0,Reinhard
T002685,N04,Student,Style Authenticity,IMG20260430102920,M0,DDColor,Left,M0,DDColor
T002686,N04,Student,Visual Harmony,IMG20260430103435,DDColor,M1,Right,M1,DDColor
T002687,N04,Student,Style Authenticity,IMG20260430103755,DDColor,Reinhard,Left,DDColor,Reinhard
T002688,N04,Student,Visual Harmony,IMG20260430104113,M4,DDColor,Left,M4,DDColor
T002689,N04,Student,Visual Harmony,IMG20260430104410,DDColor,M0,Left,DDColor,M0
T002690,N04,Student,Visual Harmony,IMG20260430110350,M4,M1,Left,M4,M1
T002691,N04,Student,Visual Harmony,IMG20260430104348,M1,Reinhard,Left,M1,Reinhard
T002692,N04,Student,Style Authenticity,IMG20260430103113,M0,M4,Right,M4,M0
T002693,N04,Student,Style Authenticity,IMG20260430104113,Reinhard,M4,Right,M4,Reinhard
T002694,N04,Student,Visual Harmony,IMG20260430102920,M4,M1,Left,M4,M1
T002695,N04,Student,Style Authenticity,IMG20260430103043,M1,DDColor,Left,M1,DDColor
T002696,N04,Student,Style Authenticity,IMG20260430110350,Reinhard,M4,Left,Reinhard,M4
T002697,N04,Student,Style Authenticity,IMG20260430103113,M1,Reinhard,Right,Reinhard,M1
T002698,N04,Student,Visual Harmony,IMG20260430103043,M1,M0,Right,M0,M1
T002699,N04,Student,Visual Harmony,IMG20260430110350,M0,M4,Right,M4,M0
T002700,N04,Student,Visual Harmony,IMG20260430104113,M1,Reinhard,Left,M1,Reinhard
T002701,N04,Student,Visual Harmony,IMG20260430103113,Reinhard,M0,Right,M0,Reinhard
T002702,N04,Student,Visual Harmony,IMG20260430103656,M0,Reinhard,Left,M0,Reinhard
T002703,N04,Student,Style Authenticity,IMG20260430102902,DDColor,M1,Right,M1,DDColor
T002704,N04,Student,Visual Harmony,IMG20260430104348,Reinhard,M4,Left,Reinhard,M4
T002705,N04,Student,Style Authenticity,IMG20260430102920,M4,M0,Right,M0,M4
T002706,N04,Student,Visual Harmony,IMG20260430104348,M0,Reinhard,Left,M0,Reinhard
T002707,N04,Student,Visual Harmony,IMG20260430103656,M1,M0,Left,M1,M0
T002708,N04,Student,Style Authenticity,IMG20260430110350,DDColor,M4,Right,M4,DDColor
T002709,N04,Student,Style Authenticity,IMG20260430103435,M0,M4,Right,M4,M0
T002710,N04,Student,Visual Harmony,IMG20260430102902,Reinhard,M4,Right,M4,Reinhard
T002711,N04,Student,Visual Harmony,IMG20260430104113,M0,M4,Left,M0,M4
T002712,N04,Student,Visual Harmony,IMG20260430103755,M1,Reinhard,Left,M1,Reinhard
T002713,N04,Student,Style Authenticity,IMG20260430102902,M4,DDColor,Left,M4,DDColor
T002714,N04,Student,Style Authenticity,IMG20260430104348,Reinhard,DDColor,Right,DDColor,Reinhard
T002715,N04,Student,Style Authenticity,IMG20260430110350,Reinhard,M1,Right,M1,Reinhard
T002716,N04,Student,Visual Harmony,IMG20260430102920,M1,M0,Left,M1,M0
T002717,N04,Student,Style Authenticity,IMG20260430102902,Reinhard,M0,Right,M0,Reinhard
T002718,N04,Student,Style Authenticity,IMG20260430103656,DDColor,Reinhard,Left,DDColor,Reinhard
T002719,N04,Student,Visual Harmony,IMG20260430102902,M4,M0,Right,M0,M4
T002720,N04,Student,Style Authenticity,IMG20260430104113,Reinhard,M0,Right,M0,Reinhard
T002721,N04,Student,Visual Harmony,IMG20260430104113,M1,M4,Left,M1,M4
T002722,N04,Student,Visual Harmony,IMG20260430103113,M0,M4,Left,M0,M4
T002723,N04,Student,Visual Harmony,IMG20260430103435,M0,DDColor,Left,M0,DDColor
T002724,N04,Student,Style Authenticity,IMG20260430110350,M0,Reinhard,Left,M0,Reinhard
T002725,N04,Student,Visual Harmony,IMG20260430104410,M4,M1,Left,M4,M1
T002726,N04,Student,Visual Harmony,IMG20260430103755,DDColor,M1,Right,M1,DDColor
T002727,N04,Student,Style Authenticity,IMG20260430102902,M4,M1,Left,M4,M1
T002728,N04,Student,Style Authenticity,IMG20260430104348,M1,DDColor,Right,DDColor,M1
T002729,N04,Student,Style Authenticity,IMG20260430103435,Reinhard,DDColor,Left,Reinhard,DDColor
T002730,N04,Student,Style Authenticity,IMG20260430104113,M4,M1,Left,M4,M1
T002731,N04,Student,Visual Harmony,IMG20260430103435,Reinhard,M0,Right,M0,Reinhard
T002732,N04,Student,Style Authenticity,IMG20260430104113,M0,DDColor,Right,DDColor,M0
T002733,N04,Student,Style Authenticity,IMG20260430102920,M1,Reinhard,Left,M1,Reinhard
T002734,N04,Student,Style Authenticity,IMG20260430104410,DDColor,Reinhard,Left,DDColor,Reinhard
T002735,N04,Student,Style Authenticity,IMG20260430102920,Reinhard,DDColor,Left,Reinhard,DDColor
T002736,N04,Student,Visual Harmony,IMG20260430104352,M1,DDColor,Right,DDColor,M1
T002737,N04,Student,Visual Harmony,IMG20260430103113,DDColor,M1,Left,DDColor,M1
T002738,N04,Student,Visual Harmony,IMG20260430103656,M4,M0,Left,M4,M0
T002739,N04,Student,Visual Harmony,IMG20260430103755,M0,M4,Left,M0,M4
T002740,N04,Student,Style Authenticity,IMG20260430103755,M0,DDColor,Left,M0,DDColor
T002741,N04,Student,Visual Harmony,IMG20260430103755,DDColor,M4,Right,M4,DDColor
T002742,N04,Student,Visual Harmony,IMG20260430102902,M0,M1,Right,M1,M0
T002743,N04,Student,Visual Harmony,IMG20260430104348,M0,DDColor,Left,M0,DDColor
T002744,N04,Student,Visual Harmony,IMG20260430102920,Reinhard,M0,Left,Reinhard,M0
T002745,N04,Student,Style Authenticity,IMG20260430103755,DDColor,M1,Left,DDColor,M1
T002746,N04,Student,Style Authenticity,IMG20260430102902,Reinhard,M4,Right,M4,Reinhard
T002747,N04,Student,Visual Harmony,IMG20260430104352,M0,Reinhard,Left,M0,Reinhard
T002748,N04,Student,Style Authenticity,IMG20260430102920,Reinhard,M0,Right,M0,Reinhard
T002749,N04,Student,Visual Harmony,IMG20260430110350,Reinhard,M1,Right,M1,Reinhard
T002750,N04,Student,Style Authenticity,IMG20260430104410,M1,M4,Right,M4,M1
T002751,N04,Student,Visual Harmony,IMG20260430102920,M4,M0,Left,M4,M0
T002752,N04,Student,Style Authenticity,IMG20260430104352,M4,M0,Right,M0,M4
T002753,N04,Student,Visual Harmony,IMG20260430103113,M1,M4,Right,M4,M1
T002754,N04,Student,Style Authenticity,IMG20260430104113,M0,M1,Left,M0,M1
T002755,N04,Student,Style Authenticity,IMG20260430104352,DDColor,M4,Right,M4,DDColor
T002756,N04,Student,Visual Harmony,IMG20260430104348,M4,DDColor,Left,M4,DDColor
T002757,N04,Student,Style Authenticity,IMG20260430103755,M4,M0,Right,M0,M4
T002758,N04,Student,Style Authenticity,IMG20260430110350,M4,M1,Left,M4,M1
T002759,N04,Student,Visual Harmony,IMG20260430104410,M1,M0,Left,M1,M0
T002760,N04,Student,Style Authenticity,IMG20260430103113,M0,M1,Right,M1,M0
T002761,N04,Student,Visual Harmony,IMG20260430104348,M0,M1,Right,M1,M0
T002762,N04,Student,Visual Harmony,IMG20260430103043,DDColor,M0,Left,DDColor,M0
T002763,N04,Student,Style Authenticity,IMG20260430104348,DDColor,M0,Right,M0,DDColor
T002764,N04,Student,Style Authenticity,IMG20260430103113,DDColor,M0,Right,M0,DDColor
T002765,N04,Student,Style Authenticity,IMG20260430104352,Reinhard,M4,Right,M4,Reinhard
T002766,N04,Student,Visual Harmony,IMG20260430102920,DDColor,M1,Right,M1,DDColor
T002767,N04,Student,Visual Harmony,IMG20260430103043,DDColor,M4,Right,M4,DDColor
T002768,N04,Student,Visual Harmony,IMG20260430104352,DDColor,Reinhard,Left,DDColor,Reinhard
T002769,N04,Student,Visual Harmony,IMG20260430110350,M0,DDColor,Right,DDColor,M0
T002770,N04,Student,Style Authenticity,IMG20260430103755,DDColor,M4,Right,M4,DDColor
T002771,N04,Student,Visual Harmony,IMG20260430103656,DDColor,M4,Right,M4,DDColor
T002772,N04,Student,Visual Harmony,IMG20260430104348,DDColor,M1,Right,M1,DDColor
T002773,N04,Student,Visual Harmony,IMG20260430102920,M4,Reinhard,Left,M4,Reinhard
T002774,N04,Student,Style Authenticity,IMG20260430103656,DDColor,M4,Right,M4,DDColor
T002775,N04,Student,Style Authenticity,IMG20260430103043,DDColor,Reinhard,Left,DDColor,Reinhard
T002776,N04,Student,Visual Harmony,IMG20260430102920,M1,Reinhard,Right,Reinhard,M1
T002777,N04,Student,Visual Harmony,IMG20260430103435,M4,Reinhard,Right,Reinhard,M4
T002778,N04,Student,Style Authenticity,IMG20260430103113,Reinhard,M4,Right,M4,Reinhard
T002779,N04,Student,Style Authenticity,IMG20260430102902,M0,DDColor,Right,DDColor,M0
T002780,N04,Student,Visual Harmony,IMG20260430102902,DDColor,Reinhard,Left,DDColor,Reinhard
T002781,N04,Student,Visual Harmony,IMG20260430103656,DDColor,M1,Right,M1,DDColor
T002782,N04,Student,Style Authenticity,IMG20260430110350,Reinhard,DDColor,Right,DDColor,Reinhard
T002783,N04,Student,Visual Harmony,IMG20260430102902,M1,Reinhard,Right,Reinhard,M1
T002784,N04,Student,Visual Harmony,IMG20260430103435,M1,M4,Right,M4,M1
T002785,N04,Student,Style Authenticity,IMG20260430102920,M0,M1,Left,M0,M1
T002786,N04,Student,Visual Harmony,IMG20260430104348,DDColor,Reinhard,Right,Reinhard,DDColor
T002787,N04,Student,Visual Harmony,IMG20260430103435,DDColor,M4,Right,M4,DDColor
T002788,N04,Student,Visual Harmony,IMG20260430103435,Reinhard,M1,Right,M1,Reinhard
T002789,N04,Student,Style Authenticity,IMG20260430103043,M1,M4,Right,M4,M1
T002790,N04,Student,Style Authenticity,IMG20260430103656,M1,Reinhard,Right,Reinhard,M1
T002791,N04,Student,Visual Harmony,IMG20260430103435,M4,M0,Right,M0,M4
T002792,N04,Student,Style Authenticity,IMG20260430103755,M0,Reinhard,Left,M0,Reinhard
T002793,N04,Student,Style Authenticity,IMG20260430104410,M1,Reinhard,Right,Reinhard,M1
T002794,N04,Student,Style Authenticity,IMG20260430102920,Reinhard,M4,Right,M4,Reinhard
T002795,N04,Student,Visual Harmony,IMG20260430103435,Reinhard,DDColor,Left,Reinhard,DDColor
T002796,N04,Student,Visual Harmony,IMG20260430110350,M1,M0,Left,M1,M0
T002797,N04,Student,Visual Harmony,IMG20260430103656,DDColor,Reinhard,Left,DDColor,Reinhard
T002798,N04,Student,Style Authenticity,IMG20260430104113,M1,DDColor,Left,M1,DDColor
T002799,N04,Student,Visual Harmony,IMG20260430103043,Reinhard,DDColor,Right,DDColor,Reinhard
T002800,N04,Student,Style Authenticity,IMG20260430102902,M0,M4,Right,M4,M0
T002801,N04,Student,Visual Harmony,IMG20260430102920,M0,DDColor,Left,M0,DDColor
T002802,N04,Student,Style Authenticity,IMG20260430104348,M4,DDColor,Left,M4,DDColor
T002803,N04,Student,Style Authenticity,IMG20260430110350,DDColor,M1,Right,M1,DDColor
T002804,N04,Student,Style Authenticity,IMG20260430103755,M4,Reinhard,Left,M4,Reinhard
T002805,N04,Student,Visual Harmony,IMG20260430104352,M0,M1,Right,M1,M0
T002806,N04,Student,Style Authenticity,IMG20260430103435,M4,M1,Left,M4,M1
T002807,N04,Student,Style Authenticity,IMG20260430104113,M0,M4,Right,M4,M0
T002808,N04,Student,Visual Harmony,IMG20260430104352,M0,DDColor,Right,DDColor,M0
T002809,N04,Student,Style Authenticity,IMG20260430103043,M4,Reinhard,Right,Reinhard,M4
T002810,N04,Student,Visual Harmony,IMG20260430102902,M1,DDColor,Right,DDColor,M1
T002811,N04,Student,Style Authenticity,IMG20260430103113,M1,DDColor,Left,M1,DDColor
T002812,N04,Student,Style Authenticity,IMG20260430103656,M0,DDColor,Left,M0,DDColor
T002813,N04,Student,Visual Harmony,IMG20260430104352,DDColor,M4,Right,M4,DDColor
T002814,N04,Student,Visual Harmony,IMG20260430103043,M4,M0,Left,M4,M0
T002815,N04,Student,Style Authenticity,IMG20260430103113,M4,M1,Left,M4,M1
T002816,N04,Student,Visual Harmony,IMG20260430103656,M0,DDColor,Left,M0,DDColor
T002817,N04,Student,Style Authenticity,IMG20260430103113,Reinhard,DDColor,Right,DDColor,Reinhard
T002818,N04,Student,Visual Harmony,IMG20260430104348,M1,M4,Right,M4,M1
T002819,N04,Student,Visual Harmony,IMG20260430103656,M4,Reinhard,Right,Reinhard,M4
T002820,N04,Student,Style Authenticity,IMG20260430104352,Reinhard,DDColor,Right,DDColor,Reinhard
T002821,N04,Student,Visual Harmony,IMG20260430104352,M4,Reinhard,Right,Reinhard,M4
T002822,N04,Student,Visual Harmony,IMG20260430103656,Reinhard,M1,Right,M1,Reinhard
T002823,N04,Student,Style Authenticity,IMG20260430103656,M1,DDColor,Left,M1,DDColor
T002824,N04,Student,Visual Harmony,IMG20260430104410,DDColor,Reinhard,Right,Reinhard,DDColor
T002825,N04,Student,Style Authenticity,IMG20260430102920,DDColor,M4,Right,M4,DDColor
T002826,N04,Student,Style Authenticity,IMG20260430102902,Reinhard,DDColor,Left,Reinhard,DDColor
T002827,N04,Student,Visual Harmony,IMG20260430104113,M4,Reinhard,Left,M4,Reinhard
T002828,N04,Student,Style Authenticity,IMG20260430103113,Reinhard,M0,Right,M0,Reinhard
T002829,N04,Student,Visual Harmony,IMG20260430102902,Reinhard,M0,Right,M0,Reinhard
T002830,N04,Student,Visual Harmony,IMG20260430103043,M0,Reinhard,Left,M0,Reinhard
T002831,N04,Student,Visual Harmony,IMG20260430104352,M4,M1,Left,M4,M1
T002832,N04,Student,Visual Harmony,IMG20260430103043,M1,DDColor,Left,M1,DDColor
T002833,N04,Student,Visual Harmony,IMG20260430110350,Reinhard,M0,Right,M0,Reinhard
T002834,N04,Student,Visual Harmony,IMG20260430104113,Reinhard,DDColor,Right,DDColor,Reinhard
T002835,N04,Student,Style Authenticity,IMG20260430104348,M1,M0,Right,M0,M1
T002836,N04,Student,Visual Harmony,IMG20260430104348,M0,M4,Left,M0,M4
T002837,N04,Student,Visual Harmony,IMG20260430103113,Reinhard,M1,Right,M1,Reinhard
T002838,N04,Student,Style Authenticity,IMG20260430104113,DDColor,Reinhard,Right,Reinhard,DDColor
T002839,N04,Student,Visual Harmony,IMG20260430103755,M0,DDColor,Right,DDColor,M0
T002840,N04,Student,Style Authenticity,IMG20260430104410,M4,DDColor,Left,M4,DDColor
T002841,N04,Student,Style Authenticity,IMG20260430103435,M4,DDColor,Left,M4,DDColor
T002842,N04,Student,Style Authenticity,IMG20260430104352,M0,DDColor,Left,M0,DDColor
T002843,N04,Student,Visual Harmony,IMG20260430104410,M4,DDColor,Left,M4,DDColor
T002844,N04,Student,Style Authenticity,IMG20260430103113,M4,DDColor,Right,DDColor,M4
T002845,N04,Student,Visual Harmony,IMG20260430110350,Reinhard,DDColor,Right,DDColor,Reinhard
T002846,N04,Student,Style Authenticity,IMG20260430103755,Reinhard,M1,Left,Reinhard,M1
T002847,N04,Student,Visual Harmony,IMG20260430104410,M0,Reinhard,Left,M0,Reinhard
T002848,N04,Student,Style Authenticity,IMG20260430104410,Reinhard,M0,Left,Reinhard,M0
T002849,N04,Student,Visual Harmony,IMG20260430104113,M1,DDColor,Left,M1,DDColor
T002850,N04,Student,Style Authenticity,IMG20260430104352,M0,M1,Right,M1,M0
T002851,N04,Student,Style Authenticity,IMG20260430103755,M4,M1,Left,M4,M1
T002852,N04,Student,Visual Harmony,IMG20260430103755,Reinhard,DDColor,Right,DDColor,Reinhard
T002853,N04,Student,Style Authenticity,IMG20260430104410,M4,Reinhard,Right,Reinhard,M4
T002854,N04,Student,Visual Harmony,IMG20260430102902,M4,DDColor,Right,DDColor,M4
T002855,N04,Student,Style Authenticity,IMG20260430104410,DDColor,M0,Left,DDColor,M0
T002856,N04,Student,Visual Harmony,IMG20260430104352,Reinhard,M1,Right,M1,Reinhard
T002857,N04,Student,Style Authenticity,IMG20260430102920,M4,M1,Left,M4,M1
T002858,N04,Student,Style Authenticity,IMG20260430110350,M1,M0,Left,M1,M0
T002859,N04,Student,Style Authenticity,IMG20260430103043,M0,M1,Right,M1,M0
T002860,N04,Student,Visual Harmony,IMG20260430102902,M1,M4,Left,M1,M4
T002861,N04,Student,Visual Harmony,IMG20260430103435,M1,M0,Left,M1,M0
T002862,N04,Student,Style Authenticity,IMG20260430103043,Reinhard,M1,Right,M1,Reinhard
T002863,N04,Student,Visual Harmony,IMG20260430102902,M0,DDColor,Right,DDColor,M0
T002864,N04,Student,Visual Harmony,IMG20260430102920,DDColor,M4,Right,M4,DDColor
T002865,N04,Student,Style Authenticity,IMG20260430103435,M1,Reinhard,Left,M1,Reinhard
T002866,N04,Student,Visual Harmony,IMG20260430103043,M4,M1,Left,M4,M1
T002867,N04,Student,Visual Harmony,IMG20260430103113,M0,M1,Left,M0,M1
T002868,N04,Student,Visual Harmony,IMG20260430104410,M0,M4,Left,M0,M4
T002869,N04,Student,Style Authenticity,IMG20260430104113,Reinhard,M1,Left,Reinhard,M1
T002870,N04,Student,Style Authenticity,IMG20260430104410,M1,DDColor,Left,M1,DDColor
T002871,N04,Student,Style Authenticity,IMG20260430104352,M1,Reinhard,Right,Reinhard,M1
T002872,N04,Student,Visual Harmony,IMG20260430104410,DDColor,M1,Right,M1,DDColor
T002873,N04,Student,Visual Harmony,IMG20260430104113,DDColor,M0,Right,M0,DDColor
T002874,N04,Student,Style Authenticity,IMG20260430102920,M1,DDColor,Right,DDColor,M1
T002875,N04,Student,Style Authenticity,IMG20260430103435,Reinhard,M4,Right,M4,Reinhard
T002876,N04,Student,Style Authenticity,IMG20260430103435,M0,DDColor,Left,M0,DDColor
T002877,N04,Student,Visual Harmony,IMG20260430102920,DDColor,Reinhard,Left,DDColor,Reinhard
T002878,N04,Student,Style Authenticity,IMG20260430110350,DDColor,M0,Left,DDColor,M0
T002879,N04,Student,Style Authenticity,IMG20260430103656,M4,Reinhard,Left,M4,Reinhard
T002880,N04,Student,Style Authenticity,IMG20260430104348,M0,Reinhard,Left,M0,Reinhard
T002881,N05,Student,Style Authenticity,IMG20260430110350,DDColor,M4,Right,M4,DDColor
T002882,N05,Student,Style Authenticity,IMG20260430103113,DDColor,Reinhard,Left,DDColor,Reinhard
T002883,N05,Student,Visual Harmony,IMG20260430103113,M1,M4,Right,M4,M1
T002884,N05,Student,Style Authenticity,IMG20260430102920,M1,M4,Left,M1,M4
T002885,N05,Student,Style Authenticity,IMG20260430103043,M4,M1,Left,M4,M1
T002886,N05,Student,Style Authenticity,IMG20260430104113,M1,M0,Right,M0,M1
T002887,N05,Student,Visual Harmony,IMG20260430103755,M1,M0,Right,M0,M1
T002888,N05,Student,Style Authenticity,IMG20260430103755,DDColor,M1,Left,DDColor,M1
T002889,N05,Student,Visual Harmony,IMG20260430104348,Reinhard,M0,Right,M0,Reinhard
T002890,N05,Student,Style Authenticity,IMG20260430103755,Reinhard,M0,Right,M0,Reinhard
T002891,N05,Student,Visual Harmony,IMG20260430104352,Reinhard,M4,Right,M4,Reinhard
T002892,N05,Student,Style Authenticity,IMG20260430104348,M1,M4,Right,M4,M1
T002893,N05,Student,Visual Harmony,IMG20260430103755,M4,M1,Left,M4,M1
T002894,N05,Student,Visual Harmony,IMG20260430103656,M0,Reinhard,Right,Reinhard,M0
T002895,N05,Student,Style Authenticity,IMG20260430103755,DDColor,M4,Right,M4,DDColor
T002896,N05,Student,Visual Harmony,IMG20260430103656,M1,DDColor,Left,M1,DDColor
T002897,N05,Student,Style Authenticity,IMG20260430104113,Reinhard,DDColor,Right,DDColor,Reinhard
T002898,N05,Student,Visual Harmony,IMG20260430103435,M0,Reinhard,Left,M0,Reinhard
T002899,N05,Student,Visual Harmony,IMG20260430104352,M0,M4,Left,M0,M4
T002900,N05,Student,Visual Harmony,IMG20260430102902,M4,DDColor,Left,M4,DDColor
T002901,N05,Student,Visual Harmony,IMG20260430103113,Reinhard,M4,Right,M4,Reinhard
T002902,N05,Student,Style Authenticity,IMG20260430103113,DDColor,M1,Right,M1,DDColor
T002903,N05,Student,Visual Harmony,IMG20260430110350,M1,DDColor,Left,M1,DDColor
T002904,N05,Student,Style Authenticity,IMG20260430104113,M1,DDColor,Left,M1,DDColor
T002905,N05,Student,Style Authenticity,IMG20260430110350,M0,M4,Left,M0,M4
T002906,N05,Student,Visual Harmony,IMG20260430102902,DDColor,M1,Right,M1,DDColor
T002907,N05,Student,Style Authenticity,IMG20260430104410,Reinhard,M4,Left,Reinhard,M4
T002908,N05,Student,Visual Harmony,IMG20260430103113,Reinhard,M1,Right,M1,Reinhard
T002909,N05,Student,Style Authenticity,IMG20260430103435,M1,DDColor,Left,M1,DDColor
T002910,N05,Student,Visual Harmony,IMG20260430103435,DDColor,M1,Left,DDColor,M1
T002911,N05,Student,Style Authenticity,IMG20260430103435,Reinhard,M0,Right,M0,Reinhard
T002912,N05,Student,Style Authenticity,IMG20260430104348,M0,M4,Left,M0,M4
T002913,N05,Student,Visual Harmony,IMG20260430110350,Reinhard,DDColor,Left,Reinhard,DDColor
T002914,N05,Student,Visual Harmony,IMG20260430103113,DDColor,Reinhard,Left,DDColor,Reinhard
T002915,N05,Student,Style Authenticity,IMG20260430110350,Reinhard,M4,Right,M4,Reinhard
T002916,N05,Student,Style Authenticity,IMG20260430104352,M0,Reinhard,Left,M0,Reinhard
T002917,N05,Student,Style Authenticity,IMG20260430104410,M1,M4,Right,M4,M1
T002918,N05,Student,Visual Harmony,IMG20260430103043,M4,M0,Left,M4,M0
T002919,N05,Student,Visual Harmony,IMG20260430104352,M0,Reinhard,Right,Reinhard,M0
T002920,N05,Student,Visual Harmony,IMG20260430104352,DDColor,M1,Right,M1,DDColor
T002921,N05,Student,Visual Harmony,IMG20260430104113,M4,Reinhard,Left,M4,Reinhard
T002922,N05,Student,Visual Harmony,IMG20260430103043,M0,DDColor,Left,M0,DDColor
T002923,N05,Student,Style Authenticity,IMG20260430102920,Reinhard,M4,Right,M4,Reinhard
T002924,N05,Student,Style Authenticity,IMG20260430103435,DDColor,M4,Right,M4,DDColor
T002925,N05,Student,Visual Harmony,IMG20260430103043,M4,M1,Left,M4,M1
T002926,N05,Student,Visual Harmony,IMG20260430102920,M4,Reinhard,Left,M4,Reinhard
T002927,N05,Student,Visual Harmony,IMG20260430103656,M4,M1,Left,M4,M1
T002928,N05,Student,Visual Harmony,IMG20260430102920,M1,M0,Left,M1,M0
T002929,N05,Student,Style Authenticity,IMG20260430104410,M4,DDColor,Left,M4,DDColor
T002930,N05,Student,Style Authenticity,IMG20260430110350,M0,Reinhard,Left,M0,Reinhard
T002931,N05,Student,Style Authenticity,IMG20260430103755,DDColor,Reinhard,Right,Reinhard,DDColor
T002932,N05,Student,Style Authenticity,IMG20260430110350,Reinhard,M1,Right,M1,Reinhard
T002933,N05,Student,Style Authenticity,IMG20260430110350,M1,DDColor,Left,M1,DDColor
T002934,N05,Student,Style Authenticity,IMG20260430102920,M0,M1,Left,M0,M1
T002935,N05,Student,Style Authenticity,IMG20260430103755,M1,Reinhard,Left,M1,Reinhard
T002936,N05,Student,Style Authenticity,IMG20260430102902,M1,DDColor,Left,M1,DDColor
T002937,N05,Student,Visual Harmony,IMG20260430104113,M4,M0,Left,M4,M0
T002938,N05,Student,Style Authenticity,IMG20260430102902,M0,M4,Right,M4,M0
T002939,N05,Student,Style Authenticity,IMG20260430104352,Reinhard,M4,Right,M4,Reinhard
T002940,N05,Student,Visual Harmony,IMG20260430102920,M1,Reinhard,Left,M1,Reinhard
T002941,N05,Student,Visual Harmony,IMG20260430102920,M0,DDColor,Left,M0,DDColor
T002942,N05,Student,Visual Harmony,IMG20260430110350,Reinhard,M0,Right,M0,Reinhard
T002943,N05,Student,Style Authenticity,IMG20260430104348,M4,Reinhard,Left,M4,Reinhard
T002944,N05,Student,Visual Harmony,IMG20260430104348,M4,DDColor,Left,M4,DDColor
T002945,N05,Student,Style Authenticity,IMG20260430104113,M1,Reinhard,Right,Reinhard,M1
T002946,N05,Student,Style Authenticity,IMG20260430102920,DDColor,Reinhard,Right,Reinhard,DDColor
T002947,N05,Student,Visual Harmony,IMG20260430103656,M4,DDColor,Right,DDColor,M4
T002948,N05,Student,Visual Harmony,IMG20260430103113,DDColor,M1,Left,DDColor,M1
T002949,N05,Student,Visual Harmony,IMG20260430103043,M0,Reinhard,Right,Reinhard,M0
T002950,N05,Student,Visual Harmony,IMG20260430104410,M4,M0,Left,M4,M0
T002951,N05,Student,Style Authenticity,IMG20260430104348,DDColor,Reinhard,Left,DDColor,Reinhard
T002952,N05,Student,Visual Harmony,IMG20260430103113,M4,DDColor,Left,M4,DDColor
T002953,N05,Student,Visual Harmony,IMG20260430104410,Reinhard,M0,Right,M0,Reinhard
T002954,N05,Student,Visual Harmony,IMG20260430103043,M4,Reinhard,Right,Reinhard,M4
T002955,N05,Student,Visual Harmony,IMG20260430104352,M4,DDColor,Left,M4,DDColor
T002956,N05,Student,Style Authenticity,IMG20260430103043,M1,M0,Right,M0,M1
T002957,N05,Student,Visual Harmony,IMG20260430102902,DDColor,M0,Right,M0,DDColor
T002958,N05,Student,Visual Harmony,IMG20260430103435,DDColor,M4,Right,M4,DDColor
T002959,N05,Student,Style Authenticity,IMG20260430104113,M0,DDColor,Left,M0,DDColor
T002960,N05,Student,Style Authenticity,IMG20260430110350,M0,M1,Left,M0,M1
T002961,N05,Student,Style Authenticity,IMG20260430103656,M0,Reinhard,Left,M0,Reinhard
T002962,N05,Student,Style Authenticity,IMG20260430103113,M1,Reinhard,Left,M1,Reinhard
T002963,N05,Student,Visual Harmony,IMG20260430102920,M4,M1,Right,M1,M4
T002964,N05,Student,Style Authenticity,IMG20260430104113,Reinhard,M4,Right,M4,Reinhard
T002965,N05,Student,Visual Harmony,IMG20260430103113,M4,M0,Left,M4,M0
T002966,N05,Student,Style Authenticity,IMG20260430103043,M4,M0,Left,M4,M0
T002967,N05,Student,Style Authenticity,IMG20260430104410,M1,DDColor,Right,DDColor,M1
T002968,N05,Student,Visual Harmony,IMG20260430103755,Reinhard,M0,Left,Reinhard,M0
T002969,N05,Student,Visual Harmony,IMG20260430104352,M1,M0,Right,M0,M1
T002970,N05,Student,Visual Harmony,IMG20260430103113,M0,Reinhard,Left,M0,Reinhard
T002971,N05,Student,Style Authenticity,IMG20260430104410,DDColor,M0,Left,DDColor,M0
T002972,N05,Student,Visual Harmony,IMG20260430102902,M1,M0,Right,M0,M1
T002973,N05,Student,Style Authenticity,IMG20260430104348,DDColor,M4,Right,M4,DDColor
T002974,N05,Student,Style Authenticity,IMG20260430103656,M1,Reinhard,Right,Reinhard,M1
T002975,N05,Student,Style Authenticity,IMG20260430104352,M1,DDColor,Left,M1,DDColor
T002976,N05,Student,Visual Harmony,IMG20260430102920,M1,DDColor,Left,M1,DDColor
T002977,N05,Student,Style Authenticity,IMG20260430104113,M4,M0,Left,M4,M0
T002978,N05,Student,Style Authenticity,IMG20260430110350,DDColor,M0,Right,M0,DDColor
T002979,N05,Student,Visual Harmony,IMG20260430102920,DDColor,M4,Right,M4,DDColor
T002980,N05,Student,Visual Harmony,IMG20260430103043,M0,M1,Right,M1,M0
T002981,N05,Student,Style Authenticity,IMG20260430104410,M4,M0,Right,M0,M4
T002982,N05,Student,Visual Harmony,IMG20260430110350,M4,Reinhard,Left,M4,Reinhard
T002983,N05,Student,Visual Harmony,IMG20260430104352,DDColor,M0,Right,M0,DDColor
T002984,N05,Student,Style Authenticity,IMG20260430103435,Reinhard,DDColor,Left,Reinhard,DDColor
T002985,N05,Student,Style Authenticity,IMG20260430102902,M4,M1,Right,M1,M4
T002986,N05,Student,Style Authenticity,IMG20260430102902,M4,Reinhard,Left,M4,Reinhard
T002987,N05,Student,Style Authenticity,IMG20260430104352,Reinhard,DDColor,Left,Reinhard,DDColor
T002988,N05,Student,Style Authenticity,IMG20260430104410,M0,Reinhard,Left,M0,Reinhard
T002989,N05,Student,Style Authenticity,IMG20260430103435,M0,M1,Left,M0,M1
T002990,N05,Student,Style Authenticity,IMG20260430103113,M1,M4,Right,M4,M1
T002991,N05,Student,Visual Harmony,IMG20260430103043,DDColor,Reinhard,Right,Reinhard,DDColor
T002992,N05,Student,Visual Harmony,IMG20260430103755,DDColor,M4,Right,M4,DDColor
T002993,N05,Student,Visual Harmony,IMG20260430104348,M0,DDColor,Left,M0,DDColor
T002994,N05,Student,Visual Harmony,IMG20260430110350,M1,M0,Left,M1,M0
T002995,N05,Student,Visual Harmony,IMG20260430103435,M4,Reinhard,Left,M4,Reinhard
T002996,N05,Student,Style Authenticity,IMG20260430104352,M1,M0,Right,M0,M1
T002997,N05,Student,Style Authenticity,IMG20260430103656,DDColor,Reinhard,Right,Reinhard,DDColor
T002998,N05,Student,Visual Harmony,IMG20260430104113,M4,M1,Left,M4,M1
T002999,N05,Student,Style Authenticity,IMG20260430103656,M1,M4,Right,M4,M1
T003000,N05,Student,Visual Harmony,IMG20260430104348,DDColor,Reinhard,Left,DDColor,Reinhard
T003001,N05,Student,Style Authenticity,IMG20260430103755,M0,DDColor,Left,M0,DDColor
T003002,N05,Student,Visual Harmony,IMG20260430102902,M4,M0,Right,M0,M4
T003003,N05,Student,Visual Harmony,IMG20260430110350,M0,DDColor,Right,DDColor,M0
T003004,N05,Student,Visual Harmony,IMG20260430103435,DDColor,Reinhard,Right,Reinhard,DDColor
T003005,N05,Student,Style Authenticity,IMG20260430104348,M1,DDColor,Right,DDColor,M1
T003006,N05,Student,Visual Harmony,IMG20260430103755,M0,DDColor,Right,DDColor,M0
T003007,N05,Student,Style Authenticity,IMG20260430104352,M4,M0,Left,M4,M0
T003008,N05,Student,Style Authenticity,IMG20260430103656,Reinhard,M4,Right,M4,Reinhard
T003009,N05,Student,Style Authenticity,IMG20260430104348,M1,M0,Right,M0,M1
T003010,N05,Student,Visual Harmony,IMG20260430103755,Reinhard,DDColor,Left,Reinhard,DDColor
T003011,N05,Student,Style Authenticity,IMG20260430104348,M1,Reinhard,Left,M1,Reinhard
T003012,N05,Student,Style Authenticity,IMG20260430102902,M1,Reinhard,Right,Reinhard,M1
T003013,N05,Student,Visual Harmony,IMG20260430103656,Reinhard,M1,Left,Reinhard,M1
T003014,N05,Student,Style Authenticity,IMG20260430102902,DDColor,Reinhard,Left,DDColor,Reinhard
T003015,N05,Student,Visual Harmony,IMG20260430104348,Reinhard,M1,Right,M1,Reinhard
T003016,N05,Student,Style Authenticity,IMG20260430104352,M4,DDColor,Left,M4,DDColor
T003017,N05,Student,Visual Harmony,IMG20260430103113,M0,DDColor,Right,DDColor,M0
T003018,N05,Student,Visual Harmony,IMG20260430102902,M1,M4,Left,M1,M4
T003019,N05,Student,Style Authenticity,IMG20260430104348,M0,DDColor,Left,M0,DDColor
T003020,N05,Student,Visual Harmony,IMG20260430103435,Reinhard,M1,Right,M1,Reinhard
T003021,N05,Student,Style Authenticity,IMG20260430103435,M4,M1,Right,M1,M4
T003022,N05,Student,Style Authenticity,IMG20260430104410,Reinhard,DDColor,Right,DDColor,Reinhard
T003023,N05,Student,Visual Harmony,IMG20260430104113,M0,DDColor,Left,M0,DDColor
T003024,N05,Student,Visual Harmony,IMG20260430103656,M1,M0,Right,M0,M1
T003025,N05,Student,Style Authenticity,IMG20260430110350,DDColor,Reinhard,Left,DDColor,Reinhard
T003026,N05,Student,Style Authenticity,IMG20260430103113,M4,M0,Left,M4,M0
T003027,N05,Student,Style Authenticity,IMG20260430104113,DDColor,M4,Right,M4,DDColor
T003028,N05,Student,Visual Harmony,IMG20260430102902,DDColor,Reinhard,Left,DDColor,Reinhard
T003029,N05,Student,Style Authenticity,IMG20260430102920,M4,DDColor,Right,DDColor,M4
T003030,N05,Student,Visual Harmony,IMG20260430104410,M1,Reinhard,Left,M1,Reinhard
T003031,N05,Student,Style Authenticity,IMG20260430103435,M1,Reinhard,Right,Reinhard,M1
T003032,N05,Student,Style Authenticity,IMG20260430104348,Reinhard,M0,Right,M0,Reinhard
T003033,N05,Student,Style Authenticity,IMG20260430103113,M0,Reinhard,Right,Reinhard,M0
T003034,N05,Student,Visual Harmony,IMG20260430103656,M4,M0,Left,M4,M0
T003035,N05,Student,Style Authenticity,IMG20260430103043,DDColor,M4,Left,DDColor,M4
T003036,N05,Student,Visual Harmony,IMG20260430110350,Reinhard,M1,Right,M1,Reinhard
T003037,N05,Student,Style Authenticity,IMG20260430103755,M4,M1,Left,M4,M1
T003038,N05,Student,Visual Harmony,IMG20260430103755,M1,Reinhard,Left,M1,Reinhard
T003039,N05,Student,Visual Harmony,IMG20260430110350,DDColor,M4,Right,M4,DDColor
T003040,N05,Student,Visual Harmony,IMG20260430104113,Reinhard,M1,Left,Reinhard,M1
T003041,N05,Student,Visual Harmony,IMG20260430103755,M4,Reinhard,Left,M4,Reinhard
T003042,N05,Student,Visual Harmony,IMG20260430110350,M0,M4,Right,M4,M0
T003043,N05,Student,Style Authenticity,IMG20260430103043,M1,DDColor,Right,DDColor,M1
T003044,N05,Student,Visual Harmony,IMG20260430104348,M4,M0,Left,M4,M0
T003045,N05,Student,Visual Harmony,IMG20260430102920,M4,M0,Left,M4,M0
T003046,N05,Student,Visual Harmony,IMG20260430104113,M4,DDColor,Left,M4,DDColor
T003047,N05,Student,Style Authenticity,IMG20260430103043,Reinhard,DDColor,Right,DDColor,Reinhard
T003048,N05,Student,Visual Harmony,IMG20260430103435,DDColor,M0,Left,DDColor,M0
T003049,N05,Student,Style Authenticity,IMG20260430104410,M1,M0,Right,M0,M1
T003050,N05,Student,Visual Harmony,IMG20260430104410,DDColor,M1,Right,M1,DDColor
T003051,N05,Student,Visual Harmony,IMG20260430110350,M1,M4,Right,M4,M1
T003052,N05,Student,Visual Harmony,IMG20260430104410,Reinhard,DDColor,Right,DDColor,Reinhard
T003053,N05,Student,Visual Harmony,IMG20260430104352,DDColor,Reinhard,Left,DDColor,Reinhard
T003054,N05,Student,Visual Harmony,IMG20260430102902,M4,Reinhard,Left,M4,Reinhard
T003055,N05,Student,Visual Harmony,IMG20260430102902,M1,Reinhard,Right,Reinhard,M1
T003056,N05,Student,Visual Harmony,IMG20260430102920,Reinhard,DDColor,Left,Reinhard,DDColor
T003057,N05,Student,Visual Harmony,IMG20260430104113,M1,M0,Left,M1,M0
T003058,N05,Student,Visual Harmony,IMG20260430102902,M0,Reinhard,Left,M0,Reinhard
T003059,N05,Student,Visual Harmony,IMG20260430104352,M4,M1,Left,M4,M1
T003060,N05,Student,Visual Harmony,IMG20260430104348,M4,M1,Left,M4,M1
T003061,N05,Student,Style Authenticity,IMG20260430103113,M0,DDColor,Left,M0,DDColor
T003062,N05,Student,Style Authenticity,IMG20260430102920,Reinhard,M0,Right,M0,Reinhard
T003063,N05,Student,Style Authenticity,IMG20260430104410,Reinhard,M1,Left,Reinhard,M1
T003064,N05,Student,Style Authenticity,IMG20260430103435,DDColor,M0,Right,M0,DDColor
T003065,N05,Student,Style Authenticity,IMG20260430102902,Reinhard,M0,Left,Reinhard,M0
T003066,N05,Student,Style Authenticity,IMG20260430102920,M0,DDColor,Left,M0,DDColor
T003067,N05,Student,Visual Harmony,IMG20260430104352,Reinhard,M1,Left,Reinhard,M1
T003068,N05,Student,Visual Harmony,IMG20260430104348,Reinhard,M4,Right,M4,Reinhard
T003069,N05,Student,Style Authenticity,IMG20260430103656,M4,DDColor,Left,M4,DDColor
T003070,N05,Student,Visual Harmony,IMG20260430103043,M1,Reinhard,Right,Reinhard,M1
T003071,N05,Student,Visual Harmony,IMG20260430103435,M4,M0,Left,M4,M0
T003072,N05,Student,Visual Harmony,IMG20260430103435,M1,M4,Left,M1,M4
T003073,N05,Student,Style Authenticity,IMG20260430103113,M4,Reinhard,Right,Reinhard,M4
T003074,N05,Student,Visual Harmony,IMG20260430104410,DDColor,M0,Left,DDColor,M0
T003075,N05,Student,Style Authenticity,IMG20260430110350,M1,M4,Right,M4,M1
T003076,N05,Student,Visual Harmony,IMG20260430102920,M0,Reinhard,Left,M0,Reinhard
T003077,N05,Student,Style Authenticity,IMG20260430103656,M0,M4,Left,M0,M4
T003078,N05,Student,Visual Harmony,IMG20260430103656,DDColor,Reinhard,Left,DDColor,Reinhard
T003079,N05,Student,Style Authenticity,IMG20260430102902,DDColor,M4,Right,M4,DDColor
T003080,N05,Student,Visual Harmony,IMG20260430104348,DDColor,M1,Right,M1,DDColor
T003081,N05,Student,Visual Harmony,IMG20260430104410,Reinhard,M4,Right,M4,Reinhard
T003082,N05,Student,Visual Harmony,IMG20260430103755,M0,M4,Right,M4,M0
T003083,N05,Student,Visual Harmony,IMG20260430103435,M0,M1,Right,M1,M0
T003084,N05,Student,Style Authenticity,IMG20260430103113,M0,M1,Left,M0,M1
T003085,N05,Student,Visual Harmony,IMG20260430104410,M1,M0,Left,M1,M0
T003086,N05,Student,Visual Harmony,IMG20260430104113,M0,Reinhard,Left,M0,Reinhard
T003087,N05,Student,Visual Harmony,IMG20260430103043,M1,DDColor,Left,M1,DDColor
T003088,N05,Student,Visual Harmony,IMG20260430103755,M1,DDColor,Right,DDColor,M1
T003089,N05,Student,Style Authenticity,IMG20260430103043,DDColor,M0,Left,DDColor,M0
T003090,N05,Student,Visual Harmony,IMG20260430104113,Reinhard,DDColor,Left,Reinhard,DDColor
T003091,N05,Student,Style Authenticity,IMG20260430104352,M1,Reinhard,Left,M1,Reinhard
T003092,N05,Student,Style Authenticity,IMG20260430103656,M0,DDColor,Left,M0,DDColor
T003093,N05,Student,Style Authenticity,IMG20260430102920,M0,M4,Right,M4,M0
T003094,N05,Student,Style Authenticity,IMG20260430102920,DDColor,M1,Left,DDColor,M1
T003095,N05,Student,Style Authenticity,IMG20260430103755,M4,M0,Right,M0,M4
T003096,N05,Student,Visual Harmony,IMG20260430103113,M0,M1,Left,M0,M1
T003097,N05,Student,Style Authenticity,IMG20260430103755,M0,M1,Right,M1,M0
T003098,N05,Student,Visual Harmony,IMG20260430103656,DDColor,M0,Left,DDColor,M0
T003099,N05,Student,Style Authenticity,IMG20260430103656,M0,M1,Right,M1,M0
T003100,N05,Student,Style Authenticity,IMG20260430104113,M4,M1,Left,M4,M1
T003101,N05,Student,Visual Harmony,IMG20260430103656,M4,Reinhard,Right,Reinhard,M4
T003102,N05,Student,Style Authenticity,IMG20260430103043,M4,Reinhard,Left,M4,Reinhard
T003103,N05,Student,Style Authenticity,IMG20260430104113,M0,Reinhard,Left,M0,Reinhard
T003104,N05,Student,Style Authenticity,IMG20260430103656,M1,DDColor,Left,M1,DDColor
T003105,N05,Student,Style Authenticity,IMG20260430103435,Reinhard,M4,Left,Reinhard,M4
T003106,N05,Student,Style Authenticity,IMG20260430103043,M0,Reinhard,Right,Reinhard,M0
T003107,N05,Student,Visual Harmony,IMG20260430103043,M4,DDColor,Right,DDColor,M4
T003108,N05,Student,Style Authenticity,IMG20260430103043,M1,Reinhard,Right,Reinhard,M1
T003109,N05,Student,Style Authenticity,IMG20260430102902,M0,DDColor,Left,M0,DDColor
T003110,N05,Student,Visual Harmony,IMG20260430104410,M1,M4,Right,M4,M1
T003111,N05,Student,Style Authenticity,IMG20260430104352,M1,M4,Right,M4,M1
T003112,N05,Student,Visual Harmony,IMG20260430104410,M4,DDColor,Right,DDColor,M4
T003113,N05,Student,Style Authenticity,IMG20260430103113,M4,DDColor,Left,M4,DDColor
T003114,N05,Student,Style Authenticity,IMG20260430103755,M4,Reinhard,Left,M4,Reinhard
T003115,N05,Student,Style Authenticity,IMG20260430103435,M4,M0,Right,M0,M4
T003116,N05,Student,Style Authenticity,IMG20260430102920,M1,Reinhard,Left,M1,Reinhard
T003117,N05,Student,Visual Harmony,IMG20260430104348,M0,M1,Left,M0,M1
T003118,N05,Student,Style Authenticity,IMG20260430104352,M0,DDColor,Left,M0,DDColor
T003119,N05,Student,Style Authenticity,IMG20260430102902,M0,M1,Left,M0,M1
T003120,N05,Student,Visual Harmony,IMG20260430104113,M1,DDColor,Right,DDColor,M1
T003121,N06,Student,Style Authenticity,IMG20260430104352,Reinhard,M1,Right,M1,Reinhard
T003122,N06,Student,Style Authenticity,IMG20260430104348,DDColor,M0,Right,M0,DDColor
T003123,N06,Student,Style Authenticity,IMG20260430104352,M1,DDColor,Right,DDColor,M1
T003124,N06,Student,Style Authenticity,IMG20260430104348,M4,DDColor,Left,M4,DDColor
T003125,N06,Student,Style Authenticity,IMG20260430110350,DDColor,M1,Right,M1,DDColor
T003126,N06,Student,Style Authenticity,IMG20260430104410,Reinhard,M0,Right,M0,Reinhard
T003127,N06,Student,Style Authenticity,IMG20260430102902,Reinhard,M4,Right,M4,Reinhard
T003128,N06,Student,Style Authenticity,IMG20260430104348,DDColor,Reinhard,Right,Reinhard,DDColor
T003129,N06,Student,Style Authenticity,IMG20260430103113,M0,M4,Right,M4,M0
T003130,N06,Student,Visual Harmony,IMG20260430104410,M4,Reinhard,Left,M4,Reinhard
T003131,N06,Student,Style Authenticity,IMG20260430103043,M4,M1,Left,M4,M1
T003132,N06,Student,Visual Harmony,IMG20260430103656,M4,M0,Right,M0,M4
T003133,N06,Student,Style Authenticity,IMG20260430103435,DDColor,M0,Right,M0,DDColor
T003134,N06,Student,Visual Harmony,IMG20260430103656,DDColor,M0,Right,M0,DDColor
T003135,N06,Student,Visual Harmony,IMG20260430103043,DDColor,M0,Right,M0,DDColor
T003136,N06,Student,Style Authenticity,IMG20260430110350,M1,M4,Right,M4,M1
T003137,N06,Student,Visual Harmony,IMG20260430103043,DDColor,Reinhard,Left,DDColor,Reinhard
T003138,N06,Student,Visual Harmony,IMG20260430104113,Reinhard,M1,Left,Reinhard,M1
T003139,N06,Student,Style Authenticity,IMG20260430104113,DDColor,M0,Right,M0,DDColor
T003140,N06,Student,Visual Harmony,IMG20260430103435,M4,Reinhard,Right,Reinhard,M4
T003141,N06,Student,Style Authenticity,IMG20260430104410,M1,Reinhard,Left,M1,Reinhard
T003142,N06,Student,Style Authenticity,IMG20260430104352,M1,M4,Right,M4,M1
T003143,N06,Student,Style Authenticity,IMG20260430110350,DDColor,M4,Left,DDColor,M4
T003144,N06,Student,Visual Harmony,IMG20260430110350,DDColor,M1,Right,M1,DDColor
T003145,N06,Student,Visual Harmony,IMG20260430103755,DDColor,M0,Left,DDColor,M0
T003146,N06,Student,Style Authenticity,IMG20260430110350,M4,M0,Left,M4,M0
T003147,N06,Student,Visual Harmony,IMG20260430110350,M0,DDColor,Left,M0,DDColor
T003148,N06,Student,Style Authenticity,IMG20260430104348,M0,M4,Left,M0,M4
T003149,N06,Student,Visual Harmony,IMG20260430103435,M0,DDColor,Left,M0,DDColor
T003150,N06,Student,Visual Harmony,IMG20260430110350,DDColor,Reinhard,Left,DDColor,Reinhard
T003151,N06,Student,Style Authenticity,IMG20260430103043,DDColor,Reinhard,Left,DDColor,Reinhard
T003152,N06,Student,Style Authenticity,IMG20260430110350,M1,Reinhard,Right,Reinhard,M1
T003153,N06,Student,Style Authenticity,IMG20260430102902,M0,M4,Left,M0,M4
T003154,N06,Student,Style Authenticity,IMG20260430103656,M1,M4,Right,M4,M1
T003155,N06,Student,Style Authenticity,IMG20260430103113,M4,M1,Right,M1,M4
T003156,N06,Student,Visual Harmony,IMG20260430103043,M1,DDColor,Right,DDColor,M1
T003157,N06,Student,Visual Harmony,IMG20260430110350,M0,Reinhard,Left,M0,Reinhard
T003158,N06,Student,Style Authenticity,IMG20260430104352,Reinhard,M0,Left,Reinhard,M0
T003159,N06,Student,Visual Harmony,IMG20260430102902,M1,Reinhard,Left,M1,Reinhard
T003160,N06,Student,Visual Harmony,IMG20260430103435,M0,Reinhard,Left,M0,Reinhard
T003161,N06,Student,Style Authenticity,IMG20260430103755,M0,M1,Left,M0,M1
T003162,N06,Student,Style Authenticity,IMG20260430103435,Reinhard,M0,Left,Reinhard,M0
T003163,N06,Student,Style Authenticity,IMG20260430102902,M1,DDColor,Right,DDColor,M1
T003164,N06,Student,Visual Harmony,IMG20260430102920,M1,Reinhard,Right,Reinhard,M1
T003165,N06,Student,Visual Harmony,IMG20260430104352,M4,M1,Right,M1,M4
T003166,N06,Student,Visual Harmony,IMG20260430104113,M4,DDColor,Left,M4,DDColor
T003167,N06,Student,Visual Harmony,IMG20260430103755,M4,M0,Right,M0,M4
T003168,N06,Student,Visual Harmony,IMG20260430102920,DDColor,M4,Left,DDColor,M4
T003169,N06,Student,Visual Harmony,IMG20260430103755,DDColor,M4,Right,M4,DDColor
T003170,N06,Student,Visual Harmony,IMG20260430103113,Reinhard,DDColor,Left,Reinhard,DDColor
T003171,N06,Student,Visual Harmony,IMG20260430110350,DDColor,M4,Left,DDColor,M4
T003172,N06,Student,Style Authenticity,IMG20260430104352,M4,DDColor,Left,M4,DDColor
T003173,N06,Student,Visual Harmony,IMG20260430103755,Reinhard,DDColor,Right,DDColor,Reinhard
T003174,N06,Student,Visual Harmony,IMG20260430103656,M1,M0,Left,M1,M0
T003175,N06,Student,Style Authenticity,IMG20260430103755,Reinhard,DDColor,Right,DDColor,Reinhard
T003176,N06,Student,Visual Harmony,IMG20260430103113,Reinhard,M4,Right,M4,Reinhard
T003177,N06,Student,Visual Harmony,IMG20260430104352,Reinhard,DDColor,Right,DDColor,Reinhard
T003178,N06,Student,Style Authenticity,IMG20260430102920,M4,Reinhard,Left,M4,Reinhard
T003179,N06,Student,Visual Harmony,IMG20260430103755,DDColor,M1,Left,DDColor,M1
T003180,N06,Student,Style Authenticity,IMG20260430102902,M4,DDColor,Left,M4,DDColor
T003181,N06,Student,Style Authenticity,IMG20260430102920,M0,M4,Left,M0,M4
T003182,N06,Student,Style Authenticity,IMG20260430104348,M1,DDColor,Left,M1,DDColor
T003183,N06,Student,Style Authenticity,IMG20260430104410,M1,M0,Left,M1,M0
T003184,N06,Student,Visual Harmony,IMG20260430104348,Reinhard,M4,Right,M4,Reinhard
T003185,N06,Student,Style Authenticity,IMG20260430103435,M0,M1,Right,M1,M0
T003186,N06,Student,Style Authenticity,IMG20260430104113,M0,Reinhard,Left,M0,Reinhard
T003187,N06,Student,Style Authenticity,IMG20260430103043,Reinhard,M0,Right,M0,Reinhard
T003188,N06,Student,Style Authenticity,IMG20260430104113,M4,Reinhard,Left,M4,Reinhard
T003189,N06,Student,Style Authenticity,IMG20260430104113,DDColor,M1,Left,DDColor,M1
T003190,N06,Student,Visual Harmony,IMG20260430103435,M0,M4,Right,M4,M0
T003191,N06,Student,Visual Harmony,IMG20260430104348,DDColor,M0,Right,M0,DDColor
T003192,N06,Student,Style Authenticity,IMG20260430103043,DDColor,M0,Left,DDColor,M0
T003193,N06,Student,Visual Harmony,IMG20260430104113,M4,Reinhard,Right,Reinhard,M4
T003194,N06,Student,Visual Harmony,IMG20260430103656,M4,Reinhard,Left,M4,Reinhard
T003195,N06,Student,Visual Harmony,IMG20260430102920,DDColor,M1,Right,M1,DDColor
T003196,N06,Student,Style Authenticity,IMG20260430102920,M0,M1,Left,M0,M1
T003197,N06,Student,Visual Harmony,IMG20260430103435,M1,DDColor,Left,M1,DDColor
T003198,N06,Student,Style Authenticity,IMG20260430103656,M0,Reinhard,Right,Reinhard,M0
T003199,N06,Student,Visual Harmony,IMG20260430103656,M0,Reinhard,Right,Reinhard,M0
T003200,N06,Student,Style Authenticity,IMG20260430102902,M1,M4,Right,M4,M1
T003201,N06,Student,Visual Harmony,IMG20260430103435,M4,M1,Right,M1,M4
T003202,N06,Student,Visual Harmony,IMG20260430102902,M4,M0,Right,M0,M4
T003203,N06,Student,Visual Harmony,IMG20260430102902,DDColor,M0,Right,M0,DDColor
T003204,N06,Student,Visual Harmony,IMG20260430103656,M1,M4,Right,M4,M1
T003205,N06,Student,Style Authenticity,IMG20260430102902,M0,M1,Right,M1,M0
T003206,N06,Student,Visual Harmony,IMG20260430104410,Reinhard,DDColor,Left,Reinhard,DDColor
T003207,N06,Student,Visual Harmony,IMG20260430104352,DDColor,M4,Right,M4,DDColor
T003208,N06,Student,Visual Harmony,IMG20260430103755,M0,M1,Left,M0,M1
T003209,N06,Student,Style Authenticity,IMG20260430104410,Reinhard,DDColor,Right,DDColor,Reinhard
T003210,N06,Student,Visual Harmony,IMG20260430102920,M0,Reinhard,Left,M0,Reinhard
T003211,N06,Student,Style Authenticity,IMG20260430103435,M1,Reinhard,Right,Reinhard,M1
T003212,N06,Student,Visual Harmony,IMG20260430104113,Reinhard,DDColor,Left,Reinhard,DDColor
T003213,N06,Student,Visual Harmony,IMG20260430104348,M1,M4,Left,M1,M4
T003214,N06,Student,Style Authenticity,IMG20260430103755,DDColor,M4,Right,M4,DDColor
T003215,N06,Student,Visual Harmony,IMG20260430103435,M1,Reinhard,Left,M1,Reinhard
T003216,N06,Student,Style Authenticity,IMG20260430104113,DDColor,Reinhard,Right,Reinhard,DDColor
T003217,N06,Student,Style Authenticity,IMG20260430102920,M0,Reinhard,Left,M0,Reinhard
T003218,N06,Student,Visual Harmony,IMG20260430103755,M4,Reinhard,Right,Reinhard,M4
T003219,N06,Student,Style Authenticity,IMG20260430103113,M4,DDColor,Left,M4,DDColor
T003220,N06,Student,Visual Harmony,IMG20260430103043,M1,Reinhard,Right,Reinhard,M1
T003221,N06,Student,Visual Harmony,IMG20260430103113,M0,DDColor,Right,DDColor,M0
T003222,N06,Student,Style Authenticity,IMG20260430110350,M0,M1,Right,M1,M0
T003223,N06,Student,Style Authenticity,IMG20260430103656,DDColor,M0,Right,M0,DDColor
T003224,N06,Student,Visual Harmony,IMG20260430104113,Reinhard,M0,Right,M0,Reinhard
T003225,N06,Student,Visual Harmony,IMG20260430103043,M4,M1,Right,M1,M4
T003226,N06,Student,Style Authenticity,IMG20260430104352,Reinhard,M4,Right,M4,Reinhard
T003227,N06,Student,Style Authenticity,IMG20260430102902,M0,DDColor,Left,M0,DDColor
T003228,N06,Student,Style Authenticity,IMG20260430102920,DDColor,M0,Left,DDColor,M0
T003229,N06,Student,Visual Harmony,IMG20260430104410,DDColor,M4,Right,M4,DDColor
T003230,N06,Student,Visual Harmony,IMG20260430102902,DDColor,Reinhard,Right,Reinhard,DDColor
T003231,N06,Student,Style Authenticity,IMG20260430104352,DDColor,M0,Right,M0,DDColor
T003232,N06,Student,Visual Harmony,IMG20260430104352,M1,M0,Right,M0,M1
T003233,N06,Student,Visual Harmony,IMG20260430103113,M0,M4,Right,M4,M0
T003234,N06,Student,Style Authenticity,IMG20260430104113,M4,M0,Right,M0,M4
T003235,N06,Student,Style Authenticity,IMG20260430103755,M1,DDColor,Right,DDColor,M1
T003236,N06,Student,Visual Harmony,IMG20260430103656,Reinhard,M1,Right,M1,Reinhard
T003237,N06,Student,Visual Harmony,IMG20260430104410,Reinhard,M0,Right,M0,Reinhard
T003238,N06,Student,Style Authenticity,IMG20260430104410,M4,DDColor,Left,M4,DDColor
T003239,N06,Student,Visual Harmony,IMG20260430104352,DDColor,M0,Right,M0,DDColor
T003240,N06,Student,Visual Harmony,IMG20260430104410,Reinhard,M1,Left,Reinhard,M1
T003241,N06,Student,Style Authenticity,IMG20260430103656,M0,M4,Left,M0,M4
T003242,N06,Student,Style Authenticity,IMG20260430103435,M0,M4,Left,M0,M4
T003243,N06,Student,Visual Harmony,IMG20260430103755,Reinhard,M0,Right,M0,Reinhard
T003244,N06,Student,Visual Harmony,IMG20260430103435,M4,DDColor,Left,M4,DDColor
T003245,N06,Student,Visual Harmony,IMG20260430104410,M1,M4,Right,M4,M1
T003246,N06,Student,Style Authenticity,IMG20260430103113,M0,M1,Right,M1,M0
T003247,N06,Student,Style Authenticity,IMG20260430102902,M0,Reinhard,Left,M0,Reinhard
T003248,N06,Student,Visual Harmony,IMG20260430104352,Reinhard,M4,Right,M4,Reinhard
T003249,N06,Student,Style Authenticity,IMG20260430103113,M1,Reinhard,Left,M1,Reinhard
T003250,N06,Student,Style Authenticity,IMG20260430103043,Reinhard,M1,Right,M1,Reinhard
T003251,N06,Student,Style Authenticity,IMG20260430103755,Reinhard,M0,Left,Reinhard,M0
T003252,N06,Student,Style Authenticity,IMG20260430103043,DDColor,M1,Left,DDColor,M1
T003253,N06,Student,Visual Harmony,IMG20260430110350,M4,M1,Left,M4,M1
T003254,N06,Student,Visual Harmony,IMG20260430103755,M1,M4,Right,M4,M1
T003255,N06,Student,Style Authenticity,IMG20260430104348,M1,M0,Right,M0,M1
T003256,N06,Student,Style Authenticity,IMG20260430103755,M0,M4,Right,M4,M0
T003257,N06,Student,Style Authenticity,IMG20260430102920,DDColor,M4,Left,DDColor,M4
T003258,N06,Student,Visual Harmony,IMG20260430104113,M0,DDColor,Left,M0,DDColor
T003259,N06,Student,Style Authenticity,IMG20260430103435,M1,M4,Right,M4,M1
T003260,N06,Student,Style Authenticity,IMG20260430104352,Reinhard,DDColor,Left,Reinhard,DDColor
T003261,N06,Student,Style Authenticity,IMG20260430103435,DDColor,M1,Right,M1,DDColor
T003262,N06,Student,Style Authenticity,IMG20260430110350,M0,Reinhard,Left,M0,Reinhard
T003263,N06,Student,Visual Harmony,IMG20260430102920,M4,M0,Right,M0,M4
T003264,N06,Student,Visual Harmony,IMG20260430104352,M0,Reinhard,Right,Reinhard,M0
T003265,N06,Student,Visual Harmony,IMG20260430103435,M1,M0,Right,M0,M1
T003266,N06,Student,Style Authenticity,IMG20260430104410,Reinhard,M4,Left,Reinhard,M4
T003267,N06,Student,Visual Harmony,IMG20260430104410,M0,M1,Left,M0,M1
T003268,N06,Student,Visual Harmony,IMG20260430104410,DDColor,M0,Left,DDColor,M0
T003269,N06,Student,Visual Harmony,IMG20260430104113,M1,DDColor,Right,DDColor,M1
T003270,N06,Student,Visual Harmony,IMG20260430104348,M0,M1,Right,M1,M0
T003271,N06,Student,Style Authenticity,IMG20260430103656,DDColor,M4,Right,M4,DDColor
T003272,N06,Student,Style Authenticity,IMG20260430104410,M0,M4,Left,M0,M4
T003273,N06,Student,Style Authenticity,IMG20260430103755,DDColor,M0,Right,M0,DDColor
T003274,N06,Student,Visual Harmony,IMG20260430103113,M0,Reinhard,Left,M0,Reinhard
T003275,N06,Student,Style Authenticity,IMG20260430104348,Reinhard,M4,Right,M4,Reinhard
T003276,N06,Student,Style Authenticity,IMG20260430103113,Reinhard,M0,Left,Reinhard,M0
T003277,N06,Student,Visual Harmony,IMG20260430104113,M4,M1,Right,M1,M4
T003278,N06,Student,Visual Harmony,IMG20260430110350,M0,M4,Left,M0,M4
T003279,N06,Student,Visual Harmony,IMG20260430103113,DDColor,M4,Left,DDColor,M4
T003280,N06,Student,Visual Harmony,IMG20260430103113,Reinhard,M1,Right,M1,Reinhard
T003281,N06,Student,Style Authenticity,IMG20260430103043,M1,M0,Right,M0,M1
T003282,N06,Student,Style Authenticity,IMG20260430103656,M1,DDColor,Left,M1,DDColor
T003283,N06,Student,Visual Harmony,IMG20260430104113,M1,M0,Left,M1,M0
T003284,N06,Student,Style Authenticity,IMG20260430103435,DDColor,Reinhard,Left,DDColor,Reinhard
T003285,N06,Student,Style Authenticity,IMG20260430102902,Reinhard,DDColor,Left,Reinhard,DDColor
T003286,N06,Student,Visual Harmony,IMG20260430103113,M1,M0,Left,M1,M0
T003287,N06,Student,Visual Harmony,IMG20260430102902,M4,DDColor,Left,M4,DDColor
T003288,N06,Student,Style Authenticity,IMG20260430103755,M1,M4,Right,M4,M1
T003289,N06,Student,Style Authenticity,IMG20260430104410,M0,DDColor,Left,M0,DDColor
T003290,N06,Student,Visual Harmony,IMG20260430102902,M1,M4,Right,M4,M1
T003291,N06,Student,Style Authenticity,IMG20260430104113,M1,M0,Left,M1,M0
T003292,N06,Student,Style Authenticity,IMG20260430110350,M4,Reinhard,Left,M4,Reinhard
T003293,N06,Student,Visual Harmony,IMG20260430102902,M1,DDColor,Left,M1,DDColor
T003294,N06,Student,Style Authenticity,IMG20260430104352,M0,M4,Right,M4,M0
T003295,N06,Student,Style Authenticity,IMG20260430104113,M1,M4,Right,M4,M1
T003296,N06,Student,Style Authenticity,IMG20260430103113,DDColor,M0,Right,M0,DDColor
T003297,N06,Student,Style Authenticity,IMG20260430103113,Reinhard,M4,Right,M4,Reinhard
T003298,N06,Student,Style Authenticity,IMG20260430103043,M0,M4,Right,M4,M0
T003299,N06,Student,Visual Harmony,IMG20260430103043,M4,M0,Right,M0,M4
T003300,N06,Student,Visual Harmony,IMG20260430104348,DDColor,Reinhard,Left,DDColor,Reinhard
T003301,N06,Student,Style Authenticity,IMG20260430110350,M0,DDColor,Right,DDColor,M0
T003302,N06,Student,Visual Harmony,IMG20260430103113,M4,M1,Right,M1,M4
T003303,N06,Student,Visual Harmony,IMG20260430104410,M4,M0,Left,M4,M0
T003304,N06,Student,Visual Harmony,IMG20260430102902,M4,Reinhard,Right,Reinhard,M4
T003305,N06,Student,Style Authenticity,IMG20260430103113,M1,DDColor,Left,M1,DDColor
T003306,N06,Student,Visual Harmony,IMG20260430104352,DDColor,M1,Right,M1,DDColor
T003307,N06,Student,Style Authenticity,IMG20260430103435,M4,DDColor,Left,M4,DDColor
T003308,N06,Student,Style Authenticity,IMG20260430103755,M1,Reinhard,Right,Reinhard,M1
T003309,N06,Student,Style Authenticity,IMG20260430102920,DDColor,Reinhard,Right,Reinhard,DDColor
T003310,N06,Student,Visual Harmony,IMG20260430103043,Reinhard,M4,Right,M4,Reinhard
T003311,N06,Student,Style Authenticity,IMG20260430102902,M1,Reinhard,Left,M1,Reinhard
T003312,N06,Student,Style Authenticity,IMG20260430104410,M4,M1,Left,M4,M1
T003313,N06,Student,Style Authenticity,IMG20260430104113,M1,Reinhard,Right,Reinhard,M1
T003314,N06,Student,Visual Harmony,IMG20260430103656,M4,DDColor,Left,M4,DDColor
T003315,N06,Student,Visual Harmony,IMG20260430103656,DDColor,Reinhard,Left,DDColor,Reinhard
T003316,N06,Student,Visual Harmony,IMG20260430104348,Reinhard,M0,Left,Reinhard,M0
T003317,N06,Student,Visual Harmony,IMG20260430103043,DDColor,M4,Right,M4,DDColor
T003318,N06,Student,Style Authenticity,IMG20260430104348,M4,M1,Left,M4,M1
T003319,N06,Student,Style Authenticity,IMG20260430103656,Reinhard,DDColor,Left,Reinhard,DDColor
T003320,N06,Student,Visual Harmony,IMG20260430103043,M0,M1,Right,M1,M0
T003321,N06,Student,Style Authenticity,IMG20260430110350,DDColor,Reinhard,Left,DDColor,Reinhard
T003322,N06,Student,Visual Harmony,IMG20260430104352,M1,Reinhard,Left,M1,Reinhard
T003323,N06,Student,Visual Harmony,IMG20260430110350,Reinhard,M1,Right,M1,Reinhard
T003324,N06,Student,Visual Harmony,IMG20260430102920,M1,M4,Right,M4,M1
T003325,N06,Student,Visual Harmony,IMG20260430102902,Reinhard,M0,Right,M0,Reinhard
T003326,N06,Student,Visual Harmony,IMG20260430102920,DDColor,M0,Left,DDColor,M0
T003327,N06,Student,Visual Harmony,IMG20260430102920,Reinhard,M4,Left,Reinhard,M4
T003328,N06,Student,Style Authenticity,IMG20260430104113,M4,DDColor,Left,M4,DDColor
T003329,N06,Student,Visual Harmony,IMG20260430102920,M0,M1,Right,M1,M0
T003330,N06,Student,Style Authenticity,IMG20260430102920,M1,DDColor,Left,M1,DDColor
T003331,N06,Student,Style Authenticity,IMG20260430103043,M4,DDColor,Left,M4,DDColor
T003332,N06,Student,Style Authenticity,IMG20260430103043,Reinhard,M4,Left,Reinhard,M4
T003333,N06,Student,Style Authenticity,IMG20260430104348,M1,Reinhard,Left,M1,Reinhard
T003334,N06,Student,Visual Harmony,IMG20260430103113,DDColor,M1,Left,DDColor,M1
T003335,N06,Student,Visual Harmony,IMG20260430104348,M1,Reinhard,Right,Reinhard,M1
T003336,N06,Student,Visual Harmony,IMG20260430104348,DDColor,M1,Left,DDColor,M1
T003337,N06,Student,Visual Harmony,IMG20260430110350,M0,M1,Left,M0,M1
T003338,N06,Student,Style Authenticity,IMG20260430103656,M0,M1,Left,M0,M1
T003339,N06,Student,Style Authenticity,IMG20260430102920,M1,Reinhard,Right,Reinhard,M1
T003340,N06,Student,Visual Harmony,IMG20260430104348,DDColor,M4,Right,M4,DDColor
T003341,N06,Student,Style Authenticity,IMG20260430103113,Reinhard,DDColor,Left,Reinhard,DDColor
T003342,N06,Student,Style Authenticity,IMG20260430103656,Reinhard,M4,Right,M4,Reinhard
T003343,N06,Student,Style Authenticity,IMG20260430103656,Reinhard,M1,Right,M1,Reinhard
T003344,N06,Student,Style Authenticity,IMG20260430104348,Reinhard,M0,Left,Reinhard,M0
T003345,N06,Student,Style Authenticity,IMG20260430103435,Reinhard,M4,Right,M4,Reinhard
T003346,N06,Student,Visual Harmony,IMG20260430104410,M1,DDColor,Left,M1,DDColor
T003347,N06,Student,Visual Harmony,IMG20260430103656,DDColor,M1,Left,DDColor,M1
T003348,N06,Student,Visual Harmony,IMG20260430104352,M0,M4,Right,M4,M0
T003349,N06,Student,Style Authenticity,IMG20260430102920,M4,M1,Left,M4,M1
T003350,N06,Student,Visual Harmony,IMG20260430103043,Reinhard,M0,Left,Reinhard,M0
T003351,N06,Student,Visual Harmony,IMG20260430102902,M0,M1,Left,M0,M1
T003352,N06,Student,Visual Harmony,IMG20260430110350,Reinhard,M4,Left,Reinhard,M4
T003353,N06,Student,Style Authenticity,IMG20260430104352,M0,M1,Left,M0,M1
T003354,N06,Student,Style Authenticity,IMG20260430104410,DDColor,M1,Right,M1,DDColor
T003355,N06,Student,Visual Harmony,IMG20260430102920,Reinhard,DDColor,Left,Reinhard,DDColor
T003356,N06,Student,Visual Harmony,IMG20260430103755,M1,Reinhard,Left,M1,Reinhard
T003357,N06,Student,Visual Harmony,IMG20260430103435,Reinhard,DDColor,Left,Reinhard,DDColor
T003358,N06,Student,Visual Harmony,IMG20260430104113,M4,M0,Left,M4,M0
T003359,N06,Student,Style Authenticity,IMG20260430103755,M4,Reinhard,Left,M4,Reinhard
T003360,N06,Student,Visual Harmony,IMG20260430104348,M0,M4,Right,M4,M0
T003361,N07,Student,Visual Harmony,IMG20260430104113,DDColor,M1,Right,M1,DDColor
T003362,N07,Student,Visual Harmony,IMG20260430102920,M1,DDColor,Right,DDColor,M1
T003363,N07,Student,Visual Harmony,IMG20260430103435,Reinhard,M1,Right,M1,Reinhard
T003364,N07,Student,Visual Harmony,IMG20260430104113,M1,M0,Right,M0,M1
T003365,N07,Student,Visual Harmony,IMG20260430104352,M4,M0,Left,M4,M0
T003366,N07,Student,Visual Harmony,IMG20260430103043,M4,M0,Left,M4,M0
T003367,N07,Student,Visual Harmony,IMG20260430103113,Reinhard,DDColor,Right,DDColor,Reinhard
T003368,N07,Student,Visual Harmony,IMG20260430103755,M1,Reinhard,Left,M1,Reinhard
T003369,N07,Student,Visual Harmony,IMG20260430103113,Reinhard,M1,Left,Reinhard,M1
T003370,N07,Student,Style Authenticity,IMG20260430103755,M1,DDColor,Left,M1,DDColor
T003371,N07,Student,Style Authenticity,IMG20260430103755,M1,Reinhard,Right,Reinhard,M1
T003372,N07,Student,Visual Harmony,IMG20260430104352,DDColor,M0,Right,M0,DDColor
T003373,N07,Student,Visual Harmony,IMG20260430102902,Reinhard,DDColor,Right,DDColor,Reinhard
T003374,N07,Student,Style Authenticity,IMG20260430103656,Reinhard,M1,Left,Reinhard,M1
T003375,N07,Student,Style Authenticity,IMG20260430103755,M4,M1,Left,M4,M1
T003376,N07,Student,Visual Harmony,IMG20260430104348,M4,DDColor,Left,M4,DDColor
T003377,N07,Student,Visual Harmony,IMG20260430110350,DDColor,M1,Left,DDColor,M1
T003378,N07,Student,Style Authenticity,IMG20260430103435,M1,DDColor,Left,M1,DDColor
T003379,N07,Student,Style Authenticity,IMG20260430103113,DDColor,M4,Right,M4,DDColor
T003380,N07,Student,Style Authenticity,IMG20260430104113,Reinhard,DDColor,Right,DDColor,Reinhard
T003381,N07,Student,Visual Harmony,IMG20260430110350,Reinhard,M0,Right,M0,Reinhard
T003382,N07,Student,Style Authenticity,IMG20260430102902,DDColor,M1,Left,DDColor,M1
T003383,N07,Student,Style Authenticity,IMG20260430104352,M0,M4,Right,M4,M0
T003384,N07,Student,Style Authenticity,IMG20260430104348,M4,Reinhard,Left,M4,Reinhard
T003385,N07,Student,Style Authenticity,IMG20260430103435,M0,DDColor,Right,DDColor,M0
T003386,N07,Student,Style Authenticity,IMG20260430103656,M1,M4,Right,M4,M1
T003387,N07,Student,Visual Harmony,IMG20260430104352,Reinhard,M4,Right,M4,Reinhard
T003388,N07,Student,Visual Harmony,IMG20260430102920,M4,M1,Left,M4,M1
T003389,N07,Student,Style Authenticity,IMG20260430102902,Reinhard,M4,Left,Reinhard,M4
T003390,N07,Student,Visual Harmony,IMG20260430104410,M4,M1,Left,M4,M1
T003391,N07,Student,Style Authenticity,IMG20260430110350,M0,M4,Right,M4,M0
T003392,N07,Student,Visual Harmony,IMG20260430103113,Reinhard,M4,Left,Reinhard,M4
T003393,N07,Student,Visual Harmony,IMG20260430103755,DDColor,M1,Right,M1,DDColor
T003394,N07,Student,Visual Harmony,IMG20260430104348,M4,M1,Left,M4,M1
T003395,N07,Student,Visual Harmony,IMG20260430104348,Reinhard,DDColor,Left,Reinhard,DDColor
T003396,N07,Student,Style Authenticity,IMG20260430103113,Reinhard,M0,Right,M0,Reinhard
T003397,N07,Student,Visual Harmony,IMG20260430102920,Reinhard,DDColor,Right,DDColor,Reinhard
T003398,N07,Student,Style Authenticity,IMG20260430104352,M0,DDColor,Left,M0,DDColor
T003399,N07,Student,Style Authenticity,IMG20260430102902,M4,M1,Left,M4,M1
T003400,N07,Student,Visual Harmony,IMG20260430104113,DDColor,M4,Right,M4,DDColor
T003401,N07,Student,Visual Harmony,IMG20260430103043,DDColor,M0,Left,DDColor,M0
T003402,N07,Student,Visual Harmony,IMG20260430102920,Reinhard,M0,Right,M0,Reinhard
T003403,N07,Student,Style Authenticity,IMG20260430102920,Reinhard,DDColor,Left,Reinhard,DDColor
T003404,N07,Student,Visual Harmony,IMG20260430103755,M4,M0,Left,M4,M0
T003405,N07,Student,Style Authenticity,IMG20260430103113,M1,DDColor,Left,M1,DDColor
T003406,N07,Student,Visual Harmony,IMG20260430104352,M1,M0,Right,M0,M1
T003407,N07,Student,Visual Harmony,IMG20260430110350,Reinhard,M4,Right,M4,Reinhard
T003408,N07,Student,Style Authenticity,IMG20260430110350,DDColor,M0,Right,M0,DDColor
T003409,N07,Student,Style Authenticity,IMG20260430104348,DDColor,M1,Right,M1,DDColor
T003410,N07,Student,Style Authenticity,IMG20260430103656,DDColor,M4,Left,DDColor,M4
T003411,N07,Student,Style Authenticity,IMG20260430104113,M1,Reinhard,Left,M1,Reinhard
T003412,N07,Student,Style Authenticity,IMG20260430103755,M0,M1,Left,M0,M1
T003413,N07,Student,Style Authenticity,IMG20260430104113,M4,M0,Right,M0,M4
T003414,N07,Student,Visual Harmony,IMG20260430102902,DDColor,M4,Right,M4,DDColor
T003415,N07,Student,Style Authenticity,IMG20260430103435,M0,M1,Right,M1,M0
T003416,N07,Student,Visual Harmony,IMG20260430104410,M1,M0,Left,M1,M0
T003417,N07,Student,Visual Harmony,IMG20260430104113,M0,Reinhard,Right,Reinhard,M0
T003418,N07,Student,Visual Harmony,IMG20260430103043,M4,DDColor,Left,M4,DDColor
T003419,N07,Student,Style Authenticity,IMG20260430102920,M0,DDColor,Right,DDColor,M0
T003420,N07,Student,Visual Harmony,IMG20260430103435,M1,M4,Right,M4,M1
T003421,N07,Student,Style Authenticity,IMG20260430110350,M1,DDColor,Right,DDColor,M1
T003422,N07,Student,Style Authenticity,IMG20260430104113,DDColor,M4,Right,M4,DDColor
T003423,N07,Student,Style Authenticity,IMG20260430104348,M4,DDColor,Left,M4,DDColor
T003424,N07,Student,Visual Harmony,IMG20260430102920,Reinhard,M4,Left,Reinhard,M4
T003425,N07,Student,Style Authenticity,IMG20260430103043,Reinhard,M1,Right,M1,Reinhard
T003426,N07,Student,Visual Harmony,IMG20260430104410,DDColor,M4,Right,M4,DDColor
T003427,N07,Student,Visual Harmony,IMG20260430103755,M0,M1,Left,M0,M1
T003428,N07,Student,Style Authenticity,IMG20260430104410,M4,Reinhard,Right,Reinhard,M4
T003429,N07,Student,Style Authenticity,IMG20260430104410,M0,M1,Left,M0,M1
T003430,N07,Student,Visual Harmony,IMG20260430102902,Reinhard,M0,Left,Reinhard,M0
T003431,N07,Student,Style Authenticity,IMG20260430102920,M0,M4,Right,M4,M0
T003432,N07,Student,Style Authenticity,IMG20260430103043,M0,Reinhard,Left,M0,Reinhard
T003433,N07,Student,Style Authenticity,IMG20260430104113,M4,M1,Left,M4,M1
T003434,N07,Student,Style Authenticity,IMG20260430103043,M1,M4,Right,M4,M1
T003435,N07,Student,Style Authenticity,IMG20260430103043,M1,DDColor,Left,M1,DDColor
T003436,N07,Student,Style Authenticity,IMG20260430103043,M1,M0,Left,M1,M0
T003437,N07,Student,Visual Harmony,IMG20260430104348,M1,DDColor,Left,M1,DDColor
T003438,N07,Student,Style Authenticity,IMG20260430103755,M0,M4,Right,M4,M0
T003439,N07,Student,Visual Harmony,IMG20260430103755,Reinhard,M0,Right,M0,Reinhard
T003440,N07,Student,Style Authenticity,IMG20260430110350,M0,Reinhard,Left,M0,Reinhard
T003441,N07,Student,Visual Harmony,IMG20260430104113,M4,M0,Left,M4,M0
T003442,N07,Student,Style Authenticity,IMG20260430104410,DDColor,M1,Left,DDColor,M1
T003443,N07,Student,Style Authenticity,IMG20260430103755,DDColor,M0,Right,M0,DDColor
T003444,N07,Student,Visual Harmony,IMG20260430104348,M0,Reinhard,Left,M0,Reinhard
T003445,N07,Student,Visual Harmony,IMG20260430103435,M4,Reinhard,Left,M4,Reinhard
T003446,N07,Student,Style Authenticity,IMG20260430104352,Reinhard,M1,Left,Reinhard,M1
T003447,N07,Student,Visual Harmony,IMG20260430103755,M4,DDColor,Right,DDColor,M4
T003448,N07,Student,Style Authenticity,IMG20260430104348,M1,Reinhard,Left,M1,Reinhard
T003449,N07,Student,Style Authenticity,IMG20260430103435,DDColor,Reinhard,Right,Reinhard,DDColor
T003450,N07,Student,Style Authenticity,IMG20260430103435,M0,Reinhard,Left,M0,Reinhard
T003451,N07,Student,Style Authenticity,IMG20260430102920,Reinhard,M0,Right,M0,Reinhard
T003452,N07,Student,Visual Harmony,IMG20260430104352,Reinhard,M0,Right,M0,Reinhard
T003453,N07,Student,Style Authenticity,IMG20260430103043,M0,M4,Right,M4,M0
T003454,N07,Student,Style Authenticity,IMG20260430110350,DDColor,M4,Right,M4,DDColor
T003455,N07,Student,Style Authenticity,IMG20260430104410,Reinhard,M1,Right,M1,Reinhard
T003456,N07,Student,Visual Harmony,IMG20260430103113,Reinhard,M0,Right,M0,Reinhard
T003457,N07,Student,Visual Harmony,IMG20260430103043,M1,Reinhard,Left,M1,Reinhard
T003458,N07,Student,Visual Harmony,IMG20260430104410,DDColor,M0,Right,M0,DDColor
T003459,N07,Student,Style Authenticity,IMG20260430104348,M1,M4,Right,M4,M1
T003460,N07,Student,Style Authenticity,IMG20260430104348,M4,M0,Left,M4,M0
T003461,N07,Student,Visual Harmony,IMG20260430110350,Reinhard,DDColor,Left,Reinhard,DDColor
T003462,N07,Student,Visual Harmony,IMG20260430102902,M1,M4,Right,M4,M1
T003463,N07,Student,Style Authenticity,IMG20260430103656,M1,M0,Right,M0,M1
T003464,N07,Student,Visual Harmony,IMG20260430104113,M1,M4,Right,M4,M1
T003465,N07,Student,Visual Harmony,IMG20260430104348,M1,Reinhard,Left,M1,Reinhard
T003466,N07,Student,Style Authenticity,IMG20260430103656,DDColor,M1,Right,M1,DDColor
T003467,N07,Student,Visual Harmony,IMG20260430104113,DDColor,Reinhard,Left,DDColor,Reinhard
T003468,N07,Student,Style Authenticity,IMG20260430104410,M0,M4,Left,M0,M4
T003469,N07,Student,Style Authenticity,IMG20260430110350,M4,M1,Right,M1,M4
T003470,N07,Student,Style Authenticity,IMG20260430104410,M0,DDColor,Right,DDColor,M0
T003471,N07,Student,Visual Harmony,IMG20260430104410,M1,DDColor,Left,M1,DDColor
T003472,N07,Student,Style Authenticity,IMG20260430103113,Reinhard,DDColor,Left,Reinhard,DDColor
T003473,N07,Student,Style Authenticity,IMG20260430103755,Reinhard,DDColor,Left,Reinhard,DDColor
T003474,N07,Student,Visual Harmony,IMG20260430103656,Reinhard,M0,Right,M0,Reinhard
T003475,N07,Student,Visual Harmony,IMG20260430104410,Reinhard,M1,Left,Reinhard,M1
T003476,N07,Student,Style Authenticity,IMG20260430103656,M0,M4,Left,M0,M4
T003477,N07,Student,Visual Harmony,IMG20260430103043,M4,M1,Left,M4,M1
T003478,N07,Student,Visual Harmony,IMG20260430102920,DDColor,M0,Right,M0,DDColor
T003479,N07,Student,Style Authenticity,IMG20260430103113,M0,M4,Left,M0,M4
T003480,N07,Student,Style Authenticity,IMG20260430102902,M1,Reinhard,Left,M1,Reinhard
T003481,N07,Student,Style Authenticity,IMG20260430103113,Reinhard,M1,Right,M1,Reinhard
T003482,N07,Student,Visual Harmony,IMG20260430102920,M1,M0,Right,M0,M1
T003483,N07,Student,Visual Harmony,IMG20260430110350,Reinhard,M1,Right,M1,Reinhard
T003484,N07,Student,Style Authenticity,IMG20260430102902,M0,M1,Left,M0,M1
T003485,N07,Student,Visual Harmony,IMG20260430104410,Reinhard,DDColor,Left,Reinhard,DDColor
T003486,N07,Student,Visual Harmony,IMG20260430104113,DDColor,M0,Left,DDColor,M0
T003487,N07,Student,Visual Harmony,IMG20260430102902,M4,M0,Left,M4,M0
T003488,N07,Student,Style Authenticity,IMG20260430104113,M4,Reinhard,Left,M4,Reinhard
T003489,N07,Student,Style Authenticity,IMG20260430104410,DDColor,Reinhard,Right,Reinhard,DDColor
T003490,N07,Student,Visual Harmony,IMG20260430103435,Reinhard,DDColor,Left,Reinhard,DDColor
T003491,N07,Student,Visual Harmony,IMG20260430102920,M4,M0,Right,M0,M4
T003492,N07,Student,Visual Harmony,IMG20260430103656,M4,M1,Right,M1,M4
T003493,N07,Student,Visual Harmony,IMG20260430103043,Reinhard,M4,Right,M4,Reinhard
T003494,N07,Student,Visual Harmony,IMG20260430104348,M0,M1,Left,M0,M1
T003495,N07,Student,Style Authenticity,IMG20260430103043,M0,DDColor,Left,M0,DDColor
T003496,N07,Student,Style Authenticity,IMG20260430102902,DDColor,Reinhard,Right,Reinhard,DDColor
T003497,N07,Student,Visual Harmony,IMG20260430104348,Reinhard,M4,Right,M4,Reinhard
T003498,N07,Student,Style Authenticity,IMG20260430102920,Reinhard,M1,Right,M1,Reinhard
T003499,N07,Student,Visual Harmony,IMG20260430103755,Reinhard,DDColor,Left,Reinhard,DDColor
T003500,N07,Student,Style Authenticity,IMG20260430103755,DDColor,M4,Right,M4,DDColor
T003501,N07,Student,Style Authenticity,IMG20260430104410,M1,M4,Left,M1,M4
T003502,N07,Student,Visual Harmony,IMG20260430104352,M1,DDColor,Right,DDColor,M1
T003503,N07,Student,Visual Harmony,IMG20260430103435,DDColor,M4,Right,M4,DDColor
T003504,N07,Student,Visual Harmony,IMG20260430103435,DDColor,M1,Right,M1,DDColor
T003505,N07,Student,Visual Harmony,IMG20260430104113,M4,Reinhard,Left,M4,Reinhard
T003506,N07,Student,Style Authenticity,IMG20260430103755,Reinhard,M4,Left,Reinhard,M4
T003507,N07,Student,Visual Harmony,IMG20260430104352,Reinhard,M1,Left,Reinhard,M1
T003508,N07,Student,Visual Harmony,IMG20260430103043,M1,M0,Left,M1,M0
T003509,N07,Student,Style Authenticity,IMG20260430103656,M0,DDColor,Left,M0,DDColor
T003510,N07,Student,Visual Harmony,IMG20260430104348,M0,M4,Left,M0,M4
T003511,N07,Student,Style Authenticity,IMG20260430103435,Reinhard,M1,Left,Reinhard,M1
T003512,N07,Student,Style Authenticity,IMG20260430104348,M0,DDColor,Right,DDColor,M0
T003513,N07,Student,Style Authenticity,IMG20260430102920,DDColor,M4,Right,M4,DDColor
T003514,N07,Student,Style Authenticity,IMG20260430104113,Reinhard,M0,Right,M0,Reinhard
T003515,N07,Student,Visual Harmony,IMG20260430103656,Reinhard,M1,Right,M1,Reinhard
T003516,N07,Student,Style Authenticity,IMG20260430104113,DDColor,M1,Left,DDColor,M1
T003517,N07,Student,Visual Harmony,IMG20260430102902,M0,DDColor,Right,DDColor,M0
T003518,N07,Student,Style Authenticity,IMG20260430104352,M0,Reinhard,Left,M0,Reinhard
T003519,N07,Student,Style Authenticity,IMG20260430102902,Reinhard,M0,Right,M0,Reinhard
T003520,N07,Student,Visual Harmony,IMG20260430110350,DDColor,M0,Right,M0,DDColor
T003521,N07,Student,Visual Harmony,IMG20260430110350,M0,M4,Right,M4,M0
T003522,N07,Student,Visual Harmony,IMG20260430103656,M0,M4,Right,M4,M0
T003523,N07,Student,Visual Harmony,IMG20260430104410,Reinhard,M4,Left,Reinhard,M4
T003524,N07,Student,Style Authenticity,IMG20260430103113,Reinhard,M4,Right,M4,Reinhard
T003525,N07,Student,Visual Harmony,IMG20260430103656,DDColor,Reinhard,Left,DDColor,Reinhard
T003526,N07,Student,Visual Harmony,IMG20260430103656,M4,DDColor,Left,M4,DDColor
T003527,N07,Student,Style Authenticity,IMG20260430102920,M0,M1,Right,M1,M0
T003528,N07,Student,Style Authenticity,IMG20260430103043,M4,DDColor,Left,M4,DDColor
T003529,N07,Student,Visual Harmony,IMG20260430103113,M0,M1,Right,M1,M0
T003530,N07,Student,Style Authenticity,IMG20260430103043,Reinhard,M4,Left,Reinhard,M4
T003531,N07,Student,Style Authenticity,IMG20260430103435,DDColor,M4,Right,M4,DDColor
T003532,N07,Student,Visual Harmony,IMG20260430104410,Reinhard,M0,Left,Reinhard,M0
T003533,N07,Student,Style Authenticity,IMG20260430102920,M4,M1,Right,M1,M4
T003534,N07,Student,Visual Harmony,IMG20260430102920,M4,DDColor,Left,M4,DDColor
T003535,N07,Student,Visual Harmony,IMG20260430102902,M1,DDColor,Left,M1,DDColor
T003536,N07,Student,Visual Harmony,IMG20260430104113,Reinhard,M1,Left,Reinhard,M1
T003537,N07,Student,Style Authenticity,IMG20260430104352,Reinhard,M4,Right,M4,Reinhard
T003538,N07,Student,Visual Harmony,IMG20260430103113,M4,M0,Left,M4,M0
T003539,N07,Student,Style Authenticity,IMG20260430104348,M0,Reinhard,Left,M0,Reinhard
T003540,N07,Student,Style Authenticity,IMG20260430103656,Reinhard,DDColor,Right,DDColor,Reinhard
T003541,N07,Student,Style Authenticity,IMG20260430103435,M1,M4,Left,M1,M4
T003542,N07,Student,Style Authenticity,IMG20260430102902,DDColor,M4,Right,M4,DDColor
T003543,N07,Student,Style Authenticity,IMG20260430104352,M0,M1,Left,M0,M1
T003544,N07,Student,Style Authenticity,IMG20260430102902,M4,M0,Right,M0,M4
T003545,N07,Student,Visual Harmony,IMG20260430104352,DDColor,M4,Right,M4,DDColor
T003546,N07,Student,Visual Harmony,IMG20260430102902,M1,M0,Left,M1,M0
T003547,N07,Student,Style Authenticity,IMG20260430103113,M0,M1,Right,M1,M0
T003548,N07,Student,Visual Harmony,IMG20260430103656,DDColor,M1,Left,DDColor,M1
T003549,N07,Student,Style Authenticity,IMG20260430103656,Reinhard,M0,Left,Reinhard,M0
T003550,N07,Student,Visual Harmony,IMG20260430102920,Reinhard,M1,Right,M1,Reinhard
T003551,N07,Student,Style Authenticity,IMG20260430110350,Reinhard,M4,Right,M4,Reinhard
T003552,N07,Student,Style Authenticity,IMG20260430104352,Reinhard,DDColor,Left,Reinhard,DDColor
T003553,N07,Student,Visual Harmony,IMG20260430103113,M1,M4,Right,M4,M1
T003554,N07,Student,Visual Harmony,IMG20260430103435,Reinhard,M0,Right,M0,Reinhard
T003555,N07,Student,Style Authenticity,IMG20260430104352,M1,M4,Right,M4,M1
T003556,N07,Student,Style Authenticity,IMG20260430104410,M4,DDColor,Left,M4,DDColor
T003557,N07,Student,Style Authenticity,IMG20260430110350,M0,M1,Left,M0,M1
T003558,N07,Student,Style Authenticity,IMG20260430104113,M1,M0,Right,M0,M1
T003559,N07,Student,Style Authenticity,IMG20260430104410,Reinhard,M0,Left,Reinhard,M0
T003560,N07,Student,Visual Harmony,IMG20260430102902,Reinhard,M4,Right,M4,Reinhard
T003561,N07,Student,Visual Harmony,IMG20260430110350,M1,M4,Right,M4,M1
T003562,N07,Student,Visual Harmony,IMG20260430103043,DDColor,Reinhard,Left,DDColor,Reinhard
T003563,N07,Student,Style Authenticity,IMG20260430110350,M1,Reinhard,Right,Reinhard,M1
T003564,N07,Student,Style Authenticity,IMG20260430104352,DDColor,M1,Left,DDColor,M1
T003565,N07,Student,Style Authenticity,IMG20260430103043,Reinhard,DDColor,Right,DDColor,Reinhard
T003566,N07,Student,Visual Harmony,IMG20260430103755,M0,DDColor,Left,M0,DDColor
T003567,N07,Student,Visual Harmony,IMG20260430103043,Reinhard,M0,Right,M0,Reinhard
T003568,N07,Student,Style Authenticity,IMG20260430103435,M4,M0,Left,M4,M0
T003569,N07,Student,Style Authenticity,IMG20260430103435,M4,Reinhard,Left,M4,Reinhard
T003570,N07,Student,Visual Harmony,IMG20260430103043,M1,DDColor,Right,DDColor,M1
T003571,N07,Student,Visual Harmony,IMG20260430110350,M4,DDColor,Right,DDColor,M4
T003572,N07,Student,Style Authenticity,IMG20260430103113,M4,M1,Left,M4,M1
T003573,N07,Student,Visual Harmony,IMG20260430103755,M1,M4,Right,M4,M1
T003574,N07,Student,Visual Harmony,IMG20260430104352,M1,M4,Right,M4,M1
T003575,N07,Student,Visual Harmony,IMG20260430103755,M4,Reinhard,Left,M4,Reinhard
T003576,N07,Student,Visual Harmony,IMG20260430103113,DDColor,M4,Right,M4,DDColor
T003577,N07,Student,Visual Harmony,IMG20260430104352,Reinhard,DDColor,Left,Reinhard,DDColor
T003578,N07,Student,Style Authenticity,IMG20260430104352,DDColor,M4,Left,DDColor,M4
T003579,N07,Student,Visual Harmony,IMG20260430103113,DDColor,M0,Right,M0,DDColor
T003580,N07,Student,Visual Harmony,IMG20260430103656,M0,M1,Right,M1,M0
T003581,N07,Student,Style Authenticity,IMG20260430102920,M1,DDColor,Left,M1,DDColor
T003582,N07,Student,Style Authenticity,IMG20260430103656,Reinhard,M4,Right,M4,Reinhard
T003583,N07,Student,Style Authenticity,IMG20260430104348,M1,M0,Left,M1,M0
T003584,N07,Student,Visual Harmony,IMG20260430102902,M1,Reinhard,Left,M1,Reinhard
T003585,N07,Student,Visual Harmony,IMG20260430103656,M0,DDColor,Right,DDColor,M0
T003586,N07,Student,Visual Harmony,IMG20260430103435,M4,M0,Left,M4,M0
T003587,N07,Student,Visual Harmony,IMG20260430104410,M4,M0,Left,M4,M0
T003588,N07,Student,Visual Harmony,IMG20260430110350,M0,M1,Right,M1,M0
T003589,N07,Student,Visual Harmony,IMG20260430103113,DDColor,M1,Right,M1,DDColor
T003590,N07,Student,Style Authenticity,IMG20260430103113,DDColor,M0,Right,M0,DDColor
T003591,N07,Student,Style Authenticity,IMG20260430110350,Reinhard,DDColor,Right,DDColor,Reinhard
T003592,N07,Student,Visual Harmony,IMG20260430104348,M0,DDColor,Left,M0,DDColor
T003593,N07,Student,Style Authenticity,IMG20260430104348,DDColor,Reinhard,Left,DDColor,Reinhard
T003594,N07,Student,Visual Harmony,IMG20260430103656,Reinhard,M4,Left,Reinhard,M4
T003595,N07,Student,Style Authenticity,IMG20260430102902,M0,DDColor,Left,M0,DDColor
T003596,N07,Student,Style Authenticity,IMG20260430103755,M0,Reinhard,Left,M0,Reinhard
T003597,N07,Student,Visual Harmony,IMG20260430103435,M1,M0,Left,M1,M0
T003598,N07,Student,Style Authenticity,IMG20260430104113,DDColor,M0,Right,M0,DDColor
T003599,N07,Student,Visual Harmony,IMG20260430103435,DDColor,M0,Right,M0,DDColor
T003600,N07,Student,Style Authenticity,IMG20260430102920,Reinhard,M4,Left,Reinhard,M4
T003601,N08,Student,Style Authenticity,IMG20260430103656,Reinhard,M4,Right,M4,Reinhard
T003602,N08,Student,Style Authenticity,IMG20260430104348,M1,M4,Right,M4,M1
T003603,N08,Student,Style Authenticity,IMG20260430104348,M4,M0,Left,M4,M0
T003604,N08,Student,Style Authenticity,IMG20260430104410,Reinhard,DDColor,Right,DDColor,Reinhard
T003605,N08,Student,Style Authenticity,IMG20260430103656,M4,M1,Left,M4,M1
T003606,N08,Student,Style Authenticity,IMG20260430103656,M0,M1,Right,M1,M0
T003607,N08,Student,Visual Harmony,IMG20260430104348,DDColor,M1,Left,DDColor,M1
T003608,N08,Student,Visual Harmony,IMG20260430103755,M1,Reinhard,Right,Reinhard,M1
T003609,N08,Student,Style Authenticity,IMG20260430103755,M1,M0,Left,M1,M0
T003610,N08,Student,Visual Harmony,IMG20260430103043,Reinhard,M0,Left,Reinhard,M0
T003611,N08,Student,Visual Harmony,IMG20260430103656,DDColor,M0,Right,M0,DDColor
T003612,N08,Student,Style Authenticity,IMG20260430104348,M0,DDColor,Left,M0,DDColor
T003613,N08,Student,Style Authenticity,IMG20260430103043,Reinhard,M1,Right,M1,Reinhard
T003614,N08,Student,Style Authenticity,IMG20260430103755,Reinhard,DDColor,Left,Reinhard,DDColor
T003615,N08,Student,Visual Harmony,IMG20260430103435,M1,DDColor,Left,M1,DDColor
T003616,N08,Student,Style Authenticity,IMG20260430103435,M4,DDColor,Left,M4,DDColor
T003617,N08,Student,Visual Harmony,IMG20260430102920,DDColor,M0,Left,DDColor,M0
T003618,N08,Student,Style Authenticity,IMG20260430103043,M0,M1,Left,M0,M1
T003619,N08,Student,Visual Harmony,IMG20260430103435,M0,Reinhard,Right,Reinhard,M0
T003620,N08,Student,Style Authenticity,IMG20260430103113,M4,M1,Left,M4,M1
T003621,N08,Student,Visual Harmony,IMG20260430102902,M1,DDColor,Right,DDColor,M1
T003622,N08,Student,Style Authenticity,IMG20260430104348,Reinhard,M1,Right,M1,Reinhard
T003623,N08,Student,Style Authenticity,IMG20260430103656,M0,DDColor,Left,M0,DDColor
T003624,N08,Student,Style Authenticity,IMG20260430103755,M4,M0,Right,M0,M4
T003625,N08,Student,Visual Harmony,IMG20260430103043,DDColor,M1,Left,DDColor,M1
T003626,N08,Student,Visual Harmony,IMG20260430103113,M4,M0,Right,M0,M4
T003627,N08,Student,Style Authenticity,IMG20260430104410,Reinhard,M4,Left,Reinhard,M4
T003628,N08,Student,Style Authenticity,IMG20260430104352,Reinhard,DDColor,Left,Reinhard,DDColor
T003629,N08,Student,Style Authenticity,IMG20260430104113,M4,M1,Right,M1,M4
T003630,N08,Student,Visual Harmony,IMG20260430102920,M4,M1,Right,M1,M4
T003631,N08,Student,Visual Harmony,IMG20260430103043,M1,Reinhard,Left,M1,Reinhard
T003632,N08,Student,Visual Harmony,IMG20260430103755,M1,M4,Left,M1,M4
T003633,N08,Student,Style Authenticity,IMG20260430103656,Reinhard,M1,Right,M1,Reinhard
T003634,N08,Student,Style Authenticity,IMG20260430102902,DDColor,M0,Right,M0,DDColor
T003635,N08,Student,Visual Harmony,IMG20260430110350,Reinhard,DDColor,Right,DDColor,Reinhard
T003636,N08,Student,Visual Harmony,IMG20260430103656,M0,M4,Right,M4,M0
T003637,N08,Student,Style Authenticity,IMG20260430103043,M1,M4,Right,M4,M1
T003638,N08,Student,Visual Harmony,IMG20260430102920,M4,Reinhard,Left,M4,Reinhard
T003639,N08,Student,Style Authenticity,IMG20260430104113,M1,Reinhard,Right,Reinhard,M1
T003640,N08,Student,Visual Harmony,IMG20260430103755,DDColor,M4,Left,DDColor,M4
T003641,N08,Student,Style Authenticity,IMG20260430103656,DDColor,Reinhard,Right,Reinhard,DDColor
T003642,N08,Student,Visual Harmony,IMG20260430104410,Reinhard,M0,Left,Reinhard,M0
T003643,N08,Student,Style Authenticity,IMG20260430103043,DDColor,M0,Right,M0,DDColor
T003644,N08,Student,Visual Harmony,IMG20260430104348,M4,M1,Left,M4,M1
T003645,N08,Student,Style Authenticity,IMG20260430110350,DDColor,M4,Right,M4,DDColor
T003646,N08,Student,Style Authenticity,IMG20260430103755,M0,DDColor,Left,M0,DDColor
T003647,N08,Student,Style Authenticity,IMG20260430110350,M1,M0,Left,M1,M0
T003648,N08,Student,Style Authenticity,IMG20260430104410,M4,M0,Right,M0,M4
T003649,N08,Student,Style Authenticity,IMG20260430103435,M1,Reinhard,Left,M1,Reinhard
T003650,N08,Student,Visual Harmony,IMG20260430103755,DDColor,Reinhard,Left,DDColor,Reinhard
T003651,N08,Student,Visual Harmony,IMG20260430110350,M1,Reinhard,Left,M1,Reinhard
T003652,N08,Student,Style Authenticity,IMG20260430104410,M1,M4,Right,M4,M1
T003653,N08,Student,Visual Harmony,IMG20260430110350,Reinhard,M4,Right,M4,Reinhard
T003654,N08,Student,Visual Harmony,IMG20260430103656,Reinhard,M1,Right,M1,Reinhard
T003655,N08,Student,Style Authenticity,IMG20260430104352,M1,M0,Right,M0,M1
T003656,N08,Student,Style Authenticity,IMG20260430104352,M4,M1,Left,M4,M1
T003657,N08,Student,Visual Harmony,IMG20260430103656,M0,M1,Right,M1,M0
T003658,N08,Student,Style Authenticity,IMG20260430103043,DDColor,Reinhard,Left,DDColor,Reinhard
T003659,N08,Student,Style Authenticity,IMG20260430103755,M1,M4,Left,M1,M4
T003660,N08,Student,Visual Harmony,IMG20260430104348,M0,M4,Right,M4,M0
T003661,N08,Student,Style Authenticity,IMG20260430104352,Reinhard,M0,Right,M0,Reinhard
T003662,N08,Student,Style Authenticity,IMG20260430103435,M4,M0,Left,M4,M0
T003663,N08,Student,Visual Harmony,IMG20260430103435,M0,M4,Right,M4,M0
T003664,N08,Student,Style Authenticity,IMG20260430110350,M4,M0,Left,M4,M0
T003665,N08,Student,Visual Harmony,IMG20260430110350,M0,M4,Right,M4,M0
T003666,N08,Student,Style Authenticity,IMG20260430110350,M1,Reinhard,Right,Reinhard,M1
T003667,N08,Student,Visual Harmony,IMG20260430102902,DDColor,M4,Right,M4,DDColor
T003668,N08,Student,Visual Harmony,IMG20260430104410,M1,Reinhard,Left,M1,Reinhard
T003669,N08,Student,Visual Harmony,IMG20260430104410,M4,M0,Left,M4,M0
T003670,N08,Student,Visual Harmony,IMG20260430102902,M0,Reinhard,Left,M0,Reinhard
T003671,N08,Student,Visual Harmony,IMG20260430103113,M4,DDColor,Left,M4,DDColor
T003672,N08,Student,Visual Harmony,IMG20260430102902,M1,Reinhard,Right,Reinhard,M1
T003673,N08,Student,Style Authenticity,IMG20260430103755,DDColor,M1,Left,DDColor,M1
T003674,N08,Student,Visual Harmony,IMG20260430104113,M0,DDColor,Left,M0,DDColor
T003675,N08,Student,Style Authenticity,IMG20260430104113,DDColor,Reinhard,Left,DDColor,Reinhard
T003676,N08,Student,Style Authenticity,IMG20260430103113,M4,M0,Right,M0,M4
T003677,N08,Student,Style Authenticity,IMG20260430110350,M4,Reinhard,Left,M4,Reinhard
T003678,N08,Student,Visual Harmony,IMG20260430102902,M0,DDColor,Left,M0,DDColor
T003679,N08,Student,Visual Harmony,IMG20260430103435,M0,M1,Right,M1,M0
T003680,N08,Student,Style Authenticity,IMG20260430102902,M4,DDColor,Left,M4,DDColor
T003681,N08,Student,Style Authenticity,IMG20260430103435,M4,M1,Left,M4,M1
T003682,N08,Student,Visual Harmony,IMG20260430103435,Reinhard,DDColor,Right,DDColor,Reinhard
T003683,N08,Student,Style Authenticity,IMG20260430102920,DDColor,M1,Right,M1,DDColor
T003684,N08,Student,Visual Harmony,IMG20260430102920,Reinhard,M0,Left,Reinhard,M0
T003685,N08,Student,Style Authenticity,IMG20260430103656,DDColor,M4,Right,M4,DDColor
T003686,N08,Student,Style Authenticity,IMG20260430103435,M0,DDColor,Left,M0,DDColor
T003687,N08,Student,Style Authenticity,IMG20260430102902,M0,M1,Right,M1,M0
T003688,N08,Student,Style Authenticity,IMG20260430102902,M0,M4,Right,M4,M0
T003689,N08,Student,Visual Harmony,IMG20260430103755,M4,Reinhard,Left,M4,Reinhard
T003690,N08,Student,Visual Harmony,IMG20260430103755,Reinhard,M0,Right,M0,Reinhard
T003691,N08,Student,Visual Harmony,IMG20260430103755,M1,M0,Left,M1,M0
T003692,N08,Student,Visual Harmony,IMG20260430103435,M4,DDColor,Left,M4,DDColor
T003693,N08,Student,Visual Harmony,IMG20260430102920,DDColor,M1,Left,DDColor,M1
T003694,N08,Student,Style Authenticity,IMG20260430104348,M1,DDColor,Left,M1,DDColor
T003695,N08,Student,Style Authenticity,IMG20260430102902,Reinhard,M0,Right,M0,Reinhard
T003696,N08,Student,Visual Harmony,IMG20260430102902,M4,Reinhard,Left,M4,Reinhard
T003697,N08,Student,Visual Harmony,IMG20260430102920,M1,M0,Left,M1,M0
T003698,N08,Student,Style Authenticity,IMG20260430102902,Reinhard,DDColor,Right,DDColor,Reinhard
T003699,N08,Student,Style Authenticity,IMG20260430104348,Reinhard,M0,Right,M0,Reinhard
T003700,N08,Student,Style Authenticity,IMG20260430104410,M0,M1,Right,M1,M0
T003701,N08,Student,Style Authenticity,IMG20260430102920,DDColor,Reinhard,Left,DDColor,Reinhard
T003702,N08,Student,Visual Harmony,IMG20260430103435,M0,DDColor,Left,M0,DDColor
T003703,N08,Student,Style Authenticity,IMG20260430102920,DDColor,M4,Right,M4,DDColor
T003704,N08,Student,Style Authenticity,IMG20260430104410,DDColor,M4,Right,M4,DDColor
T003705,N08,Student,Style Authenticity,IMG20260430103043,M4,DDColor,Left,M4,DDColor
T003706,N08,Student,Style Authenticity,IMG20260430102920,M0,Reinhard,Right,Reinhard,M0
T003707,N08,Student,Visual Harmony,IMG20260430110350,M0,Reinhard,Left,M0,Reinhard
T003708,N08,Student,Style Authenticity,IMG20260430103755,M1,Reinhard,Right,Reinhard,M1
T003709,N08,Student,Visual Harmony,IMG20260430103755,DDColor,M1,Right,M1,DDColor
T003710,N08,Student,Style Authenticity,IMG20260430103043,DDColor,M1,Right,M1,DDColor
T003711,N08,Student,Style Authenticity,IMG20260430103755,Reinhard,M4,Right,M4,Reinhard
T003712,N08,Student,Style Authenticity,IMG20260430102920,DDColor,M0,Right,M0,DDColor
T003713,N08,Student,Style Authenticity,IMG20260430102920,M4,M1,Left,M4,M1
T003714,N08,Student,Visual Harmony,IMG20260430103656,M0,Reinhard,Left,M0,Reinhard
T003715,N08,Student,Style Authenticity,IMG20260430103435,DDColor,Reinhard,Right,Reinhard,DDColor
T003716,N08,Student,Visual Harmony,IMG20260430104410,M1,DDColor,Left,M1,DDColor
T003717,N08,Student,Style Authenticity,IMG20260430102920,M0,M1,Right,M1,M0
T003718,N08,Student,Visual Harmony,IMG20260430103043,M4,M0,Right,M0,M4
T003719,N08,Student,Visual Harmony,IMG20260430104352,M1,M0,Left,M1,M0
T003720,N08,Student,Style Authenticity,IMG20260430103113,Reinhard,M0,Right,M0,Reinhard
T003721,N08,Student,Visual Harmony,IMG20260430110350,M1,M0,Right,M0,M1
T003722,N08,Student,Visual Harmony,IMG20260430110350,DDColor,M1,Right,M1,DDColor
T003723,N08,Student,Visual Harmony,IMG20260430102920,DDColor,M4,Right,M4,DDColor
T003724,N08,Student,Style Authenticity,IMG20260430103113,M1,DDColor,Right,DDColor,M1
T003725,N08,Student,Visual Harmony,IMG20260430104113,Reinhard,M4,Right,M4,Reinhard
T003726,N08,Student,Style Authenticity,IMG20260430103435,Reinhard,M0,Right,M0,Reinhard
T003727,N08,Student,Style Authenticity,IMG20260430104352,M1,Reinhard,Left,M1,Reinhard
T003728,N08,Student,Visual Harmony,IMG20260430104410,M4,Reinhard,Left,M4,Reinhard
T003729,N08,Student,Visual Harmony,IMG20260430110350,M4,M1,Left,M4,M1
T003730,N08,Student,Visual Harmony,IMG20260430103755,M4,M0,Left,M4,M0
T003731,N08,Student,Style Authenticity,IMG20260430102920,M0,M4,Left,M0,M4
T003732,N08,Student,Style Authenticity,IMG20260430104410,M1,Reinhard,Left,M1,Reinhard
T003733,N08,Student,Style Authenticity,IMG20260430102920,M1,Reinhard,Left,M1,Reinhard
T003734,N08,Student,Style Authenticity,IMG20260430103113,M1,M0,Right,M0,M1
T003735,N08,Student,Style Authenticity,IMG20260430103755,DDColor,M4,Left,DDColor,M4
T003736,N08,Student,Visual Harmony,IMG20260430103113,M4,Reinhard,Left,M4,Reinhard
T003737,N08,Student,Visual Harmony,IMG20260430104410,DDColor,Reinhard,Left,DDColor,Reinhard
T003738,N08,Student,Visual Harmony,IMG20260430102902,DDColor,Reinhard,Left,DDColor,Reinhard
T003739,N08,Student,Visual Harmony,IMG20260430104352,Reinhard,M1,Right,M1,Reinhard
T003740,N08,Student,Visual Harmony,IMG20260430104410,M1,M4,Left,M1,M4
T003741,N08,Student,Style Authenticity,IMG20260430104113,M4,Reinhard,Left,M4,Reinhard
T003742,N08,Student,Style Authenticity,IMG20260430102902,Reinhard,M4,Left,Reinhard,M4
T003743,N08,Student,Style Authenticity,IMG20260430104352,DDColor,M1,Left,DDColor,M1
T003744,N08,Student,Style Authenticity,IMG20260430104348,DDColor,Reinhard,Right,Reinhard,DDColor
T003745,N08,Student,Visual Harmony,IMG20260430103043,M1,M4,Right,M4,M1
T003746,N08,Student,Visual Harmony,IMG20260430103656,DDColor,M1,Right,M1,DDColor
T003747,N08,Student,Style Authenticity,IMG20260430104113,Reinhard,M0,Right,M0,Reinhard
T003748,N08,Student,Style Authenticity,IMG20260430104348,M1,M0,Left,M1,M0
T003749,N08,Student,Style Authenticity,IMG20260430103656,M0,M4,Right,M4,M0
T003750,N08,Student,Visual Harmony,IMG20260430104348,M0,M1,Right,M1,M0
T003751,N08,Student,Visual Harmony,IMG20260430104113,M0,M1,Right,M1,M0
T003752,N08,Student,Visual Harmony,IMG20260430103043,M4,Reinhard,Left,M4,Reinhard
T003753,N08,Student,Visual Harmony,IMG20260430102920,M0,M4,Right,M4,M0
T003754,N08,Student,Visual Harmony,IMG20260430103656,M4,Reinhard,Left,M4,Reinhard
T003755,N08,Student,Style Authenticity,IMG20260430103113,DDColor,Reinhard,Right,Reinhard,DDColor
T003756,N08,Student,Visual Harmony,IMG20260430103113,M1,DDColor,Left,M1,DDColor
T003757,N08,Student,Style Authenticity,IMG20260430103656,M0,Reinhard,Right,Reinhard,M0
T003758,N08,Student,Visual Harmony,IMG20260430104352,M0,M4,Left,M0,M4
T003759,N08,Student,Visual Harmony,IMG20260430102902,M0,M1,Left,M0,M1
T003760,N08,Student,Visual Harmony,IMG20260430110350,DDColor,M0,Right,M0,DDColor
T003761,N08,Student,Style Authenticity,IMG20260430104352,Reinhard,M4,Right,M4,Reinhard
T003762,N08,Student,Visual Harmony,IMG20260430104113,DDColor,Reinhard,Left,DDColor,Reinhard
T003763,N08,Student,Visual Harmony,IMG20260430103113,M0,DDColor,Left,M0,DDColor
T003764,N08,Student,Style Authenticity,IMG20260430103435,DDColor,M1,Left,DDColor,M1
T003765,N08,Student,Visual Harmony,IMG20260430103113,M1,M4,Left,M1,M4
T003766,N08,Student,Style Authenticity,IMG20260430110350,Reinhard,M0,Right,M0,Reinhard
T003767,N08,Student,Visual Harmony,IMG20260430103755,M0,DDColor,Left,M0,DDColor
T003768,N08,Student,Style Authenticity,IMG20260430104410,M0,DDColor,Left,M0,DDColor
T003769,N08,Student,Style Authenticity,IMG20260430104348,M4,DDColor,Left,M4,DDColor
T003770,N08,Student,Visual Harmony,IMG20260430104352,M4,Reinhard,Right,Reinhard,M4
T003771,N08,Student,Visual Harmony,IMG20260430103043,M1,M0,Left,M1,M0
T003772,N08,Student,Style Authenticity,IMG20260430103656,DDColor,M1,Left,DDColor,M1
T003773,N08,Student,Visual Harmony,IMG20260430104352,M4,DDColor,Left,M4,DDColor
T003774,N08,Student,Visual Harmony,IMG20260430103656,DDColor,M4,Right,M4,DDColor
T003775,N08,Student,Visual Harmony,IMG20260430104352,DDColor,M0,Left,DDColor,M0
T003776,N08,Student,Visual Harmony,IMG20260430104348,M1,Reinhard,Right,Reinhard,M1
T003777,N08,Student,Style Authenticity,IMG20260430103043,Reinhard,M0,Right,M0,Reinhard
T003778,N08,Student,Visual Harmony,IMG20260430104352,M1,M4,Right,M4,M1
T003779,N08,Student,Style Authenticity,IMG20260430103113,M0,DDColor,Left,M0,DDColor
T003780,N08,Student,Visual Harmony,IMG20260430103113,M0,M1,Left,M0,M1
T003781,N08,Student,Visual Harmony,IMG20260430103043,M4,DDColor,Right,DDColor,M4
T003782,N08,Student,Style Authenticity,IMG20260430103043,Reinhard,M4,Right,M4,Reinhard
T003783,N08,Student,Visual Harmony,IMG20260430104113,DDColor,M1,Right,M1,DDColor
T003784,N08,Student,Visual Harmony,IMG20260430103113,Reinhard,M0,Left,Reinhard,M0
T003785,N08,Student,Visual Harmony,IMG20260430104113,M1,M4,Right,M4,M1
T003786,N08,Student,Style Authenticity,IMG20260430103113,DDColor,M4,Right,M4,DDColor
T003787,N08,Student,Style Authenticity,IMG20260430104113,DDColor,M4,Right,M4,DDColor
T003788,N08,Student,Style Authenticity,IMG20260430104410,DDColor,M1,Right,M1,DDColor
T003789,N08,Student,Style Authenticity,IMG20260430103435,M4,Reinhard,Left,M4,Reinhard
T003790,N08,Student,Visual Harmony,IMG20260430104352,M1,DDColor,Right,DDColor,M1
T003791,N08,Student,Visual Harmony,IMG20260430104113,M4,DDColor,Left,M4,DDColor
T003792,N08,Student,Style Authenticity,IMG20260430104113,DDColor,M0,Left,DDColor,M0
T003793,N08,Student,Style Authenticity,IMG20260430102902,DDColor,M1,Left,DDColor,M1
T003794,N08,Student,Visual Harmony,IMG20260430103113,DDColor,Reinhard,Right,Reinhard,DDColor
T003795,N08,Student,Visual Harmony,IMG20260430102920,Reinhard,DDColor,Left,Reinhard,DDColor
T003796,N08,Student,Visual Harmony,IMG20260430103656,M4,M1,Right,M1,M4
T003797,N08,Student,Style Authenticity,IMG20260430110350,M1,DDColor,Left,M1,DDColor
T003798,N08,Student,Visual Harmony,IMG20260430102902,M4,M1,Right,M1,M4
T003799,N08,Student,Visual Harmony,IMG20260430104348,DDColor,M0,Left,DDColor,M0
T003800,N08,Student,Visual Harmony,IMG20260430104348,Reinhard,M0,Left,Reinhard,M0
T003801,N08,Student,Visual Harmony,IMG20260430104352,DDColor,Reinhard,Left,DDColor,Reinhard
T003802,N08,Student,Style Authenticity,IMG20260430103755,M0,Reinhard,Left,M0,Reinhard
T003803,N08,Student,Visual Harmony,IMG20260430102920,Reinhard,M1,Left,Reinhard,M1
T003804,N08,Student,Style Authenticity,IMG20260430104113,M4,M0,Right,M0,M4
T003805,N08,Student,Style Authenticity,IMG20260430104352,DDColor,M4,Right,M4,DDColor
T003806,N08,Student,Visual Harmony,IMG20260430104348,M4,DDColor,Right,DDColor,M4
T003807,N08,Student,Style Authenticity,IMG20260430103043,M0,M4,Right,M4,M0
T003808,N08,Student,Style Authenticity,IMG20260430104410,Reinhard,M0,Right,M0,Reinhard
T003809,N08,Student,Style Authenticity,IMG20260430110350,M1,M4,Right,M4,M1
T003810,N08,Student,Style Authenticity,IMG20260430103435,M1,M0,Left,M1,M0
T003811,N08,Student,Style Authenticity,IMG20260430104113,M1,DDColor,Right,DDColor,M1
T003812,N08,Student,Style Authenticity,IMG20260430102902,M4,M1,Left,M4,M1
T003813,N08,Student,Visual Harmony,IMG20260430104348,Reinhard,DDColor,Right,DDColor,Reinhard
T003814,N08,Student,Visual Harmony,IMG20260430104113,M1,Reinhard,Left,M1,Reinhard
T003815,N08,Student,Visual Harmony,IMG20260430104348,Reinhard,M4,Right,M4,Reinhard
T003816,N08,Student,Visual Harmony,IMG20260430102902,M0,M4,Right,M4,M0
T003817,N08,Student,Style Authenticity,IMG20260430102920,M4,Reinhard,Left,M4,Reinhard
T003818,N08,Student,Visual Harmony,IMG20260430104113,M4,M0,Left,M4,M0
T003819,N08,Student,Visual Harmony,IMG20260430110350,M4,DDColor,Left,M4,DDColor
T003820,N08,Student,Visual Harmony,IMG20260430104410,DDColor,M4,Right,M4,DDColor
T003821,N08,Student,Visual Harmony,IMG20260430104410,M0,DDColor,Right,DDColor,M0
T003822,N08,Student,Visual Harmony,IMG20260430103435,M4,M1,Right,M1,M4
T003823,N08,Student,Style Authenticity,IMG20260430103113,M1,Reinhard,Right,Reinhard,M1
T003824,N08,Student,Style Authenticity,IMG20260430103113,M4,Reinhard,Left,M4,Reinhard
T003825,N08,Student,Visual Harmony,IMG20260430103043,DDColor,Reinhard,Left,DDColor,Reinhard
T003826,N08,Student,Visual Harmony,IMG20260430104410,M0,M1,Left,M0,M1
T003827,N08,Student,Style Authenticity,IMG20260430104348,Reinhard,M4,Right,M4,Reinhard
T003828,N08,Student,Visual Harmony,IMG20260430103043,M0,DDColor,Right,DDColor,M0
T003829,N08,Student,Style Authenticity,IMG20260430102902,Reinhard,M1,Right,M1,Reinhard
T003830,N08,Student,Visual Harmony,IMG20260430104352,Reinhard,M0,Right,M0,Reinhard
T003831,N08,Student,Visual Harmony,IMG20260430103656,Reinhard,DDColor,Right,DDColor,Reinhard
T003832,N08,Student,Style Authenticity,IMG20260430110350,DDColor,Reinhard,Right,Reinhard,DDColor
T003833,N08,Student,Visual Harmony,IMG20260430103113,Reinhard,M1,Right,M1,Reinhard
T003834,N08,Student,Visual Harmony,IMG20260430103435,Reinhard,M1,Left,Reinhard,M1
T003835,N08,Student,Visual Harmony,IMG20260430103435,M4,Reinhard,Right,Reinhard,M4
T003836,N08,Student,Visual Harmony,IMG20260430104113,M0,Reinhard,Right,Reinhard,M0
T003837,N08,Student,Style Authenticity,IMG20260430110350,DDColor,M0,Right,M0,DDColor
T003838,N08,Student,Style Authenticity,IMG20260430104113,M1,M0,Right,M0,M1
T003839,N08,Student,Style Authenticity,IMG20260430104352,M4,M0,Left,M4,M0
T003840,N08,Student,Style Authenticity,IMG20260430104352,DDColor,M0,Left,DDColor,M0
T003841,N09,Student,Visual Harmony,IMG20260430104352,M0,Reinhard,Left,M0,Reinhard
T003842,N09,Student,Style Authenticity,IMG20260430103656,M4,DDColor,Left,M4,DDColor
T003843,N09,Student,Visual Harmony,IMG20260430104410,M4,DDColor,Left,M4,DDColor
T003844,N09,Student,Visual Harmony,IMG20260430103755,M0,DDColor,Left,M0,DDColor
T003845,N09,Student,Visual Harmony,IMG20260430102902,M4,DDColor,Left,M4,DDColor
T003846,N09,Student,Visual Harmony,IMG20260430103755,M1,DDColor,Right,DDColor,M1
T003847,N09,Student,Style Authenticity,IMG20260430104113,Reinhard,M0,Left,Reinhard,M0
T003848,N09,Student,Style Authenticity,IMG20260430103656,M0,DDColor,Right,DDColor,M0
T003849,N09,Student,Style Authenticity,IMG20260430102920,M1,DDColor,Left,M1,DDColor
T003850,N09,Student,Visual Harmony,IMG20260430104352,Reinhard,M1,Right,M1,Reinhard
T003851,N09,Student,Style Authenticity,IMG20260430110350,M4,DDColor,Left,M4,DDColor
T003852,N09,Student,Visual Harmony,IMG20260430104348,M0,Reinhard,Left,M0,Reinhard
T003853,N09,Student,Style Authenticity,IMG20260430102902,DDColor,M1,Right,M1,DDColor
T003854,N09,Student,Visual Harmony,IMG20260430102902,Reinhard,DDColor,Right,DDColor,Reinhard
T003855,N09,Student,Visual Harmony,IMG20260430103656,M4,Reinhard,Left,M4,Reinhard
T003856,N09,Student,Visual Harmony,IMG20260430110350,M0,DDColor,Left,M0,DDColor
T003857,N09,Student,Visual Harmony,IMG20260430103435,M0,M1,Right,M1,M0
T003858,N09,Student,Style Authenticity,IMG20260430102902,M4,M0,Left,M4,M0
T003859,N09,Student,Style Authenticity,IMG20260430103113,M0,M1,Left,M0,M1
T003860,N09,Student,Style Authenticity,IMG20260430103043,M4,M0,Left,M4,M0
T003861,N09,Student,Visual Harmony,IMG20260430103755,M4,M0,Right,M0,M4
T003862,N09,Student,Style Authenticity,IMG20260430102902,Reinhard,M4,Right,M4,Reinhard
T003863,N09,Student,Visual Harmony,IMG20260430104352,M0,M4,Right,M4,M0
T003864,N09,Student,Style Authenticity,IMG20260430103043,M0,Reinhard,Right,Reinhard,M0
T003865,N09,Student,Style Authenticity,IMG20260430102920,M1,M0,Left,M1,M0
T003866,N09,Student,Style Authenticity,IMG20260430110350,M0,DDColor,Left,M0,DDColor
T003867,N09,Student,Style Authenticity,IMG20260430103435,M4,DDColor,Left,M4,DDColor
T003868,N09,Student,Visual Harmony,IMG20260430102920,M4,M1,Right,M1,M4
T003869,N09,Student,Visual Harmony,IMG20260430104410,M1,DDColor,Right,DDColor,M1
T003870,N09,Student,Style Authenticity,IMG20260430102920,DDColor,M4,Right,M4,DDColor
T003871,N09,Student,Visual Harmony,IMG20260430103435,M4,M0,Right,M0,M4
T003872,N09,Student,Style Authenticity,IMG20260430103755,DDColor,M0,Right,M0,DDColor
T003873,N09,Student,Style Authenticity,IMG20260430102920,M0,M4,Right,M4,M0
T003874,N09,Student,Visual Harmony,IMG20260430104410,M0,DDColor,Left,M0,DDColor
T003875,N09,Student,Visual Harmony,IMG20260430103113,M4,M1,Left,M4,M1
T003876,N09,Student,Visual Harmony,IMG20260430104410,M4,Reinhard,Left,M4,Reinhard
T003877,N09,Student,Style Authenticity,IMG20260430110350,M0,Reinhard,Left,M0,Reinhard
T003878,N09,Student,Visual Harmony,IMG20260430103043,DDColor,M0,Left,DDColor,M0
T003879,N09,Student,Style Authenticity,IMG20260430103435,M4,M1,Left,M4,M1
T003880,N09,Student,Visual Harmony,IMG20260430103113,Reinhard,M0,Right,M0,Reinhard
T003881,N09,Student,Style Authenticity,IMG20260430103435,M4,Reinhard,Left,M4,Reinhard
T003882,N09,Student,Visual Harmony,IMG20260430103755,M0,Reinhard,Left,M0,Reinhard
T003883,N09,Student,Visual Harmony,IMG20260430103656,M4,M1,Left,M4,M1
T003884,N09,Student,Style Authenticity,IMG20260430104113,M0,M4,Right,M4,M0
T003885,N09,Student,Visual Harmony,IMG20260430103755,DDColor,M4,Left,DDColor,M4
T003886,N09,Student,Style Authenticity,IMG20260430103043,Reinhard,M1,Left,Reinhard,M1
T003887,N09,Student,Style Authenticity,IMG20260430110350,M4,M1,Right,M1,M4
T003888,N09,Student,Visual Harmony,IMG20260430104348,M4,DDColor,Left,M4,DDColor
T003889,N09,Student,Style Authenticity,IMG20260430103435,Reinhard,DDColor,Right,DDColor,Reinhard
T003890,N09,Student,Visual Harmony,IMG20260430102902,M4,M0,Right,M0,M4
T003891,N09,Student,Style Authenticity,IMG20260430104352,M0,DDColor,Right,DDColor,M0
T003892,N09,Student,Style Authenticity,IMG20260430102902,M1,M0,Left,M1,M0
T003893,N09,Student,Visual Harmony,IMG20260430102920,Reinhard,DDColor,Left,Reinhard,DDColor
T003894,N09,Student,Style Authenticity,IMG20260430104113,M1,M0,Left,M1,M0
T003895,N09,Student,Style Authenticity,IMG20260430103656,Reinhard,M4,Right,M4,Reinhard
T003896,N09,Student,Style Authenticity,IMG20260430102902,M4,DDColor,Right,DDColor,M4
T003897,N09,Student,Style Authenticity,IMG20260430103755,M1,M0,Right,M0,M1
T003898,N09,Student,Style Authenticity,IMG20260430110350,Reinhard,M1,Left,Reinhard,M1
T003899,N09,Student,Visual Harmony,IMG20260430103113,Reinhard,DDColor,Left,Reinhard,DDColor
T003900,N09,Student,Style Authenticity,IMG20260430103755,M4,DDColor,Left,M4,DDColor
T003901,N09,Student,Visual Harmony,IMG20260430104113,Reinhard,M1,Right,M1,Reinhard
T003902,N09,Student,Style Authenticity,IMG20260430104113,M0,DDColor,Left,M0,DDColor
T003903,N09,Student,Style Authenticity,IMG20260430104348,M4,DDColor,Left,M4,DDColor
T003904,N09,Student,Style Authenticity,IMG20260430104352,M0,Reinhard,Left,M0,Reinhard
T003905,N09,Student,Style Authenticity,IMG20260430104113,DDColor,Reinhard,Left,DDColor,Reinhard
T003906,N09,Student,Style Authenticity,IMG20260430104410,M4,DDColor,Left,M4,DDColor
T003907,N09,Student,Visual Harmony,IMG20260430103435,M4,Reinhard,Left,M4,Reinhard
T003908,N09,Student,Visual Harmony,IMG20260430104348,M1,M4,Right,M4,M1
T003909,N09,Student,Style Authenticity,IMG20260430104352,Reinhard,M1,Left,Reinhard,M1
T003910,N09,Student,Visual Harmony,IMG20260430110350,DDColor,M1,Right,M1,DDColor
T003911,N09,Student,Style Authenticity,IMG20260430104348,Reinhard,M0,Left,Reinhard,M0
T003912,N09,Student,Visual Harmony,IMG20260430104352,DDColor,M0,Left,DDColor,M0
T003913,N09,Student,Style Authenticity,IMG20260430104348,Reinhard,DDColor,Left,Reinhard,DDColor
T003914,N09,Student,Visual Harmony,IMG20260430103043,Reinhard,M0,Left,Reinhard,M0
T003915,N09,Student,Visual Harmony,IMG20260430103435,M1,M4,Right,M4,M1
T003916,N09,Student,Style Authenticity,IMG20260430103113,DDColor,M4,Left,DDColor,M4
T003917,N09,Student,Style Authenticity,IMG20260430103435,M0,DDColor,Right,DDColor,M0
T003918,N09,Student,Style Authenticity,IMG20260430102902,Reinhard,DDColor,Left,Reinhard,DDColor
T003919,N09,Student,Visual Harmony,IMG20260430103656,M0,M1,Left,M0,M1
T003920,N09,Student,Style Authenticity,IMG20260430103113,M1,M4,Right,M4,M1
T003921,N09,Student,Visual Harmony,IMG20260430103435,M1,Reinhard,Right,Reinhard,M1
T003922,N09,Student,Style Authenticity,IMG20260430102920,M0,DDColor,Left,M0,DDColor
T003923,N09,Student,Style Authenticity,IMG20260430104113,Reinhard,M4,Right,M4,Reinhard
T003924,N09,Student,Style Authenticity,IMG20260430103043,DDColor,Reinhard,Right,Reinhard,DDColor
T003925,N09,Student,Visual Harmony,IMG20260430102902,Reinhard,M0,Right,M0,Reinhard
T003926,N09,Student,Visual Harmony,IMG20260430103656,M1,Reinhard,Left,M1,Reinhard
T003927,N09,Student,Style Authenticity,IMG20260430104348,DDColor,M1,Right,M1,DDColor
T003928,N09,Student,Visual Harmony,IMG20260430102920,M0,M4,Left,M0,M4
T003929,N09,Student,Visual Harmony,IMG20260430104410,Reinhard,M1,Right,M1,Reinhard
T003930,N09,Student,Style Authenticity,IMG20260430104352,M1,M0,Left,M1,M0
T003931,N09,Student,Visual Harmony,IMG20260430102920,Reinhard,M4,Right,M4,Reinhard
T003932,N09,Student,Visual Harmony,IMG20260430104348,Reinhard,DDColor,Right,DDColor,Reinhard
T003933,N09,Student,Visual Harmony,IMG20260430103656,M4,DDColor,Left,M4,DDColor
T003934,N09,Student,Visual Harmony,IMG20260430103113,DDColor,M1,Right,M1,DDColor
T003935,N09,Student,Style Authenticity,IMG20260430103656,M1,M0,Right,M0,M1
T003936,N09,Student,Style Authenticity,IMG20260430103043,M4,DDColor,Left,M4,DDColor
T003937,N09,Student,Visual Harmony,IMG20260430103113,M1,M0,Left,M1,M0
T003938,N09,Student,Visual Harmony,IMG20260430103656,M4,M0,Right,M0,M4
T003939,N09,Student,Style Authenticity,IMG20260430104113,DDColor,M1,Right,M1,DDColor
T003940,N09,Student,Style Authenticity,IMG20260430102902,Reinhard,M0,Right,M0,Reinhard
T003941,N09,Student,Visual Harmony,IMG20260430104113,Reinhard,M4,Right,M4,Reinhard
T003942,N09,Student,Style Authenticity,IMG20260430103435,M0,M4,Right,M4,M0
T003943,N09,Student,Visual Harmony,IMG20260430103043,M4,DDColor,Left,M4,DDColor
T003944,N09,Student,Style Authenticity,IMG20260430110350,M4,M0,Left,M4,M0
T003945,N09,Student,Style Authenticity,IMG20260430104348,Reinhard,M4,Right,M4,Reinhard
T003946,N09,Student,Style Authenticity,IMG20260430104352,M4,Reinhard,Left,M4,Reinhard
T003947,N09,Student,Visual Harmony,IMG20260430103043,M1,M0,Right,M0,M1
T003948,N09,Student,Visual Harmony,IMG20260430104352,M4,DDColor,Right,DDColor,M4
T003949,N09,Student,Visual Harmony,IMG20260430104113,M0,DDColor,Left,M0,DDColor
T003950,N09,Student,Style Authenticity,IMG20260430104410,Reinhard,M4,Right,M4,Reinhard
T003951,N09,Student,Visual Harmony,IMG20260430104348,M0,M4,Left,M0,M4
T003952,N09,Student,Style Authenticity,IMG20260430103656,M0,Reinhard,Left,M0,Reinhard
T003953,N09,Student,Visual Harmony,IMG20260430103435,Reinhard,DDColor,Right,DDColor,Reinhard
T003954,N09,Student,Style Authenticity,IMG20260430104410,M0,M1,Right,M1,M0
T003955,N09,Student,Visual Harmony,IMG20260430103755,M0,M1,Left,M0,M1
T003956,N09,Student,Visual Harmony,IMG20260430104352,M1,M0,Left,M1,M0
T003957,N09,Student,Style Authenticity,IMG20260430102920,Reinhard,DDColor,Left,Reinhard,DDColor
T003958,N09,Student,Visual Harmony,IMG20260430103656,Reinhard,M0,Right,M0,Reinhard
T003959,N09,Student,Style Authenticity,IMG20260430104348,Reinhard,M1,Right,M1,Reinhard
T003960,N09,Student,Visual Harmony,IMG20260430103435,DDColor,M1,Right,M1,DDColor
T003961,N09,Student,Visual Harmony,IMG20260430110350,Reinhard,M4,Right,M4,Reinhard
T003962,N09,Student,Visual Harmony,IMG20260430102902,M4,Reinhard,Left,M4,Reinhard
T003963,N09,Student,Style Authenticity,IMG20260430103435,M1,M0,Right,M0,M1
T003964,N09,Student,Visual Harmony,IMG20260430104113,M0,M1,Right,M1,M0
T003965,N09,Student,Visual Harmony,IMG20260430102902,M0,DDColor,Left,M0,DDColor
T003966,N09,Student,Style Authenticity,IMG20260430103755,M0,M4,Right,M4,M0
T003967,N09,Student,Visual Harmony,IMG20260430104113,M1,DDColor,Right,DDColor,M1
T003968,N09,Student,Style Authenticity,IMG20260430110350,M1,M0,Right,M0,M1
T003969,N09,Student,Style Authenticity,IMG20260430104410,M4,M1,Left,M4,M1
T003970,N09,Student,Visual Harmony,IMG20260430102920,M1,Reinhard,Left,M1,Reinhard
T003971,N09,Student,Style Authenticity,IMG20260430104348,DDColor,M0,Right,M0,DDColor
T003972,N09,Student,Visual Harmony,IMG20260430102902,Reinhard,M1,Left,Reinhard,M1
T003973,N09,Student,Style Authenticity,IMG20260430103113,DDColor,M0,Right,M0,DDColor
T003974,N09,Student,Style Authenticity,IMG20260430103043,DDColor,M1,Right,M1,DDColor
T003975,N09,Student,Visual Harmony,IMG20260430104113,Reinhard,DDColor,Right,DDColor,Reinhard
T003976,N09,Student,Style Authenticity,IMG20260430104410,M0,M4,Left,M0,M4
T003977,N09,Student,Style Authenticity,IMG20260430103043,M0,DDColor,Left,M0,DDColor
T003978,N09,Student,Visual Harmony,IMG20260430102920,Reinhard,M0,Left,Reinhard,M0
T003979,N09,Student,Visual Harmony,IMG20260430110350,DDColor,Reinhard,Right,Reinhard,DDColor
T003980,N09,Student,Visual Harmony,IMG20260430103113,M4,Reinhard,Left,M4,Reinhard
T003981,N09,Student,Visual Harmony,IMG20260430103755,Reinhard,DDColor,Right,DDColor,Reinhard
T003982,N09,Student,Visual Harmony,IMG20260430103435,DDColor,M4,Right,M4,DDColor
T003983,N09,Student,Visual Harmony,IMG20260430103043,M1,Reinhard,Left,M1,Reinhard
T003984,N09,Student,Visual Harmony,IMG20260430104352,M1,M4,Right,M4,M1
T003985,N09,Student,Style Authenticity,IMG20260430102920,M1,Reinhard,Left,M1,Reinhard
T003986,N09,Student,Style Authenticity,IMG20260430104352,M4,DDColor,Right,DDColor,M4
T003987,N09,Student,Visual Harmony,IMG20260430103113,Reinhard,M1,Right,M1,Reinhard
T003988,N09,Student,Visual Harmony,IMG20260430102902,M4,M1,Left,M4,M1
T003989,N09,Student,Visual Harmony,IMG20260430104113,DDColor,M4,Left,DDColor,M4
T003990,N09,Student,Style Authenticity,IMG20260430103755,M0,Reinhard,Left,M0,Reinhard
T003991,N09,Student,Visual Harmony,IMG20260430103113,M0,M4,Left,M0,M4
T003992,N09,Student,Style Authenticity,IMG20260430103043,M4,M1,Left,M4,M1
T003993,N09,Student,Style Authenticity,IMG20260430104348,M4,M1,Right,M1,M4
T003994,N09,Student,Style Authenticity,IMG20260430103113,Reinhard,DDColor,Left,Reinhard,DDColor
T003995,N09,Student,Visual Harmony,IMG20260430103435,DDColor,M0,Left,DDColor,M0
T003996,N09,Student,Visual Harmony,IMG20260430110350,M0,M1,Left,M0,M1
T003997,N09,Student,Style Authenticity,IMG20260430103656,M4,M1,Left,M4,M1
T003998,N09,Student,Style Authenticity,IMG20260430104352,M4,M1,Left,M4,M1
T003999,N09,Student,Style Authenticity,IMG20260430104348,M0,M1,Left,M0,M1
T004000,N09,Student,Style Authenticity,IMG20260430102902,M1,M4,Right,M4,M1
T004001,N09,Student,Visual Harmony,IMG20260430103755,M4,M1,Left,M4,M1
T004002,N09,Student,Visual Harmony,IMG20260430104410,M0,M4,Right,M4,M0
T004003,N09,Student,Visual Harmony,IMG20260430104352,M1,DDColor,Right,DDColor,M1
T004004,N09,Student,Visual Harmony,IMG20260430104348,M1,DDColor,Left,M1,DDColor
T004005,N09,Student,Style Authenticity,IMG20260430103113,DDColor,M1,Right,M1,DDColor
T004006,N09,Student,Style Authenticity,IMG20260430103113,M4,Reinhard,Left,M4,Reinhard
T004007,N09,Student,Visual Harmony,IMG20260430110350,DDColor,M4,Right,M4,DDColor
T004008,N09,Student,Style Authenticity,IMG20260430103113,Reinhard,M1,Left,Reinhard,M1
T004009,N09,Student,Style Authenticity,IMG20260430104410,DDColor,M1,Right,M1,DDColor
T004010,N09,Student,Style Authenticity,IMG20260430103656,DDColor,Reinhard,Left,DDColor,Reinhard
T004011,N09,Student,Style Authenticity,IMG20260430110350,DDColor,Reinhard,Right,Reinhard,DDColor
T004012,N09,Student,Visual Harmony,IMG20260430104352,DDColor,Reinhard,Right,Reinhard,DDColor
T004013,N09,Student,Visual Harmony,IMG20260430104410,M1,M4,Left,M1,M4
T004014,N09,Student,Style Authenticity,IMG20260430103755,M4,Reinhard,Right,Reinhard,M4
T004015,N09,Student,Style Authenticity,IMG20260430104113,M1,Reinhard,Left,M1,Reinhard
T004016,N09,Student,Style Authenticity,IMG20260430104352,DDColor,Reinhard,Right,Reinhard,DDColor
T004017,N09,Student,Visual Harmony,IMG20260430103043,M4,Reinhard,Left,M4,Reinhard
T004018,N09,Student,Style Authenticity,IMG20260430103113,Reinhard,M0,Right,M0,Reinhard
T004019,N09,Student,Style Authenticity,IMG20260430102920,M4,Reinhard,Left,M4,Reinhard
T004020,N09,Student,Visual Harmony,IMG20260430103656,M1,DDColor,Left,M1,DDColor
T004021,N09,Student,Style Authenticity,IMG20260430103755,DDColor,M1,Left,DDColor,M1
T004022,N09,Student,Style Authenticity,IMG20260430103755,M1,Reinhard,Right,Reinhard,M1
T004023,N09,Student,Visual Harmony,IMG20260430103755,Reinhard,M1,Left,Reinhard,M1
T004024,N09,Student,Style Authenticity,IMG20260430102902,DDColor,M0,Right,M0,DDColor
T004025,N09,Student,Visual Harmony,IMG20260430104410,Reinhard,DDColor,Left,Reinhard,DDColor
T004026,N09,Student,Visual Harmony,IMG20260430104410,Reinhard,M0,Left,Reinhard,M0
T004027,N09,Student,Visual Harmony,IMG20260430102920,DDColor,M0,Left,DDColor,M0
T004028,N09,Student,Visual Harmony,IMG20260430104410,M1,M0,Left,M1,M0
T004029,N09,Student,Visual Harmony,IMG20260430104348,Reinhard,M1,Right,M1,Reinhard
T004030,N09,Student,Style Authenticity,IMG20260430103656,M4,M0,Left,M4,M0
T004031,N09,Student,Visual Harmony,IMG20260430103113,M0,DDColor,Left,M0,DDColor
T004032,N09,Student,Visual Harmony,IMG20260430103435,M0,Reinhard,Left,M0,Reinhard
T004033,N09,Student,Style Authenticity,IMG20260430102920,M4,M1,Left,M4,M1
T004034,N09,Student,Style Authenticity,IMG20260430104352,M4,M0,Left,M4,M0
T004035,N09,Student,Visual Harmony,IMG20260430103043,M4,M0,Left,M4,M0
T004036,N09,Student,Style Authenticity,IMG20260430103435,M1,Reinhard,Left,M1,Reinhard
T004037,N09,Student,Style Authenticity,IMG20260430103656,DDColor,M1,Right,M1,DDColor
T004038,N09,Student,Style Authenticity,IMG20260430104113,M1,M4,Right,M4,M1
T004039,N09,Student,Visual Harmony,IMG20260430102902,DDColor,M1,Left,DDColor,M1
T004040,N09,Student,Visual Harmony,IMG20260430102920,DDColor,M4,Left,DDColor,M4
T004041,N09,Student,Visual Harmony,IMG20260430104352,M4,Reinhard,Right,Reinhard,M4
T004042,N09,Student,Style Authenticity,IMG20260430104410,M0,DDColor,Left,M0,DDColor
T004043,N09,Student,Style Authenticity,IMG20260430103435,DDColor,M1,Right,M1,DDColor
T004044,N09,Student,Visual Harmony,IMG20260430103656,Reinhard,DDColor,Left,Reinhard,DDColor
T004045,N09,Student,Style Authenticity,IMG20260430102920,M0,Reinhard,Left,M0,Reinhard
T004046,N09,Student,Style Authenticity,IMG20260430104348,M4,M0,Left,M4,M0
T004047,N09,Student,Style Authenticity,IMG20260430102902,Reinhard,M1,Left,Reinhard,M1
T004048,N09,Student,Visual Harmony,IMG20260430102920,M0,M1,Right,M1,M0
T004049,N09,Student,Visual Harmony,IMG20260430103755,Reinhard,M4,Left,Reinhard,M4
T004050,N09,Student,Visual Harmony,IMG20260430103656,M0,DDColor,Left,M0,DDColor
T004051,N09,Student,Visual Harmony,IMG20260430103043,Reinhard,DDColor,Right,DDColor,Reinhard
T004052,N09,Student,Visual Harmony,IMG20260430104348,M4,Reinhard,Left,M4,Reinhard
T004053,N09,Student,Style Authenticity,IMG20260430110350,Reinhard,M4,Left,Reinhard,M4
T004054,N09,Student,Visual Harmony,IMG20260430103043,M4,M1,Left,M4,M1
T004055,N09,Student,Visual Harmony,IMG20260430103043,DDColor,M1,Left,DDColor,M1
T004056,N09,Student,Visual Harmony,IMG20260430104113,M0,M4,Right,M4,M0
T004057,N09,Student,Style Authenticity,IMG20260430110350,DDColor,M1,Left,DDColor,M1
T004058,N09,Student,Style Authenticity,IMG20260430104113,M4,DDColor,Left,M4,DDColor
T004059,N09,Student,Visual Harmony,IMG20260430110350,Reinhard,M1,Left,Reinhard,M1
T004060,N09,Student,Visual Harmony,IMG20260430110350,Reinhard,M0,Right,M0,Reinhard
T004061,N09,Student,Visual Harmony,IMG20260430104113,M4,M1,Left,M4,M1
T004062,N09,Student,Style Authenticity,IMG20260430103656,M1,Reinhard,Left,M1,Reinhard
T004063,N09,Student,Style Authenticity,IMG20260430104410,Reinhard,M1,Left,Reinhard,M1
T004064,N09,Student,Style Authenticity,IMG20260430103435,Reinhard,M0,Right,M0,Reinhard
T004065,N09,Student,Style Authenticity,IMG20260430104352,DDColor,M1,Left,DDColor,M1
T004066,N09,Student,Style Authenticity,IMG20260430104410,DDColor,Reinhard,Right,Reinhard,DDColor
T004067,N09,Student,Style Authenticity,IMG20260430103755,Reinhard,DDColor,Left,Reinhard,DDColor
T004068,N09,Student,Visual Harmony,IMG20260430104348,M1,M0,Left,M1,M0
T004069,N09,Student,Style Authenticity,IMG20260430103755,M1,M4,Right,M4,M1
T004070,N09,Student,Visual Harmony,IMG20260430104113,Reinhard,M0,Left,Reinhard,M0
T004071,N09,Student,Visual Harmony,IMG20260430110350,M1,M4,Right,M4,M1
T004072,N09,Student,Visual Harmony,IMG20260430104348,DDColor,M0,Left,DDColor,M0
T004073,N09,Student,Visual Harmony,IMG20260430102902,M0,M1,Left,M0,M1
T004074,N09,Student,Style Authenticity,IMG20260430103113,M4,M0,Right,M0,M4
T004075,N09,Student,Style Authenticity,IMG20260430103043,Reinhard,M4,Right,M4,Reinhard
T004076,N09,Student,Visual Harmony,IMG20260430110350,M0,M4,Right,M4,M0
T004077,N09,Student,Style Authenticity,IMG20260430104410,M0,Reinhard,Right,Reinhard,M0
T004078,N09,Student,Visual Harmony,IMG20260430103113,DDColor,M4,Left,DDColor,M4
T004079,N09,Student,Style Authenticity,IMG20260430103043,M1,M0,Left,M1,M0
T004080,N09,Student,Visual Harmony,IMG20260430102920,DDColor,M1,Right,M1,DDColor
T004081,N10,Student,Visual Harmony,IMG20260430103435,M1,M0,Right,M0,M1
T004082,N10,Student,Style Authenticity,IMG20260430103656,M0,M4,Left,M0,M4
T004083,N10,Student,Visual Harmony,IMG20260430110350,Reinhard,M0,Right,M0,Reinhard
T004084,N10,Student,Style Authenticity,IMG20260430103043,M0,Reinhard,Left,M0,Reinhard
T004085,N10,Student,Style Authenticity,IMG20260430104348,DDColor,M0,Right,M0,DDColor
T004086,N10,Student,Style Authenticity,IMG20260430104113,M1,M4,Right,M4,M1
T004087,N10,Student,Visual Harmony,IMG20260430104113,M0,Reinhard,Left,M0,Reinhard
T004088,N10,Student,Visual Harmony,IMG20260430104113,M1,M0,Left,M1,M0
T004089,N10,Student,Visual Harmony,IMG20260430103043,Reinhard,M0,Right,M0,Reinhard
T004090,N10,Student,Style Authenticity,IMG20260430103113,M4,Reinhard,Right,Reinhard,M4
T004091,N10,Student,Style Authenticity,IMG20260430104113,M1,M0,Right,M0,M1
T004092,N10,Student,Visual Harmony,IMG20260430102920,M0,Reinhard,Left,M0,Reinhard
T004093,N10,Student,Visual Harmony,IMG20260430103435,DDColor,M4,Right,M4,DDColor
T004094,N10,Student,Visual Harmony,IMG20260430104410,M0,M4,Right,M4,M0
T004095,N10,Student,Visual Harmony,IMG20260430102920,M0,M1,Right,M1,M0
T004096,N10,Student,Visual Harmony,IMG20260430110350,M0,M1,Left,M0,M1
T004097,N10,Student,Visual Harmony,IMG20260430103755,M0,Reinhard,Left,M0,Reinhard
T004098,N10,Student,Visual Harmony,IMG20260430103755,M1,M0,Right,M0,M1
T004099,N10,Student,Style Authenticity,IMG20260430103435,M1,Reinhard,Right,Reinhard,M1
T004100,N10,Student,Visual Harmony,IMG20260430110350,DDColor,M0,Left,DDColor,M0
T004101,N10,Student,Visual Harmony,IMG20260430103113,M4,DDColor,Left,M4,DDColor
T004102,N10,Student,Visual Harmony,IMG20260430102902,M4,M0,Left,M4,M0
T004103,N10,Student,Style Authenticity,IMG20260430104352,M4,M1,Right,M1,M4
T004104,N10,Student,Visual Harmony,IMG20260430103043,M4,DDColor,Left,M4,DDColor
T004105,N10,Student,Visual Harmony,IMG20260430102920,DDColor,M4,Right,M4,DDColor
T004106,N10,Student,Visual Harmony,IMG20260430102902,M1,DDColor,Left,M1,DDColor
T004107,N10,Student,Visual Harmony,IMG20260430110350,M1,DDColor,Left,M1,DDColor
T004108,N10,Student,Style Authenticity,IMG20260430103435,M1,M0,Right,M0,M1
T004109,N10,Student,Style Authenticity,IMG20260430103113,M0,M1,Left,M0,M1
T004110,N10,Student,Style Authenticity,IMG20260430102920,M4,DDColor,Right,DDColor,M4
T004111,N10,Student,Style Authenticity,IMG20260430103435,M4,M0,Left,M4,M0
T004112,N10,Student,Style Authenticity,IMG20260430104410,DDColor,M0,Right,M0,DDColor
T004113,N10,Student,Visual Harmony,IMG20260430102902,Reinhard,M4,Left,Reinhard,M4
T004114,N10,Student,Visual Harmony,IMG20260430102920,DDColor,Reinhard,Right,Reinhard,DDColor
T004115,N10,Student,Style Authenticity,IMG20260430103755,M1,M0,Right,M0,M1
T004116,N10,Student,Style Authenticity,IMG20260430104113,Reinhard,DDColor,Left,Reinhard,DDColor
T004117,N10,Student,Visual Harmony,IMG20260430103043,Reinhard,M1,Right,M1,Reinhard
T004118,N10,Student,Visual Harmony,IMG20260430104348,DDColor,M1,Left,DDColor,M1
T004119,N10,Student,Visual Harmony,IMG20260430102902,M0,M1,Right,M1,M0
T004120,N10,Student,Style Authenticity,IMG20260430103435,Reinhard,M4,Right,M4,Reinhard
T004121,N10,Student,Style Authenticity,IMG20260430103435,Reinhard,M0,Right,M0,Reinhard
T004122,N10,Student,Visual Harmony,IMG20260430102902,Reinhard,M1,Right,M1,Reinhard
T004123,N10,Student,Visual Harmony,IMG20260430103113,M0,M1,Right,M1,M0
T004124,N10,Student,Style Authenticity,IMG20260430102920,DDColor,Reinhard,Right,Reinhard,DDColor
T004125,N10,Student,Visual Harmony,IMG20260430104352,DDColor,M1,Right,M1,DDColor
T004126,N10,Student,Visual Harmony,IMG20260430103113,Reinhard,M0,Left,Reinhard,M0
T004127,N10,Student,Style Authenticity,IMG20260430104410,M0,M4,Right,M4,M0
T004128,N10,Student,Visual Harmony,IMG20260430104352,Reinhard,DDColor,Right,DDColor,Reinhard
T004129,N10,Student,Style Authenticity,IMG20260430103755,M0,DDColor,Left,M0,DDColor
T004130,N10,Student,Visual Harmony,IMG20260430104348,M0,Reinhard,Left,M0,Reinhard
T004131,N10,Student,Visual Harmony,IMG20260430104410,Reinhard,M0,Right,M0,Reinhard
T004132,N10,Student,Visual Harmony,IMG20260430103113,M0,M4,Right,M4,M0
T004133,N10,Student,Style Authenticity,IMG20260430103435,M1,DDColor,Left,M1,DDColor
T004134,N10,Student,Visual Harmony,IMG20260430104348,Reinhard,DDColor,Right,DDColor,Reinhard
T004135,N10,Student,Style Authenticity,IMG20260430104410,M1,M0,Right,M0,M1
T004136,N10,Student,Style Authenticity,IMG20260430104352,M0,M1,Left,M0,M1
T004137,N10,Student,Visual Harmony,IMG20260430103043,DDColor,Reinhard,Left,DDColor,Reinhard
T004138,N10,Student,Visual Harmony,IMG20260430110350,Reinhard,M1,Left,Reinhard,M1
T004139,N10,Student,Visual Harmony,IMG20260430103755,M0,DDColor,Left,M0,DDColor
T004140,N10,Student,Style Authenticity,IMG20260430110350,M0,M4,Left,M0,M4
T004141,N10,Student,Style Authenticity,IMG20260430110350,M1,M4,Right,M4,M1
T004142,N10,Student,Style Authenticity,IMG20260430103656,Reinhard,M1,Left,Reinhard,M1
T004143,N10,Student,Visual Harmony,IMG20260430103435,Reinhard,M4,Right,M4,Reinhard
T004144,N10,Student,Visual Harmony,IMG20260430103656,M0,M1,Left,M0,M1
T004145,N10,Student,Style Authenticity,IMG20260430104410,Reinhard,M4,Left,Reinhard,M4
T004146,N10,Student,Style Authenticity,IMG20260430104113,M0,M4,Right,M4,M0
T004147,N10,Student,Style Authenticity,IMG20260430104410,DDColor,Reinhard,Right,Reinhard,DDColor
T004148,N10,Student,Style Authenticity,IMG20260430110350,DDColor,Reinhard,Right,Reinhard,DDColor
T004149,N10,Student,Style Authenticity,IMG20260430103755,Reinhard,DDColor,Left,Reinhard,DDColor
T004150,N10,Student,Visual Harmony,IMG20260430104410,DDColor,M4,Left,DDColor,M4
T004151,N10,Student,Style Authenticity,IMG20260430102902,DDColor,Reinhard,Right,Reinhard,DDColor
T004152,N10,Student,Style Authenticity,IMG20260430104352,Reinhard,DDColor,Left,Reinhard,DDColor
T004153,N10,Student,Visual Harmony,IMG20260430110350,M1,M4,Left,M1,M4
T004154,N10,Student,Style Authenticity,IMG20260430104348,M1,Reinhard,Right,Reinhard,M1
T004155,N10,Student,Visual Harmony,IMG20260430104410,M4,Reinhard,Right,Reinhard,M4
T004156,N10,Student,Style Authenticity,IMG20260430110350,M0,M1,Left,M0,M1
T004157,N10,Student,Style Authenticity,IMG20260430103656,M1,DDColor,Left,M1,DDColor
T004158,N10,Student,Style Authenticity,IMG20260430110350,M0,Reinhard,Left,M0,Reinhard
T004159,N10,Student,Visual Harmony,IMG20260430104348,M1,M0,Right,M0,M1
T004160,N10,Student,Visual Harmony,IMG20260430103656,M0,Reinhard,Right,Reinhard,M0
T004161,N10,Student,Visual Harmony,IMG20260430103435,M4,M1,Left,M4,M1
T004162,N10,Student,Style Authenticity,IMG20260430104113,DDColor,M0,Right,M0,DDColor
T004163,N10,Student,Style Authenticity,IMG20260430102920,M4,M0,Right,M0,M4
T004164,N10,Student,Style Authenticity,IMG20260430104348,M0,M1,Left,M0,M1
T004165,N10,Student,Visual Harmony,IMG20260430103656,M4,M0,Right,M0,M4
T004166,N10,Student,Visual Harmony,IMG20260430103435,Reinhard,DDColor,Left,Reinhard,DDColor
T004167,N10,Student,Style Authenticity,IMG20260430103043,M4,M1,Right,M1,M4
T004168,N10,Student,Visual Harmony,IMG20260430103043,M4,M1,Left,M4,M1
T004169,N10,Student,Style Authenticity,IMG20260430104348,M0,M4,Right,M4,M0
T004170,N10,Student,Visual Harmony,IMG20260430103656,Reinhard,DDColor,Left,Reinhard,DDColor
T004171,N10,Student,Visual Harmony,IMG20260430104410,DDColor,M0,Left,DDColor,M0
T004172,N10,Student,Style Authenticity,IMG20260430103656,M4,DDColor,Left,M4,DDColor
T004173,N10,Student,Style Authenticity,IMG20260430110350,DDColor,M1,Right,M1,DDColor
T004174,N10,Student,Visual Harmony,IMG20260430104113,Reinhard,DDColor,Right,DDColor,Reinhard
T004175,N10,Student,Visual Harmony,IMG20260430103043,DDColor,M0,Right,M0,DDColor
T004176,N10,Student,Style Authenticity,IMG20260430104348,M4,DDColor,Left,M4,DDColor
T004177,N10,Student,Style Authenticity,IMG20260430104348,M4,M1,Left,M4,M1
T004178,N10,Student,Style Authenticity,IMG20260430103113,DDColor,M1,Left,DDColor,M1
T004179,N10,Student,Style Authenticity,IMG20260430102902,M1,DDColor,Left,M1,DDColor
T004180,N10,Student,Style Authenticity,IMG20260430103656,M0,M1,Left,M0,M1
T004181,N10,Student,Style Authenticity,IMG20260430102902,M4,Reinhard,Left,M4,Reinhard
T004182,N10,Student,Style Authenticity,IMG20260430104113,DDColor,M1,Right,M1,DDColor
T004183,N10,Student,Visual Harmony,IMG20260430104410,M1,DDColor,Right,DDColor,M1
T004184,N10,Student,Visual Harmony,IMG20260430104410,M4,M1,Right,M1,M4
T004185,N10,Student,Style Authenticity,IMG20260430104113,M4,Reinhard,Left,M4,Reinhard
T004186,N10,Student,Visual Harmony,IMG20260430104352,DDColor,M4,Right,M4,DDColor
T004187,N10,Student,Style Authenticity,IMG20260430104113,M4,DDColor,Right,DDColor,M4
T004188,N10,Student,Visual Harmony,IMG20260430103113,M0,DDColor,Left,M0,DDColor
T004189,N10,Student,Visual Harmony,IMG20260430104352,M4,M0,Left,M4,M0
T004190,N10,Student,Visual Harmony,IMG20260430103755,M4,M0,Left,M4,M0
T004191,N10,Student,Style Authenticity,IMG20260430104348,Reinhard,M4,Right,M4,Reinhard
T004192,N10,Student,Visual Harmony,IMG20260430104113,M1,M4,Right,M4,M1
T004193,N10,Student,Visual Harmony,IMG20260430103435,DDColor,M0,Left,DDColor,M0
T004194,N10,Student,Style Authenticity,IMG20260430103755,Reinhard,M1,Left,Reinhard,M1
T004195,N10,Student,Style Authenticity,IMG20260430103043,Reinhard,M1,Left,Reinhard,M1
T004196,N10,Student,Visual Harmony,IMG20260430104113,DDColor,M1,Right,M1,DDColor
T004197,N10,Student,Visual Harmony,IMG20260430104113,M0,M4,Left,M0,M4
T004198,N10,Student,Visual Harmony,IMG20260430102920,M4,M1,Left,M4,M1
T004199,N10,Student,Visual Harmony,IMG20260430103043,M0,M4,Right,M4,M0
T004200,N10,Student,Style Authenticity,IMG20260430103043,DDColor,M1,Right,M1,DDColor
T004201,N10,Student,Style Authenticity,IMG20260430104352,M0,Reinhard,Left,M0,Reinhard
T004202,N10,Student,Visual Harmony,IMG20260430104352,M0,Reinhard,Left,M0,Reinhard
T004203,N10,Student,Style Authenticity,IMG20260430103043,M0,M4,Right,M4,M0
T004204,N10,Student,Visual Harmony,IMG20260430104410,M1,Reinhard,Left,M1,Reinhard
T004205,N10,Student,Visual Harmony,IMG20260430103656,M4,Reinhard,Left,M4,Reinhard
T004206,N10,Student,Style Authenticity,IMG20260430110350,M1,Reinhard,Right,Reinhard,M1
T004207,N10,Student,Style Authenticity,IMG20260430104348,Reinhard,M0,Right,M0,Reinhard
T004208,N10,Student,Style Authenticity,IMG20260430103113,M0,DDColor,Right,DDColor,M0
T004209,N10,Student,Style Authenticity,IMG20260430103043,Reinhard,M4,Right,M4,Reinhard
T004210,N10,Student,Visual Harmony,IMG20260430104352,M1,M4,Right,M4,M1
T004211,N10,Student,Style Authenticity,IMG20260430104352,M1,Reinhard,Right,Reinhard,M1
T004212,N10,Student,Visual Harmony,IMG20260430103755,DDColor,Reinhard,Left,DDColor,Reinhard
T004213,N10,Student,Visual Harmony,IMG20260430103656,M4,M1,Left,M4,M1
T004214,N10,Student,Visual Harmony,IMG20260430104410,M0,M1,Right,M1,M0
T004215,N10,Student,Visual Harmony,IMG20260430103755,DDColor,M4,Right,M4,DDColor
T004216,N10,Student,Style Authenticity,IMG20260430102920,Reinhard,M4,Right,M4,Reinhard
T004217,N10,Student,Visual Harmony,IMG20260430104348,M4,M0,Right,M0,M4
T004218,N10,Student,Style Authenticity,IMG20260430102920,DDColor,M1,Left,DDColor,M1
T004219,N10,Student,Visual Harmony,IMG20260430103113,M1,Reinhard,Left,M1,Reinhard
T004220,N10,Student,Visual Harmony,IMG20260430102902,DDColor,M4,Right,M4,DDColor
T004221,N10,Student,Style Authenticity,IMG20260430103113,Reinhard,M0,Left,Reinhard,M0
T004222,N10,Student,Visual Harmony,IMG20260430103755,DDColor,M1,Left,DDColor,M1
T004223,N10,Student,Style Authenticity,IMG20260430110350,M4,Reinhard,Left,M4,Reinhard
T004224,N10,Student,Style Authenticity,IMG20260430103113,M0,M4,Right,M4,M0
T004225,N10,Student,Style Authenticity,IMG20260430102920,M1,M0,Left,M1,M0
T004226,N10,Student,Style Authenticity,IMG20260430103043,M4,DDColor,Right,DDColor,M4
T004227,N10,Student,Visual Harmony,IMG20260430103435,M0,Reinhard,Left,M0,Reinhard
T004228,N10,Student,Style Authenticity,IMG20260430103656,Reinhard,DDColor,Right,DDColor,Reinhard
T004229,N10,Student,Visual Harmony,IMG20260430103435,M0,M4,Right,M4,M0
T004230,N10,Student,Style Authenticity,IMG20260430102902,M4,M0,Left,M4,M0
T004231,N10,Student,Style Authenticity,IMG20260430104410,M1,Reinhard,Left,M1,Reinhard
T004232,N10,Student,Visual Harmony,IMG20260430104410,Reinhard,DDColor,Left,Reinhard,DDColor
T004233,N10,Student,Style Authenticity,IMG20260430103755,M4,DDColor,Right,DDColor,M4
T004234,N10,Student,Visual Harmony,IMG20260430102902,Reinhard,DDColor,Right,DDColor,Reinhard
T004235,N10,Student,Style Authenticity,IMG20260430103113,M1,Reinhard,Left,M1,Reinhard
T004236,N10,Student,Visual Harmony,IMG20260430104113,M0,DDColor,Right,DDColor,M0
T004237,N10,Student,Style Authenticity,IMG20260430110350,M0,DDColor,Left,M0,DDColor
T004238,N10,Student,Style Authenticity,IMG20260430103435,M1,M4,Right,M4,M1
T004239,N10,Student,Style Authenticity,IMG20260430102902,M4,M1,Left,M4,M1
T004240,N10,Student,Style Authenticity,IMG20260430102920,M0,DDColor,Right,DDColor,M0
T004241,N10,Student,Style Authenticity,IMG20260430104410,M1,M4,Right,M4,M1
T004242,N10,Student,Style Authenticity,IMG20260430104352,M4,Reinhard,Left,M4,Reinhard
T004243,N10,Student,Visual Harmony,IMG20260430104348,Reinhard,M1,Right,M1,Reinhard
T004244,N10,Student,Visual Harmony,IMG20260430110350,M4,M0,Left,M4,M0
T004245,N10,Student,Style Authenticity,IMG20260430103113,M4,DDColor,Left,M4,DDColor
T004246,N10,Student,Style Authenticity,IMG20260430103656,M0,Reinhard,Left,M0,Reinhard
T004247,N10,Student,Style Authenticity,IMG20260430104352,M4,DDColor,Left,M4,DDColor
T004248,N10,Student,Visual Harmony,IMG20260430103656,M1,DDColor,Left,M1,DDColor
T004249,N10,Student,Visual Harmony,IMG20260430103755,M4,Reinhard,Left,M4,Reinhard
T004250,N10,Student,Visual Harmony,IMG20260430103755,M1,Reinhard,Left,M1,Reinhard
T004251,N10,Student,Visual Harmony,IMG20260430102902,M0,DDColor,Left,M0,DDColor
T004252,N10,Student,Style Authenticity,IMG20260430102902,M1,M0,Right,M0,M1
T004253,N10,Student,Visual Harmony,IMG20260430104113,M4,DDColor,Right,DDColor,M4
T004254,N10,Student,Visual Harmony,IMG20260430102920,Reinhard,M4,Right,M4,Reinhard
T004255,N10,Student,Visual Harmony,IMG20260430102920,M1,DDColor,Left,M1,DDColor
T004256,N10,Student,Visual Harmony,IMG20260430104113,Reinhard,M4,Left,Reinhard,M4
T004257,N10,Student,Visual Harmony,IMG20260430104348,M4,Reinhard,Left,M4,Reinhard
T004258,N10,Student,Visual Harmony,IMG20260430102920,M4,M0,Right,M0,M4
T004259,N10,Student,Visual Harmony,IMG20260430103656,M0,DDColor,Right,DDColor,M0
T004260,N10,Student,Visual Harmony,IMG20260430103113,DDColor,Reinhard,Right,Reinhard,DDColor
T004261,N10,Student,Visual Harmony,IMG20260430103656,Reinhard,M1,Right,M1,Reinhard
T004262,N10,Student,Visual Harmony,IMG20260430102902,M0,Reinhard,Left,M0,Reinhard
T004263,N10,Student,Style Authenticity,IMG20260430103113,M1,M4,Left,M1,M4
T004264,N10,Student,Visual Harmony,IMG20260430102920,M0,DDColor,Left,M0,DDColor
T004265,N10,Student,Style Authenticity,IMG20260430103656,M1,M4,Left,M1,M4
T004266,N10,Student,Visual Harmony,IMG20260430103435,M1,Reinhard,Right,Reinhard,M1
T004267,N10,Student,Style Authenticity,IMG20260430103043,DDColor,M0,Right,M0,DDColor
T004268,N10,Student,Style Authenticity,IMG20260430102920,Reinhard,M1,Right,M1,Reinhard
T004269,N10,Student,Visual Harmony,IMG20260430103113,Reinhard,M4,Left,Reinhard,M4
T004270,N10,Student,Style Authenticity,IMG20260430102902,M0,DDColor,Left,M0,DDColor
T004271,N10,Student,Style Authenticity,IMG20260430104348,M1,DDColor,Right,DDColor,M1
T004272,N10,Student,Style Authenticity,IMG20260430104348,Reinhard,DDColor,Right,DDColor,Reinhard
T004273,N10,Student,Style Authenticity,IMG20260430102902,M1,Reinhard,Left,M1,Reinhard
T004274,N10,Student,Style Authenticity,IMG20260430104410,M0,Reinhard,Right,Reinhard,M0
T004275,N10,Student,Style Authenticity,IMG20260430102902,M4,DDColor,Left,M4,DDColor
T004276,N10,Student,Visual Harmony,IMG20260430103043,M4,Reinhard,Right,Reinhard,M4
T004277,N10,Student,Visual Harmony,IMG20260430104352,M0,M1,Right,M1,M0
T004278,N10,Student,Style Authenticity,IMG20260430103755,M0,M4,Right,M4,M0
T004279,N10,Student,Style Authenticity,IMG20260430110350,DDColor,M4,Left,DDColor,M4
T004280,N10,Student,Style Authenticity,IMG20260430103755,Reinhard,M4,Right,M4,Reinhard
T004281,N10,Student,Style Authenticity,IMG20260430103435,DDColor,M4,Right,M4,DDColor
T004282,N10,Student,Style Authenticity,IMG20260430102902,M0,Reinhard,Left,M0,Reinhard
T004283,N10,Student,Style Authenticity,IMG20260430104352,DDColor,M0,Right,M0,DDColor
T004284,N10,Student,Visual Harmony,IMG20260430104348,M4,DDColor,Left,M4,DDColor
T004285,N10,Student,Style Authenticity,IMG20260430103043,Reinhard,DDColor,Left,Reinhard,DDColor
T004286,N10,Student,Visual Harmony,IMG20260430110350,DDColor,Reinhard,Right,Reinhard,DDColor
T004287,N10,Student,Visual Harmony,IMG20260430104352,Reinhard,M4,Right,M4,Reinhard
T004288,N10,Student,Style Authenticity,IMG20260430103435,Reinhard,DDColor,Right,DDColor,Reinhard
T004289,N10,Student,Style Authenticity,IMG20260430104352,M4,M0,Left,M4,M0
T004290,N10,Student,Style Authenticity,IMG20260430102920,M1,M4,Left,M1,M4
T004291,N10,Student,Style Authenticity,IMG20260430104113,Reinhard,M1,Left,Reinhard,M1
T004292,N10,Student,Visual Harmony,IMG20260430103043,M1,DDColor,Left,M1,DDColor
T004293,N10,Student,Visual Harmony,IMG20260430103113,M1,M4,Left,M1,M4
T004294,N10,Student,Visual Harmony,IMG20260430110350,M4,DDColor,Left,M4,DDColor
T004295,N10,Student,Style Authenticity,IMG20260430103755,DDColor,M1,Left,DDColor,M1
T004296,N10,Student,Style Authenticity,IMG20260430104113,M0,Reinhard,Left,M0,Reinhard
T004297,N10,Student,Style Authenticity,IMG20260430104352,M1,DDColor,Left,M1,DDColor
T004298,N10,Student,Visual Harmony,IMG20260430102902,M1,M4,Right,M4,M1
T004299,N10,Student,Visual Harmony,IMG20260430104113,Reinhard,M1,Right,M1,Reinhard
T004300,N10,Student,Visual Harmony,IMG20260430104352,DDColor,M0,Left,DDColor,M0
T004301,N10,Student,Style Authenticity,IMG20260430102920,Reinhard,M0,Left,Reinhard,M0
T004302,N10,Student,Style Authenticity,IMG20260430104410,DDColor,M4,Right,M4,DDColor
T004303,N10,Student,Style Authenticity,IMG20260430103755,M0,Reinhard,Right,Reinhard,M0
T004304,N10,Student,Visual Harmony,IMG20260430103435,DDColor,M1,Right,M1,DDColor
T004305,N10,Student,Visual Harmony,IMG20260430103656,DDColor,M4,Left,DDColor,M4
T004306,N10,Student,Style Authenticity,IMG20260430103656,DDColor,M0,Right,M0,DDColor
T004307,N10,Student,Visual Harmony,IMG20260430102920,M1,Reinhard,Left,M1,Reinhard
T004308,N10,Student,Style Authenticity,IMG20260430103435,M0,DDColor,Left,M0,DDColor
T004309,N10,Student,Visual Harmony,IMG20260430104348,M4,M1,Left,M4,M1
T004310,N10,Student,Style Authenticity,IMG20260430103755,M1,M4,Right,M4,M1
T004311,N10,Student,Visual Harmony,IMG20260430103755,M4,M1,Left,M4,M1
T004312,N10,Student,Style Authenticity,IMG20260430103043,M0,M1,Left,M0,M1
T004313,N10,Student,Visual Harmony,IMG20260430104348,DDColor,M0,Left,DDColor,M0
T004314,N10,Student,Style Authenticity,IMG20260430103656,Reinhard,M4,Right,M4,Reinhard
T004315,N10,Student,Visual Harmony,IMG20260430103043,M0,M1,Left,M0,M1
T004316,N10,Student,Visual Harmony,IMG20260430103113,DDColor,M1,Left,DDColor,M1
T004317,N10,Student,Style Authenticity,IMG20260430104410,DDColor,M1,Right,M1,DDColor
T004318,N10,Student,Visual Harmony,IMG20260430110350,Reinhard,M4,Right,M4,Reinhard
T004319,N10,Student,Visual Harmony,IMG20260430104352,M1,Reinhard,Left,M1,Reinhard
T004320,N10,Student,Style Authenticity,IMG20260430103113,Reinhard,DDColor,Left,Reinhard,DDColor
T004321,N11,Student,Style Authenticity,IMG20260430103435,M1,M4,Left,M1,M4
T004322,N11,Student,Style Authenticity,IMG20260430103435,M4,M0,Left,M4,M0
T004323,N11,Student,Visual Harmony,IMG20260430104410,DDColor,M1,Left,DDColor,M1
T004324,N11,Student,Visual Harmony,IMG20260430104348,M4,M1,Left,M4,M1
T004325,N11,Student,Style Authenticity,IMG20260430103043,M0,M4,Right,M4,M0
T004326,N11,Student,Style Authenticity,IMG20260430102902,DDColor,M1,Right,M1,DDColor
T004327,N11,Student,Visual Harmony,IMG20260430104348,M4,M0,Left,M4,M0
T004328,N11,Student,Visual Harmony,IMG20260430104410,Reinhard,M0,Left,Reinhard,M0
T004329,N11,Student,Style Authenticity,IMG20260430104348,Reinhard,M1,Right,M1,Reinhard
T004330,N11,Student,Style Authenticity,IMG20260430104348,M4,DDColor,Left,M4,DDColor
T004331,N11,Student,Visual Harmony,IMG20260430110350,Reinhard,M0,Right,M0,Reinhard
T004332,N11,Student,Visual Harmony,IMG20260430103435,DDColor,Reinhard,Right,Reinhard,DDColor
T004333,N11,Student,Visual Harmony,IMG20260430102920,Reinhard,DDColor,Left,Reinhard,DDColor
T004334,N11,Student,Visual Harmony,IMG20260430103656,Reinhard,M1,Right,M1,Reinhard
T004335,N11,Student,Style Authenticity,IMG20260430110350,M0,M1,Right,M1,M0
T004336,N11,Student,Style Authenticity,IMG20260430103113,M4,M0,Left,M4,M0
T004337,N11,Student,Style Authenticity,IMG20260430103435,DDColor,M0,Right,M0,DDColor
T004338,N11,Student,Visual Harmony,IMG20260430103755,M0,DDColor,Right,DDColor,M0
T004339,N11,Student,Visual Harmony,IMG20260430102920,DDColor,M4,Right,M4,DDColor
T004340,N11,Student,Visual Harmony,IMG20260430104348,M0,M1,Right,M1,M0
T004341,N11,Student,Visual Harmony,IMG20260430103043,M1,DDColor,Right,DDColor,M1
T004342,N11,Student,Visual Harmony,IMG20260430103755,M4,M0,Left,M4,M0
T004343,N11,Student,Visual Harmony,IMG20260430103113,Reinhard,M4,Left,Reinhard,M4
T004344,N11,Student,Style Authenticity,IMG20260430103435,M1,M0,Right,M0,M1
T004345,N11,Student,Visual Harmony,IMG20260430103435,M0,M4,Left,M0,M4
T004346,N11,Student,Visual Harmony,IMG20260430103113,M1,Reinhard,Right,Reinhard,M1
T004347,N11,Student,Visual Harmony,IMG20260430102902,Reinhard,M0,Right,M0,Reinhard
T004348,N11,Student,Visual Harmony,IMG20260430103435,M0,Reinhard,Left,M0,Reinhard
T004349,N11,Student,Style Authenticity,IMG20260430103043,M4,Reinhard,Left,M4,Reinhard
T004350,N11,Student,Visual Harmony,IMG20260430102902,DDColor,M4,Right,M4,DDColor
T004351,N11,Student,Visual Harmony,IMG20260430104352,Reinhard,M0,Left,Reinhard,M0
T004352,N11,Student,Visual Harmony,IMG20260430103755,Reinhard,M1,Right,M1,Reinhard
T004353,N11,Student,Visual Harmony,IMG20260430102902,M0,M1,Right,M1,M0
T004354,N11,Student,Visual Harmony,IMG20260430104352,M4,M0,Left,M4,M0
T004355,N11,Student,Style Authenticity,IMG20260430104352,M4,Reinhard,Left,M4,Reinhard
T004356,N11,Student,Style Authenticity,IMG20260430110350,M0,Reinhard,Left,M0,Reinhard
T004357,N11,Student,Style Authenticity,IMG20260430104410,Reinhard,M1,Left,Reinhard,M1
T004358,N11,Student,Style Authenticity,IMG20260430103656,M4,Reinhard,Left,M4,Reinhard
T004359,N11,Student,Visual Harmony,IMG20260430103043,M1,M4,Left,M1,M4
T004360,N11,Student,Visual Harmony,IMG20260430103043,Reinhard,M0,Right,M0,Reinhard
T004361,N11,Student,Style Authenticity,IMG20260430104113,M4,M0,Right,M0,M4
T004362,N11,Student,Visual Harmony,IMG20260430103755,M4,Reinhard,Left,M4,Reinhard
T004363,N11,Student,Style Authenticity,IMG20260430110350,M4,Reinhard,Right,Reinhard,M4
T004364,N11,Student,Visual Harmony,IMG20260430104348,Reinhard,M0,Left,Reinhard,M0
T004365,N11,Student,Visual Harmony,IMG20260430103435,M0,DDColor,Right,DDColor,M0
T004366,N11,Student,Style Authenticity,IMG20260430104352,Reinhard,M1,Left,Reinhard,M1
T004367,N11,Student,Style Authenticity,IMG20260430102920,M4,Reinhard,Left,M4,Reinhard
T004368,N11,Student,Style Authenticity,IMG20260430104352,DDColor,M1,Right,M1,DDColor
T004369,N11,Student,Style Authenticity,IMG20260430103043,DDColor,M1,Right,M1,DDColor
T004370,N11,Student,Style Authenticity,IMG20260430104113,M0,DDColor,Left,M0,DDColor
T004371,N11,Student,Style Authenticity,IMG20260430102920,M1,M4,Right,M4,M1
T004372,N11,Student,Visual Harmony,IMG20260430104410,Reinhard,DDColor,Right,DDColor,Reinhard
T004373,N11,Student,Style Authenticity,IMG20260430103435,M1,Reinhard,Right,Reinhard,M1
T004374,N11,Student,Style Authenticity,IMG20260430104113,M1,DDColor,Right,DDColor,M1
T004375,N11,Student,Visual Harmony,IMG20260430104352,M1,M0,Left,M1,M0
T004376,N11,Student,Visual Harmony,IMG20260430103043,M4,DDColor,Left,M4,DDColor
T004377,N11,Student,Style Authenticity,IMG20260430104410,M0,DDColor,Left,M0,DDColor
T004378,N11,Student,Visual Harmony,IMG20260430110350,M0,DDColor,Right,DDColor,M0
T004379,N11,Student,Visual Harmony,IMG20260430103656,M1,M4,Right,M4,M1
T004380,N11,Student,Style Authenticity,IMG20260430104348,M0,M4,Right,M4,M0
T004381,N11,Student,Visual Harmony,IMG20260430102902,DDColor,M0,Left,DDColor,M0
T004382,N11,Student,Style Authenticity,IMG20260430104410,M1,M0,Left,M1,M0
T004383,N11,Student,Style Authenticity,IMG20260430102902,M4,Reinhard,Left,M4,Reinhard
T004384,N11,Student,Style Authenticity,IMG20260430102920,DDColor,Reinhard,Right,Reinhard,DDColor
T004385,N11,Student,Style Authenticity,IMG20260430102920,DDColor,M4,Right,M4,DDColor
T004386,N11,Student,Style Authenticity,IMG20260430104410,DDColor,Reinhard,Left,DDColor,Reinhard
T004387,N11,Student,Style Authenticity,IMG20260430104113,M4,DDColor,Left,M4,DDColor
T004388,N11,Student,Visual Harmony,IMG20260430102920,Reinhard,M0,Right,M0,Reinhard
T004389,N11,Student,Visual Harmony,IMG20260430103043,M0,DDColor,Right,DDColor,M0
T004390,N11,Student,Style Authenticity,IMG20260430104348,DDColor,M0,Right,M0,DDColor
T004391,N11,Student,Visual Harmony,IMG20260430104410,M1,M4,Left,M1,M4
T004392,N11,Student,Visual Harmony,IMG20260430104410,M0,M4,Right,M4,M0
T004393,N11,Student,Visual Harmony,IMG20260430102902,M4,M1,Left,M4,M1
T004394,N11,Student,Visual Harmony,IMG20260430103113,M1,M4,Right,M4,M1
T004395,N11,Student,Visual Harmony,IMG20260430104113,M1,DDColor,Right,DDColor,M1
T004396,N11,Student,Style Authenticity,IMG20260430104410,M4,DDColor,Left,M4,DDColor
T004397,N11,Student,Style Authenticity,IMG20260430103755,DDColor,M0,Right,M0,DDColor
T004398,N11,Student,Style Authenticity,IMG20260430103755,Reinhard,DDColor,Left,Reinhard,DDColor
T004399,N11,Student,Style Authenticity,IMG20260430104410,M4,M1,Left,M4,M1
T004400,N11,Student,Style Authenticity,IMG20260430110350,M4,M1,Left,M4,M1
T004401,N11,Student,Style Authenticity,IMG20260430104113,M1,M0,Right,M0,M1
T004402,N11,Student,Style Authenticity,IMG20260430103113,DDColor,Reinhard,Left,DDColor,Reinhard
T004403,N11,Student,Style Authenticity,IMG20260430110350,DDColor,Reinhard,Left,DDColor,Reinhard
T004404,N11,Student,Style Authenticity,IMG20260430103435,Reinhard,M0,Left,Reinhard,M0
T004405,N11,Student,Visual Harmony,IMG20260430104113,M1,M0,Right,M0,M1
T004406,N11,Student,Style Authenticity,IMG20260430102902,M1,M4,Right,M4,M1
T004407,N11,Student,Visual Harmony,IMG20260430103435,M4,DDColor,Right,DDColor,M4
T004408,N11,Student,Visual Harmony,IMG20260430102920,M4,M1,Left,M4,M1
T004409,N11,Student,Visual Harmony,IMG20260430103043,M4,Reinhard,Left,M4,Reinhard
T004410,N11,Student,Visual Harmony,IMG20260430103755,DDColor,M1,Right,M1,DDColor
T004411,N11,Student,Visual Harmony,IMG20260430103435,M0,M1,Right,M1,M0
T004412,N11,Student,Visual Harmony,IMG20260430102920,M4,M0,Left,M4,M0
T004413,N11,Student,Style Authenticity,IMG20260430103656,M0,Reinhard,Right,Reinhard,M0
T004414,N11,Student,Style Authenticity,IMG20260430103755,M1,M0,Right,M0,M1
T004415,N11,Student,Style Authenticity,IMG20260430104352,M0,DDColor,Left,M0,DDColor
T004416,N11,Student,Style Authenticity,IMG20260430104410,M0,M4,Left,M0,M4
T004417,N11,Student,Style Authenticity,IMG20260430110350,M4,DDColor,Left,M4,DDColor
T004418,N11,Student,Visual Harmony,IMG20260430102902,Reinhard,M1,Right,M1,Reinhard
T004419,N11,Student,Visual Harmony,IMG20260430104113,M4,DDColor,Right,DDColor,M4
T004420,N11,Student,Style Authenticity,IMG20260430102920,M1,M0,Right,M0,M1
T004421,N11,Student,Visual Harmony,IMG20260430103435,M1,DDColor,Left,M1,DDColor
T004422,N11,Student,Visual Harmony,IMG20260430110350,M4,M0,Left,M4,M0
T004423,N11,Student,Style Authenticity,IMG20260430104410,DDColor,M1,Right,M1,DDColor
T004424,N11,Student,Style Authenticity,IMG20260430103113,DDColor,M1,Left,DDColor,M1
T004425,N11,Student,Visual Harmony,IMG20260430104348,M4,Reinhard,Right,Reinhard,M4
T004426,N11,Student,Style Authenticity,IMG20260430103755,DDColor,M1,Right,M1,DDColor
T004427,N11,Student,Visual Harmony,IMG20260430104348,M0,DDColor,Left,M0,DDColor
T004428,N11,Student,Style Authenticity,IMG20260430104352,M4,M0,Right,M0,M4
T004429,N11,Student,Visual Harmony,IMG20260430103043,M1,M0,Left,M1,M0
T004430,N11,Student,Style Authenticity,IMG20260430102920,M1,DDColor,Right,DDColor,M1
T004431,N11,Student,Visual Harmony,IMG20260430103113,Reinhard,DDColor,Left,Reinhard,DDColor
T004432,N11,Student,Style Authenticity,IMG20260430103113,M4,M1,Left,M4,M1
T004433,N11,Student,Style Authenticity,IMG20260430103656,M4,M0,Left,M4,M0
T004434,N11,Student,Style Authenticity,IMG20260430103043,M4,M1,Left,M4,M1
T004435,N11,Student,Visual Harmony,IMG20260430103656,M1,M0,Right,M0,M1
T004436,N11,Student,Visual Harmony,IMG20260430104113,DDColor,Reinhard,Left,DDColor,Reinhard
T004437,N11,Student,Style Authenticity,IMG20260430102920,M4,M0,Right,M0,M4
T004438,N11,Student,Visual Harmony,IMG20260430104352,Reinhard,M1,Left,Reinhard,M1
T004439,N11,Student,Visual Harmony,IMG20260430102920,M1,Reinhard,Left,M1,Reinhard
T004440,N11,Student,Visual Harmony,IMG20260430104113,M0,M4,Left,M0,M4
T004441,N11,Student,Visual Harmony,IMG20260430103755,Reinhard,M0,Right,M0,Reinhard
T004442,N11,Student,Visual Harmony,IMG20260430103656,M4,M0,Left,M4,M0
T004443,N11,Student,Style Authenticity,IMG20260430103043,M0,M1,Left,M0,M1
T004444,N11,Student,Visual Harmony,IMG20260430103656,DDColor,M1,Right,M1,DDColor
T004445,N11,Student,Visual Harmony,IMG20260430104348,DDColor,M4,Right,M4,DDColor
T004446,N11,Student,Visual Harmony,IMG20260430102902,DDColor,Reinhard,Left,DDColor,Reinhard
T004447,N11,Student,Style Authenticity,IMG20260430104352,M4,DDColor,Left,M4,DDColor
T004448,N11,Student,Style Authenticity,IMG20260430104348,M4,M1,Right,M1,M4
T004449,N11,Student,Style Authenticity,IMG20260430102920,Reinhard,M1,Right,M1,Reinhard
T004450,N11,Student,Visual Harmony,IMG20260430103043,M4,M0,Left,M4,M0
T004451,N11,Student,Style Authenticity,IMG20260430103656,M0,DDColor,Left,M0,DDColor
T004452,N11,Student,Style Authenticity,IMG20260430103043,M4,DDColor,Left,M4,DDColor
T004453,N11,Student,Style Authenticity,IMG20260430103656,Reinhard,M1,Right,M1,Reinhard
T004454,N11,Student,Style Authenticity,IMG20260430104348,Reinhard,M0,Left,Reinhard,M0
T004455,N11,Student,Style Authenticity,IMG20260430104352,Reinhard,M0,Right,M0,Reinhard
T004456,N11,Student,Style Authenticity,IMG20260430103043,DDColor,Reinhard,Left,DDColor,Reinhard
T004457,N11,Student,Visual Harmony,IMG20260430104113,DDColor,M0,Right,M0,DDColor
T004458,N11,Student,Visual Harmony,IMG20260430103113,DDColor,M4,Left,DDColor,M4
T004459,N11,Student,Visual Harmony,IMG20260430104113,Reinhard,M4,Right,M4,Reinhard
T004460,N11,Student,Style Authenticity,IMG20260430103656,M1,DDColor,Left,M1,DDColor
T004461,N11,Student,Style Authenticity,IMG20260430103435,DDColor,Reinhard,Left,DDColor,Reinhard
T004462,N11,Student,Visual Harmony,IMG20260430103656,DDColor,M4,Right,M4,DDColor
T004463,N11,Student,Style Authenticity,IMG20260430103435,M4,DDColor,Right,DDColor,M4
T004464,N11,Student,Visual Harmony,IMG20260430104348,DDColor,M1,Right,M1,DDColor
T004465,N11,Student,Style Authenticity,IMG20260430103755,M4,M0,Right,M0,M4
T004466,N11,Student,Style Authenticity,IMG20260430104113,M1,M4,Right,M4,M1
T004467,N11,Student,Style Authenticity,IMG20260430103435,Reinhard,M4,Right,M4,Reinhard
T004468,N11,Student,Visual Harmony,IMG20260430103755,DDColor,Reinhard,Right,Reinhard,DDColor
T004469,N11,Student,Style Authenticity,IMG20260430103656,DDColor,M4,Right,M4,DDColor
T004470,N11,Student,Style Authenticity,IMG20260430104113,DDColor,Reinhard,Left,DDColor,Reinhard
T004471,N11,Student,Style Authenticity,IMG20260430103113,DDColor,M4,Right,M4,DDColor
T004472,N11,Student,Style Authenticity,IMG20260430104352,Reinhard,DDColor,Right,DDColor,Reinhard
T004473,N11,Student,Visual Harmony,IMG20260430102920,M1,DDColor,Right,DDColor,M1
T004474,N11,Student,Style Authenticity,IMG20260430102902,M4,M0,Left,M4,M0
T004475,N11,Student,Style Authenticity,IMG20260430103656,Reinhard,DDColor,Right,DDColor,Reinhard
T004476,N11,Student,Style Authenticity,IMG20260430102902,Reinhard,DDColor,Right,DDColor,Reinhard
T004477,N11,Student,Visual Harmony,IMG20260430110350,M4,DDColor,Left,M4,DDColor
T004478,N11,Student,Style Authenticity,IMG20260430104348,Reinhard,M4,Right,M4,Reinhard
T004479,N11,Student,Style Authenticity,IMG20260430104348,M1,M0,Right,M0,M1
T004480,N11,Student,Style Authenticity,IMG20260430103656,M0,M1,Left,M0,M1
T004481,N11,Student,Style Authenticity,IMG20260430104348,Reinhard,DDColor,Left,Reinhard,DDColor
T004482,N11,Student,Visual Harmony,IMG20260430104410,Reinhard,M1,Left,Reinhard,M1
T004483,N11,Student,Visual Harmony,IMG20260430103113,M0,M1,Left,M0,M1
T004484,N11,Student,Visual Harmony,IMG20260430110350,Reinhard,M1,Right,M1,Reinhard
T004485,N11,Student,Visual Harmony,IMG20260430104113,M1,M4,Right,M4,M1
T004486,N11,Student,Style Authenticity,IMG20260430103755,M0,Reinhard,Left,M0,Reinhard
T004487,N11,Student,Style Authenticity,IMG20260430110350,M1,Reinhard,Left,M1,Reinhard
T004488,N11,Student,Visual Harmony,IMG20260430103435,M4,M1,Left,M4,M1
T004489,N11,Student,Visual Harmony,IMG20260430103435,M1,Reinhard,Right,Reinhard,M1
T004490,N11,Student,Visual Harmony,IMG20260430102920,M1,M0,Right,M0,M1
T004491,N11,Student,Style Authenticity,IMG20260430102902,M0,Reinhard,Left,M0,Reinhard
T004492,N11,Student,Visual Harmony,IMG20260430104352,DDColor,M0,Right,M0,DDColor
T004493,N11,Student,Style Authenticity,IMG20260430104113,Reinhard,M4,Right,M4,Reinhard
T004494,N11,Student,Style Authenticity,IMG20260430103043,M0,DDColor,Right,DDColor,M0
T004495,N11,Student,Visual Harmony,IMG20260430104410,M4,Reinhard,Left,M4,Reinhard
T004496,N11,Student,Visual Harmony,IMG20260430104352,Reinhard,DDColor,Right,DDColor,Reinhard
T004497,N11,Student,Style Authenticity,IMG20260430102902,DDColor,M4,Right,M4,DDColor
T004498,N11,Student,Style Authenticity,IMG20260430103113,M1,Reinhard,Right,Reinhard,M1
T004499,N11,Student,Visual Harmony,IMG20260430103656,DDColor,Reinhard,Left,DDColor,Reinhard
T004500,N11,Student,Style Authenticity,IMG20260430103755,DDColor,M4,Right,M4,DDColor
T004501,N11,Student,Style Authenticity,IMG20260430103113,M0,DDColor,Left,M0,DDColor
T004502,N11,Student,Visual Harmony,IMG20260430110350,Reinhard,M4,Right,M4,Reinhard
T004503,N11,Student,Style Authenticity,IMG20260430110350,M0,M4,Left,M0,M4
T004504,N11,Student,Style Authenticity,IMG20260430103113,M0,Reinhard,Left,M0,Reinhard
T004505,N11,Student,Style Authenticity,IMG20260430103043,Reinhard,M0,Right,M0,Reinhard
T004506,N11,Student,Visual Harmony,IMG20260430104352,M4,DDColor,Left,M4,DDColor
T004507,N11,Student,Visual Harmony,IMG20260430102902,M4,Reinhard,Right,Reinhard,M4
T004508,N11,Student,Visual Harmony,IMG20260430102902,M1,DDColor,Right,DDColor,M1
T004509,N11,Student,Visual Harmony,IMG20260430110350,DDColor,M1,Left,DDColor,M1
T004510,N11,Student,Style Authenticity,IMG20260430104113,Reinhard,M0,Right,M0,Reinhard
T004511,N11,Student,Style Authenticity,IMG20260430103113,Reinhard,M4,Right,M4,Reinhard
T004512,N11,Student,Style Authenticity,IMG20260430102902,Reinhard,M1,Right,M1,Reinhard
T004513,N11,Student,Style Authenticity,IMG20260430110350,DDColor,M0,Right,M0,DDColor
T004514,N11,Student,Visual Harmony,IMG20260430102920,M4,Reinhard,Left,M4,Reinhard
T004515,N11,Student,Visual Harmony,IMG20260430103755,M1,M0,Right,M0,M1
T004516,N11,Student,Visual Harmony,IMG20260430103113,DDColor,M0,Left,DDColor,M0
T004517,N11,Student,Visual Harmony,IMG20260430104352,DDColor,M1,Left,DDColor,M1
T004518,N11,Student,Style Authenticity,IMG20260430104352,M0,M1,Left,M0,M1
T004519,N11,Student,Style Authenticity,IMG20260430104410,M0,Reinhard,Right,Reinhard,M0
T004520,N11,Student,Visual Harmony,IMG20260430103656,Reinhard,M4,Right,M4,Reinhard
T004521,N11,Student,Style Authenticity,IMG20260430103656,M4,M1,Left,M4,M1
T004522,N11,Student,Style Authenticity,IMG20260430104113,Reinhard,M1,Right,M1,Reinhard
T004523,N11,Student,Style Authenticity,IMG20260430103435,M1,DDColor,Left,M1,DDColor
T004524,N11,Student,Visual Harmony,IMG20260430103043,M1,Reinhard,Left,M1,Reinhard
T004525,N11,Student,Visual Harmony,IMG20260430103043,DDColor,Reinhard,Left,DDColor,Reinhard
T004526,N11,Student,Visual Harmony,IMG20260430103755,DDColor,M4,Right,M4,DDColor
T004527,N11,Student,Visual Harmony,IMG20260430104113,M0,Reinhard,Left,M0,Reinhard
T004528,N11,Student,Visual Harmony,IMG20260430103656,M0,DDColor,Left,M0,DDColor
T004529,N11,Student,Visual Harmony,IMG20260430103755,M1,M4,Left,M1,M4
T004530,N11,Student,Style Authenticity,IMG20260430103043,M1,Reinhard,Right,Reinhard,M1
T004531,N11,Student,Visual Harmony,IMG20260430102902,M0,M4,Left,M0,M4
T004532,N11,Student,Style Authenticity,IMG20260430103755,M1,M4,Left,M1,M4
T004533,N11,Student,Style Authenticity,IMG20260430102902,M0,DDColor,Left,M0,DDColor
T004534,N11,Student,Visual Harmony,IMG20260430103435,Reinhard,M4,Right,M4,Reinhard
T004535,N11,Student,Style Authenticity,IMG20260430103755,Reinhard,M4,Right,M4,Reinhard
T004536,N11,Student,Style Authenticity,IMG20260430110350,M1,DDColor,Left,M1,DDColor
T004537,N11,Student,Visual Harmony,IMG20260430104348,Reinhard,M1,Left,Reinhard,M1
T004538,N11,Student,Style Authenticity,IMG20260430103755,Reinhard,M1,Right,M1,Reinhard
T004539,N11,Student,Visual Harmony,IMG20260430110350,M0,M1,Right,M1,M0
T004540,N11,Student,Visual Harmony,IMG20260430104348,DDColor,Reinhard,Right,Reinhard,DDColor
T004541,N11,Student,Style Authenticity,IMG20260430102920,Reinhard,M0,Right,M0,Reinhard
T004542,N11,Student,Style Authenticity,IMG20260430104348,DDColor,M1,Right,M1,DDColor
T004543,N11,Student,Visual Harmony,IMG20260430104410,M4,DDColor,Right,DDColor,M4
T004544,N11,Student,Style Authenticity,IMG20260430104410,M4,Reinhard,Left,M4,Reinhard
T004545,N11,Student,Visual Harmony,IMG20260430103113,M0,M4,Right,M4,M0
T004546,N11,Student,Visual Harmony,IMG20260430110350,DDColor,Reinhard,Left,DDColor,Reinhard
T004547,N11,Student,Visual Harmony,IMG20260430104410,DDColor,M0,Right,M0,DDColor
T004548,N11,Student,Style Authenticity,IMG20260430104352,M1,M4,Right,M4,M1
T004549,N11,Student,Visual Harmony,IMG20260430103113,Reinhard,M0,Left,Reinhard,M0
T004550,N11,Student,Visual Harmony,IMG20260430103113,M1,DDColor,Left,M1,DDColor
T004551,N11,Student,Visual Harmony,IMG20260430104113,Reinhard,M1,Right,M1,Reinhard
T004552,N11,Student,Style Authenticity,IMG20260430102902,M0,M1,Left,M0,M1
T004553,N11,Student,Style Authenticity,IMG20260430102920,M0,DDColor,Left,M0,DDColor
T004554,N11,Student,Visual Harmony,IMG20260430103656,M0,Reinhard,Left,M0,Reinhard
T004555,N11,Student,Style Authenticity,IMG20260430103113,M0,M1,Right,M1,M0
T004556,N11,Student,Visual Harmony,IMG20260430110350,M4,M1,Right,M1,M4
T004557,N11,Student,Visual Harmony,IMG20260430102920,DDColor,M0,Right,M0,DDColor
T004558,N11,Student,Visual Harmony,IMG20260430104410,M1,M0,Right,M0,M1
T004559,N11,Student,Visual Harmony,IMG20260430104352,Reinhard,M4,Right,M4,Reinhard
T004560,N11,Student,Visual Harmony,IMG20260430104352,M4,M1,Right,M1,M4
T004561,N12,Student,Style Authenticity,IMG20260430103755,M0,DDColor,Right,DDColor,M0
T004562,N12,Student,Visual Harmony,IMG20260430103113,DDColor,M4,Right,M4,DDColor
T004563,N12,Student,Visual Harmony,IMG20260430103113,Reinhard,M0,Right,M0,Reinhard
T004564,N12,Student,Style Authenticity,IMG20260430104410,Reinhard,DDColor,Left,Reinhard,DDColor
T004565,N12,Student,Style Authenticity,IMG20260430104410,M4,M0,Left,M4,M0
T004566,N12,Student,Style Authenticity,IMG20260430103656,DDColor,M1,Left,DDColor,M1
T004567,N12,Student,Style Authenticity,IMG20260430103656,M4,DDColor,Left,M4,DDColor
T004568,N12,Student,Visual Harmony,IMG20260430110350,Reinhard,M4,Right,M4,Reinhard
T004569,N12,Student,Style Authenticity,IMG20260430103755,M4,M0,Left,M4,M0
T004570,N12,Student,Visual Harmony,IMG20260430104348,M1,M4,Right,M4,M1
T004571,N12,Student,Visual Harmony,IMG20260430102902,Reinhard,M1,Right,M1,Reinhard
T004572,N12,Student,Style Authenticity,IMG20260430110350,M0,DDColor,Left,M0,DDColor
T004573,N12,Student,Visual Harmony,IMG20260430104113,M0,DDColor,Left,M0,DDColor
T004574,N12,Student,Style Authenticity,IMG20260430104348,DDColor,M4,Right,M4,DDColor
T004575,N12,Student,Style Authenticity,IMG20260430104410,M1,M4,Left,M1,M4
T004576,N12,Student,Visual Harmony,IMG20260430104410,M0,M4,Left,M0,M4
T004577,N12,Student,Visual Harmony,IMG20260430102902,DDColor,M4,Right,M4,DDColor
T004578,N12,Student,Style Authenticity,IMG20260430102902,M0,M4,Right,M4,M0
T004579,N12,Student,Visual Harmony,IMG20260430102902,M4,M1,Left,M4,M1
T004580,N12,Student,Style Authenticity,IMG20260430103113,DDColor,M4,Right,M4,DDColor
T004581,N12,Student,Style Authenticity,IMG20260430102902,Reinhard,M4,Right,M4,Reinhard
T004582,N12,Student,Visual Harmony,IMG20260430103435,M1,DDColor,Right,DDColor,M1
T004583,N12,Student,Visual Harmony,IMG20260430102902,M1,DDColor,Left,M1,DDColor
T004584,N12,Student,Visual Harmony,IMG20260430102920,M0,Reinhard,Left,M0,Reinhard
T004585,N12,Student,Visual Harmony,IMG20260430103435,M4,Reinhard,Left,M4,Reinhard
T004586,N12,Student,Visual Harmony,IMG20260430104113,M1,M0,Left,M1,M0
T004587,N12,Student,Style Authenticity,IMG20260430102920,M4,Reinhard,Left,M4,Reinhard
T004588,N12,Student,Visual Harmony,IMG20260430103656,Reinhard,M1,Right,M1,Reinhard
T004589,N12,Student,Style Authenticity,IMG20260430102902,DDColor,M1,Right,M1,DDColor
T004590,N12,Student,Visual Harmony,IMG20260430103043,DDColor,Reinhard,Left,DDColor,Reinhard
T004591,N12,Student,Style Authenticity,IMG20260430104352,M0,Reinhard,Left,M0,Reinhard
T004592,N12,Student,Visual Harmony,IMG20260430102902,M0,Reinhard,Left,M0,Reinhard
T004593,N12,Student,Style Authenticity,IMG20260430104348,Reinhard,DDColor,Left,Reinhard,DDColor
T004594,N12,Student,Style Authenticity,IMG20260430103755,M1,M0,Right,M0,M1
T004595,N12,Student,Visual Harmony,IMG20260430104352,DDColor,M0,Right,M0,DDColor
T004596,N12,Student,Visual Harmony,IMG20260430103435,M0,Reinhard,Left,M0,Reinhard
T004597,N12,Student,Style Authenticity,IMG20260430104348,M0,M4,Left,M0,M4
T004598,N12,Student,Visual Harmony,IMG20260430103755,M1,M4,Left,M1,M4
T004599,N12,Student,Style Authenticity,IMG20260430103043,M1,M0,Right,M0,M1
T004600,N12,Student,Visual Harmony,IMG20260430103755,M0,DDColor,Right,DDColor,M0
T004601,N12,Student,Visual Harmony,IMG20260430104352,M1,M0,Left,M1,M0
T004602,N12,Student,Style Authenticity,IMG20260430103656,DDColor,Reinhard,Right,Reinhard,DDColor
T004603,N12,Student,Visual Harmony,IMG20260430104113,M4,M1,Left,M4,M1
T004604,N12,Student,Style Authenticity,IMG20260430103435,M4,M0,Left,M4,M0
T004605,N12,Student,Visual Harmony,IMG20260430103043,M4,Reinhard,Left,M4,Reinhard
T004606,N12,Student,Style Authenticity,IMG20260430110350,M1,M0,Right,M0,M1
T004607,N12,Student,Style Authenticity,IMG20260430103435,M1,M0,Right,M0,M1
T004608,N12,Student,Visual Harmony,IMG20260430102902,Reinhard,DDColor,Left,Reinhard,DDColor
T004609,N12,Student,Style Authenticity,IMG20260430103755,M1,DDColor,Left,M1,DDColor
T004610,N12,Student,Visual Harmony,IMG20260430104113,M1,DDColor,Left,M1,DDColor
T004611,N12,Student,Style Authenticity,IMG20260430102902,M0,M1,Left,M0,M1
T004612,N12,Student,Visual Harmony,IMG20260430104348,M0,M4,Right,M4,M0
T004613,N12,Student,Style Authenticity,IMG20260430110350,M1,DDColor,Left,M1,DDColor
T004614,N12,Student,Style Authenticity,IMG20260430103043,Reinhard,DDColor,Left,Reinhard,DDColor
T004615,N12,Student,Style Authenticity,IMG20260430103656,M0,DDColor,Left,M0,DDColor
T004616,N12,Student,Visual Harmony,IMG20260430104410,Reinhard,M0,Right,M0,Reinhard
T004617,N12,Student,Style Authenticity,IMG20260430103113,M4,M0,Left,M4,M0
T004618,N12,Student,Visual Harmony,IMG20260430103656,M0,Reinhard,Left,M0,Reinhard
T004619,N12,Student,Style Authenticity,IMG20260430103755,M1,Reinhard,Left,M1,Reinhard
T004620,N12,Student,Visual Harmony,IMG20260430104410,Reinhard,M4,Left,Reinhard,M4
T004621,N12,Student,Visual Harmony,IMG20260430103656,M1,M0,Right,M0,M1
T004622,N12,Student,Visual Harmony,IMG20260430103113,M4,M1,Right,M1,M4
T004623,N12,Student,Visual Harmony,IMG20260430110350,M0,M4,Right,M4,M0
T004624,N12,Student,Visual Harmony,IMG20260430102920,M0,M1,Right,M1,M0
T004625,N12,Student,Style Authenticity,IMG20260430103043,M0,Reinhard,Right,Reinhard,M0
T004626,N12,Student,Visual Harmony,IMG20260430102920,M0,M4,Right,M4,M0
T004627,N12,Student,Style Authenticity,IMG20260430102920,M1,M0,Left,M1,M0
T004628,N12,Student,Style Authenticity,IMG20260430104410,M1,DDColor,Left,M1,DDColor
T004629,N12,Student,Style Authenticity,IMG20260430104352,M4,M0,Right,M0,M4
T004630,N12,Student,Style Authenticity,IMG20260430103755,Reinhard,M0,Right,M0,Reinhard
T004631,N12,Student,Visual Harmony,IMG20260430104410,M0,M1,Right,M1,M0
T004632,N12,Student,Visual Harmony,IMG20260430103755,DDColor,M4,Right,M4,DDColor
T004633,N12,Student,Style Authenticity,IMG20260430102902,M0,Reinhard,Right,Reinhard,M0
T004634,N12,Student,Visual Harmony,IMG20260430104348,M1,M0,Left,M1,M0
T004635,N12,Student,Visual Harmony,IMG20260430104352,M1,DDColor,Right,DDColor,M1
T004636,N12,Student,Style Authenticity,IMG20260430103113,M1,M0,Right,M0,M1
T004637,N12,Student,Visual Harmony,IMG20260430104348,Reinhard,M4,Left,Reinhard,M4
T004638,N12,Student,Style Authenticity,IMG20260430103435,M1,DDColor,Left,M1,DDColor
T004639,N12,Student,Style Authenticity,IMG20260430103113,Reinhard,M0,Right,M0,Reinhard
T004640,N12,Student,Style Authenticity,IMG20260430104352,Reinhard,DDColor,Left,Reinhard,DDColor
T004641,N12,Student,Visual Harmony,IMG20260430104410,DDColor,M1,Left,DDColor,M1
T004642,N12,Student,Style Authenticity,IMG20260430104352,M0,DDColor,Right,DDColor,M0
T004643,N12,Student,Visual Harmony,IMG20260430104410,DDColor,Reinhard,Right,Reinhard,DDColor
T004644,N12,Student,Visual Harmony,IMG20260430103043,M0,Reinhard,Left,M0,Reinhard
T004645,N12,Student,Visual Harmony,IMG20260430110350,M0,M1,Left,M0,M1
T004646,N12,Student,Style Authenticity,IMG20260430103755,Reinhard,DDColor,Right,DDColor,Reinhard
T004647,N12,Student,Style Authenticity,IMG20260430110350,M1,M4,Right,M4,M1
T004648,N12,Student,Visual Harmony,IMG20260430104410,DDColor,M0,Right,M0,DDColor
T004649,N12,Student,Visual Harmony,IMG20260430103435,M0,M1,Right,M1,M0
T004650,N12,Student,Visual Harmony,IMG20260430110350,Reinhard,DDColor,Right,DDColor,Reinhard
T004651,N12,Student,Visual Harmony,IMG20260430103043,M1,DDColor,Left,M1,DDColor
T004652,N12,Student,Visual Harmony,IMG20260430103435,DDColor,M0,Right,M0,DDColor
T004653,N12,Student,Visual Harmony,IMG20260430110350,DDColor,M4,Right,M4,DDColor
T004654,N12,Student,Style Authenticity,IMG20260430104113,M1,Reinhard,Left,M1,Reinhard
T004655,N12,Student,Visual Harmony,IMG20260430104352,M4,M1,Right,M1,M4
T004656,N12,Student,Visual Harmony,IMG20260430103435,M0,M4,Left,M0,M4
T004657,N12,Student,Style Authenticity,IMG20260430104113,M4,M1,Right,M1,M4
T004658,N12,Student,Visual Harmony,IMG20260430103435,M1,M4,Right,M4,M1
T004659,N12,Student,Visual Harmony,IMG20260430103656,M1,DDColor,Left,M1,DDColor
T004660,N12,Student,Style Authenticity,IMG20260430102920,M1,Reinhard,Right,Reinhard,M1
T004661,N12,Student,Style Authenticity,IMG20260430104113,M0,Reinhard,Left,M0,Reinhard
T004662,N12,Student,Style Authenticity,IMG20260430104113,M4,Reinhard,Left,M4,Reinhard
T004663,N12,Student,Style Authenticity,IMG20260430103435,Reinhard,M1,Right,M1,Reinhard
T004664,N12,Student,Style Authenticity,IMG20260430103113,M0,DDColor,Right,DDColor,M0
T004665,N12,Student,Style Authenticity,IMG20260430103656,M1,M4,Right,M4,M1
T004666,N12,Student,Visual Harmony,IMG20260430104113,M0,M4,Right,M4,M0
T004667,N12,Student,Visual Harmony,IMG20260430104348,DDColor,M4,Left,DDColor,M4
T004668,N12,Student,Style Authenticity,IMG20260430103043,M4,M0,Right,M0,M4
T004669,N12,Student,Visual Harmony,IMG20260430103755,M4,Reinhard,Right,Reinhard,M4
T004670,N12,Student,Style Authenticity,IMG20260430104348,Reinhard,M4,Right,M4,Reinhard
T004671,N12,Student,Visual Harmony,IMG20260430102920,Reinhard,M1,Left,Reinhard,M1
T004672,N12,Student,Style Authenticity,IMG20260430104352,M4,Reinhard,Right,Reinhard,M4
T004673,N12,Student,Visual Harmony,IMG20260430103755,M1,M0,Right,M0,M1
T004674,N12,Student,Style Authenticity,IMG20260430103755,Reinhard,M4,Right,M4,Reinhard
T004675,N12,Student,Visual Harmony,IMG20260430102920,M4,M1,Left,M4,M1
T004676,N12,Student,Visual Harmony,IMG20260430103755,DDColor,Reinhard,Left,DDColor,Reinhard
T004677,N12,Student,Style Authenticity,IMG20260430103435,Reinhard,DDColor,Left,Reinhard,DDColor
T004678,N12,Student,Visual Harmony,IMG20260430103043,DDColor,M4,Left,DDColor,M4
T004679,N12,Student,Style Authenticity,IMG20260430110350,Reinhard,M0,Right,M0,Reinhard
T004680,N12,Student,Style Authenticity,IMG20260430104352,M0,M1,Left,M0,M1
T004681,N12,Student,Style Authenticity,IMG20260430104113,M1,DDColor,Left,M1,DDColor
T004682,N12,Student,Visual Harmony,IMG20260430103043,M0,DDColor,Right,DDColor,M0
T004683,N12,Student,Style Authenticity,IMG20260430103043,DDColor,M0,Left,DDColor,M0
T004684,N12,Student,Visual Harmony,IMG20260430102902,M0,DDColor,Left,M0,DDColor
T004685,N12,Student,Style Authenticity,IMG20260430103656,M0,M1,Left,M0,M1
T004686,N12,Student,Style Authenticity,IMG20260430103755,M1,M4,Right,M4,M1
T004687,N12,Student,Style Authenticity,IMG20260430103435,M4,DDColor,Left,M4,DDColor
T004688,N12,Student,Visual Harmony,IMG20260430103656,Reinhard,M4,Right,M4,Reinhard
T004689,N12,Student,Visual Harmony,IMG20260430104113,M4,DDColor,Left,M4,DDColor
T004690,N12,Student,Visual Harmony,IMG20260430104348,DDColor,M1,Left,DDColor,M1
T004691,N12,Student,Visual Harmony,IMG20260430103113,M0,DDColor,Left,M0,DDColor
T004692,N12,Student,Visual Harmony,IMG20260430102920,DDColor,M0,Right,M0,DDColor
T004693,N12,Student,Style Authenticity,IMG20260430110350,Reinhard,M1,Left,Reinhard,M1
T004694,N12,Student,Style Authenticity,IMG20260430103435,M0,DDColor,Left,M0,DDColor
T004695,N12,Student,Style Authenticity,IMG20260430104113,M4,M0,Right,M0,M4
T004696,N12,Student,Style Authenticity,IMG20260430102920,M4,DDColor,Left,M4,DDColor
T004697,N12,Student,Visual Harmony,IMG20260430103656,M0,M4,Right,M4,M0
T004698,N12,Student,Style Authenticity,IMG20260430103656,Reinhard,M1,Right,M1,Reinhard
T004699,N12,Student,Style Authenticity,IMG20260430103043,DDColor,M1,Right,M1,DDColor
T004700,N12,Student,Visual Harmony,IMG20260430110350,M1,Reinhard,Right,Reinhard,M1
T004701,N12,Student,Visual Harmony,IMG20260430103113,M4,Reinhard,Right,Reinhard,M4
T004702,N12,Student,Style Authenticity,IMG20260430103656,M4,Reinhard,Right,Reinhard,M4
T004703,N12,Student,Visual Harmony,IMG20260430104352,M0,Reinhard,Right,Reinhard,M0
T004704,N12,Student,Style Authenticity,IMG20260430103435,Reinhard,M4,Right,M4,Reinhard
T004705,N12,Student,Style Authenticity,IMG20260430104113,M0,M1,Left,M0,M1
T004706,N12,Student,Visual Harmony,IMG20260430103656,M4,DDColor,Right,DDColor,M4
T004707,N12,Student,Visual Harmony,IMG20260430104113,M4,Reinhard,Right,Reinhard,M4
T004708,N12,Student,Style Authenticity,IMG20260430102902,Reinhard,DDColor,Left,Reinhard,DDColor
T004709,N12,Student,Visual Harmony,IMG20260430103755,M0,Reinhard,Left,M0,Reinhard
T004710,N12,Student,Style Authenticity,IMG20260430110350,Reinhard,M4,Right,M4,Reinhard
T004711,N12,Student,Visual Harmony,IMG20260430103043,M1,M0,Right,M0,M1
T004712,N12,Student,Style Authenticity,IMG20260430104348,M1,M0,Right,M0,M1
T004713,N12,Student,Visual Harmony,IMG20260430104410,M1,Reinhard,Left,M1,Reinhard
T004714,N12,Student,Visual Harmony,IMG20260430110350,M1,M4,Left,M1,M4
T004715,N12,Student,Style Authenticity,IMG20260430104410,M0,Reinhard,Left,M0,Reinhard
T004716,N12,Student,Visual Harmony,IMG20260430104410,DDColor,M4,Right,M4,DDColor
T004717,N12,Student,Style Authenticity,IMG20260430102902,M4,DDColor,Left,M4,DDColor
T004718,N12,Student,Visual Harmony,IMG20260430110350,M0,Reinhard,Right,Reinhard,M0
T004719,N12,Student,Visual Harmony,IMG20260430104113,Reinhard,DDColor,Left,Reinhard,DDColor
T004720,N12,Student,Visual Harmony,IMG20260430102920,M1,DDColor,Left,M1,DDColor
T004721,N12,Student,Style Authenticity,IMG20260430103113,M1,Reinhard,Right,Reinhard,M1
T004722,N12,Student,Style Authenticity,IMG20260430103043,M1,Reinhard,Right,Reinhard,M1
T004723,N12,Student,Style Authenticity,IMG20260430104352,M1,Reinhard,Right,Reinhard,M1
T004724,N12,Student,Style Authenticity,IMG20260430103043,M4,DDColor,Left,M4,DDColor
T004725,N12,Student,Style Authenticity,IMG20260430104113,DDColor,M4,Right,M4,DDColor
T004726,N12,Student,Style Authenticity,IMG20260430102920,M4,M1,Right,M1,M4
T004727,N12,Student,Style Authenticity,IMG20260430110350,Reinhard,DDColor,Right,DDColor,Reinhard
T004728,N12,Student,Style Authenticity,IMG20260430103435,Reinhard,M0,Right,M0,Reinhard
T004729,N12,Student,Style Authenticity,IMG20260430104348,M4,M1,Left,M4,M1
T004730,N12,Student,Style Authenticity,IMG20260430104348,DDColor,M1,Left,DDColor,M1
T004731,N12,Student,Style Authenticity,IMG20260430104348,Reinhard,M1,Right,M1,Reinhard
T004732,N12,Student,Style Authenticity,IMG20260430103043,M4,M1,Left,M4,M1
T004733,N12,Student,Visual Harmony,IMG20260430104348,DDColor,M0,Left,DDColor,M0
T004734,N12,Student,Visual Harmony,IMG20260430103755,Reinhard,M1,Right,M1,Reinhard
T004735,N12,Student,Visual Harmony,IMG20260430104410,M1,M4,Right,M4,M1
T004736,N12,Student,Visual Harmony,IMG20260430103113,M4,M0,Left,M4,M0
T004737,N12,Student,Style Authenticity,IMG20260430102920,Reinhard,DDColor,Right,DDColor,Reinhard
T004738,N12,Student,Visual Harmony,IMG20260430104352,M4,M0,Left,M4,M0
T004739,N12,Student,Style Authenticity,IMG20260430103656,M0,M4,Right,M4,M0
T004740,N12,Student,Visual Harmony,IMG20260430103043,M0,M4,Right,M4,M0
T004741,N12,Student,Visual Harmony,IMG20260430103435,Reinhard,M1,Right,M1,Reinhard
T004742,N12,Student,Visual Harmony,IMG20260430102920,Reinhard,DDColor,Left,Reinhard,DDColor
T004743,N12,Student,Style Authenticity,IMG20260430103113,Reinhard,DDColor,Left,Reinhard,DDColor
T004744,N12,Student,Visual Harmony,IMG20260430103656,M0,DDColor,Right,DDColor,M0
T004745,N12,Student,Visual Harmony,IMG20260430102902,M0,M4,Right,M4,M0
T004746,N12,Student,Visual Harmony,IMG20260430103435,M4,DDColor,Left,M4,DDColor
T004747,N12,Student,Style Authenticity,IMG20260430104113,Reinhard,DDColor,Right,DDColor,Reinhard
T004748,N12,Student,Visual Harmony,IMG20260430104113,Reinhard,M1,Left,Reinhard,M1
T004749,N12,Student,Visual Harmony,IMG20260430110350,M0,DDColor,Left,M0,DDColor
T004750,N12,Student,Style Authenticity,IMG20260430104410,DDColor,M0,Right,M0,DDColor
T004751,N12,Student,Style Authenticity,IMG20260430104348,M0,Reinhard,Left,M0,Reinhard
T004752,N12,Student,Visual Harmony,IMG20260430104348,M1,Reinhard,Left,M1,Reinhard
T004753,N12,Student,Style Authenticity,IMG20260430103113,Reinhard,M4,Right,M4,Reinhard
T004754,N12,Student,Style Authenticity,IMG20260430110350,M0,M4,Right,M4,M0
T004755,N12,Student,Style Authenticity,IMG20260430102920,Reinhard,M0,Right,M0,Reinhard
T004756,N12,Student,Visual Harmony,IMG20260430103755,M1,DDColor,Left,M1,DDColor
T004757,N12,Student,Visual Harmony,IMG20260430110350,DDColor,M1,Left,DDColor,M1
T004758,N12,Student,Style Authenticity,IMG20260430103656,Reinhard,M0,Right,M0,Reinhard
T004759,N12,Student,Style Authenticity,IMG20260430102920,DDColor,M1,Right,M1,DDColor
T004760,N12,Student,Visual Harmony,IMG20260430104348,Reinhard,DDColor,Left,Reinhard,DDColor
T004761,N12,Student,Visual Harmony,IMG20260430104113,M0,Reinhard,Left,M0,Reinhard
T004762,N12,Student,Visual Harmony,IMG20260430102920,Reinhard,M4,Right,M4,Reinhard
T004763,N12,Student,Visual Harmony,IMG20260430102920,DDColor,M4,Left,DDColor,M4
T004764,N12,Student,Visual Harmony,IMG20260430103113,M1,Reinhard,Right,Reinhard,M1
T004765,N12,Student,Style Authenticity,IMG20260430102920,M0,DDColor,Left,M0,DDColor
T004766,N12,Student,Style Authenticity,IMG20260430104352,DDColor,M4,Right,M4,DDColor
T004767,N12,Student,Style Authenticity,IMG20260430103113,M4,M1,Left,M4,M1
T004768,N12,Student,Style Authenticity,IMG20260430104113,DDColor,M0,Right,M0,DDColor
T004769,N12,Student,Visual Harmony,IMG20260430104352,M4,DDColor,Left,M4,DDColor
T004770,N12,Student,Visual Harmony,IMG20260430103755,M4,M0,Left,M4,M0
T004771,N12,Student,Style Authenticity,IMG20260430103755,DDColor,M4,Right,M4,DDColor
T004772,N12,Student,Visual Harmony,IMG20260430103656,Reinhard,DDColor,Right,DDColor,Reinhard
T004773,N12,Student,Visual Harmony,IMG20260430103113,DDColor,Reinhard,Left,DDColor,Reinhard
T004774,N12,Student,Visual Harmony,IMG20260430103656,M4,M1,Left,M4,M1
T004775,N12,Student,Style Authenticity,IMG20260430104410,M1,M0,Right,M0,M1
T004776,N12,Student,Visual Harmony,IMG20260430104352,M4,Reinhard,Left,M4,Reinhard
T004777,N12,Student,Style Authenticity,IMG20260430102902,M4,M1,Left,M4,M1
T004778,N12,Student,Style Authenticity,IMG20260430104352,M1,M4,Right,M4,M1
T004779,N12,Student,Visual Harmony,IMG20260430104352,DDColor,Reinhard,Left,DDColor,Reinhard
T004780,N12,Student,Visual Harmony,IMG20260430103435,Reinhard,DDColor,Right,DDColor,Reinhard
T004781,N12,Student,Style Authenticity,IMG20260430103113,DDColor,M1,Right,M1,DDColor
T004782,N12,Student,Style Authenticity,IMG20260430110350,DDColor,M4,Right,M4,DDColor
T004783,N12,Student,Visual Harmony,IMG20260430103113,M1,M0,Right,M0,M1
T004784,N12,Student,Visual Harmony,IMG20260430103043,Reinhard,M1,Left,Reinhard,M1
T004785,N12,Student,Style Authenticity,IMG20260430104410,M4,Reinhard,Left,M4,Reinhard
T004786,N12,Student,Style Authenticity,IMG20260430104348,DDColor,M0,Left,DDColor,M0
T004787,N12,Student,Style Authenticity,IMG20260430103043,M4,Reinhard,Left,M4,Reinhard
T004788,N12,Student,Visual Harmony,IMG20260430102902,M0,M1,Right,M1,M0
T004789,N12,Student,Visual Harmony,IMG20260430104352,M1,Reinhard,Left,M1,Reinhard
T004790,N12,Student,Style Authenticity,IMG20260430104410,DDColor,M4,Right,M4,DDColor
T004791,N12,Student,Style Authenticity,IMG20260430104352,DDColor,M1,Left,DDColor,M1
T004792,N12,Student,Visual Harmony,IMG20260430103113,DDColor,M1,Right,M1,DDColor
T004793,N12,Student,Visual Harmony,IMG20260430103043,M1,M4,Right,M4,M1
T004794,N12,Student,Style Authenticity,IMG20260430102902,DDColor,M0,Right,M0,DDColor
T004795,N12,Student,Style Authenticity,IMG20260430102902,Reinhard,M1,Right,M1,Reinhard
T004796,N12,Student,Visual Harmony,IMG20260430104348,M0,Reinhard,Right,Reinhard,M0
T004797,N12,Student,Visual Harmony,IMG20260430102902,Reinhard,M4,Right,M4,Reinhard
T004798,N12,Student,Style Authenticity,IMG20260430103435,M4,M1,Left,M4,M1
T004799,N12,Student,Style Authenticity,IMG20260430102920,M4,M0,Left,M4,M0
T004800,N12,Student,Style Authenticity,IMG20260430104410,Reinhard,M1,Left,Reinhard,M1
